  0
SECTION
  2
HEADER
  9
$ACADVER
  1
AC1009
  9
$INSBASE
 10
0.0
 20
0.0
 30
0.0
  9
$EXTMIN
 10
0.0
 20
0.0
 30
0.0
  9
$EXTMAX
 10
100.0
 20
100.0
 30
0.0
  9
$UNITMODE
 70
0
  9
$AUNITS
 70
0
  9
$ANGBASE
 50
0.0
  9
$ANGDIR
 70
0
  9
$TDCREATE
 40
2461255.3740712143
  9
$TDUPDATE
 40
2461255.3740712143
  0
ENDSEC
  0
SECTION
  2
TABLES
  0
TABLE
  2
LTYPE
 70
19
  0
LTYPE
  2
CONTINUOUS
 70
0
  3
Solid
 72
65
 73
0
 40
0.0
  0
LTYPE
  2
CENTER
 70
0
  3
Center ____ _ ____ _ ____ _ ____ _ ____ _ ____
 72
65
 73
4
 40
2.0
 49
1.25
 49
-0.25
 49
0.25
 49
-0.25
  0
LTYPE
  2
CENTERX2
 70
0
  3
Center (2x) ________  __  ________  __  ________
 72
65
 73
4
 40
3.5
 49
2.5
 49
-0.25
 49
0.5
 49
-0.25
  0
LTYPE
  2
CENTER2
 70
0
  3
Center (.5x) ____ _ ____ _ ____ _ ____ _ ____
 72
65
 73
4
 40
1.0
 49
0.625
 49
-0.125
 49
0.125
 49
-0.125
  0
LTYPE
  2
DASHED
 70
0
  3
Dashed __ __ __ __ __ __ __ __ __ __ __ __ __ _
 72
65
 73
2
 40
0.6
 49
0.5
 49
-0.1
  0
LTYPE
  2
DASHEDX2
 70
0
  3
Dashed (2x) ____  ____  ____  ____  ____  ____
 72
65
 73
2
 40
1.2
 49
1.0
 49
-0.2
  0
LTYPE
  2
DASHED2
 70
0
  3
Dashed (.5x) _ _ _ _ _ _ _ _ _ _ _ _ _ _
 72
65
 73
2
 40
0.3
 49
0.25
 49
-0.05
  0
LTYPE
  2
PHANTOM
 70
0
  3
Phantom ______  __  __  ______  __  __  ______
 72
65
 73
6
 40
2.5
 49
1.25
 49
-0.25
 49
0.25
 49
-0.25
 49
0.25
 49
-0.25
  0
LTYPE
  2
PHANTOMX2
 70
0
  3
Phantom (2x)____________    ____    ____    ____________
 72
65
 73
6
 40
4.25
 49
2.5
 49
-0.25
 49
0.5
 49
-0.25
 49
0.5
 49
-0.25
  0
LTYPE
  2
PHANTOM2
 70
0
  3
Phantom (.5x) ___ _ _ ___ _ _ ___ _ _ ___ _ _ ___
 72
65
 73
6
 40
1.25
 49
0.625
 49
-0.125
 49
0.125
 49
-0.125
 49
0.125
 49
-0.125
  0
LTYPE
  2
DASHDOT
 70
0
  3
Dash dot __ . __ . __ . __ . __ . __ . __ . __
 72
65
 73
4
 40
1.4
 49
1.0
 49
-0.2
 49
0.0
 49
-0.2
  0
LTYPE
  2
DASHDOTX2
 70
0
  3
Dash dot (2x) ____  .  ____  .  ____  .  ____
 72
65
 73
4
 40
2.4
 49
2.0
 49
-0.2
 49
0.0
 49
-0.2
  0
LTYPE
  2
DASHDOT2
 70
0
  3
Dash dot (.5x) _ . _ . _ . _ . _ . _ . _ . _
 72
65
 73
4
 40
0.7
 49
0.5
 49
-0.1
 49
0.0
 49
-0.1
  0
LTYPE
  2
DOT
 70
0
  3
Dot .  .  .  .  .  .  .  .  .  .  .  .  .  .  .  .
 72
65
 73
2
 40
0.2
 49
0.0
 49
-0.2
  0
LTYPE
  2
DOTX2
 70
0
  3
Dot (2x) .    .    .    .    .    .    .    . 
 72
65
 73
2
 40
0.4
 49
0.0
 49
-0.4
  0
LTYPE
  2
DOT2
 70
0
  3
Dot (.5) . . . . . . . . . . . . . . . . . . . 
 72
65
 73
2
 40
0.1
 49
0.0
 49
-0.1
  0
LTYPE
  2
DIVIDE
 70
0
  3
Divide __ . . __ . . __ . . __ . . __ . . __
 72
65
 73
6
 40
1.6
 49
1.0
 49
-0.2
 49
0.0
 49
-0.2
 49
0.0
 49
-0.2
  0
LTYPE
  2
DIVIDEX2
 70
0
  3
Divide (2x) ____  . .  ____  . .  ____  . .  ____
 72
65
 73
6
 40
2.6
 49
2.0
 49
-0.2
 49
0.0
 49
-0.2
 49
0.0
 49
-0.2
  0
LTYPE
  2
DIVIDE2
 70
0
  3
Divide(.5x) _ . _ . _ . _ . _ . _ . _ . _
 72
65
 73
6
 40
0.8
 49
0.5
 49
-0.1
 49
0.0
 49
-0.1
 49
0.0
 49
-0.1
  0
ENDTAB
  0
TABLE
  2
LAYER
 70
5
  0
LAYER
  2
0
 70
0
 62
7
  6
CONTINUOUS
  0
LAYER
  2
VIEWPORTS
 70
0
 62
8
  6
CONTINUOUS
  0
LAYER
  2
BASEMETAL
 70
0
 62
4
  6
CONTINUOUS
  0
LAYER
  2
MARKERS
 70
0
 62
2
  6
CONTINUOUS
  0
LAYER
  2
703/0
 70
0
 62
8
  6
CONTINUOUS
  0
ENDTAB
  0
TABLE
  2
STYLE
 70
12
  0
STYLE
  2
STANDARD
 70
0
 40
0.0
 41
1.0
 42
1.0
 50
0.0
 71
0
  3
arial.ttf
  4

  0
STYLE
  2
ARIAL
 70
0
 40
0.0
 41
1.0
 42
1.0
 50
0.0
 71
0
  3
arial.ttf
  4

  0
STYLE
  2
ARIAL_BOLD
 70
0
 40
0.0
 41
1.0
 42
1.0
 50
0.0
 71
0
  3
arialbd.ttf
  4

  0
STYLE
  2
ARIAL_ITALIC
 70
0
 40
0.0
 41
1.0
 42
1.0
 50
0.0
 71
0
  3
ariali.ttf
  4

  0
STYLE
  2
ARIAL_BOLD_ITALIC
 70
0
 40
0.0
 41
1.0
 42
1.0
 50
0.0
 71
0
  3
arialbi.ttf
  4

  0
STYLE
  2
ARIAL_BLACK
 70
0
 40
0.0
 41
1.0
 42
1.0
 50
0.0
 71
0
  3
ariblk.ttf
  4

  0
STYLE
  2
ISOCPEUR
 70
0
 40
0.0
 41
1.0
 42
1.0
 50
0.0
 71
0
  3
isocpeur.ttf
  4

  0
STYLE
  2
ISOCPEUR_ITALIC
 70
0
 40
0.0
 41
1.0
 42
1.0
 50
0.0
 71
0
  3
isocpeui.ttf
  4

  0
STYLE
  2
TIMES
 70
0
 40
0.0
 41
1.0
 42
1.0
 50
0.0
 71
0
  3
times.ttf
  4

  0
STYLE
  2
TIMES_BOLD
 70
0
 40
0.0
 41
1.0
 42
1.0
 50
0.0
 71
0
  3
timesbd.ttf
  4

  0
STYLE
  2
TIMES_ITALIC
 70
0
 40
0.0
 41
1.0
 42
1.0
 50
0.0
 71
0
  3
timesi.ttf
  4

  0
STYLE
  2
TIMES_BOLD_ITALIC
 70
0
 40
0.0
 41
1.0
 42
1.0
 50
0.0
 71
0
  3
timesbi.ttf
  4

  0
ENDTAB
  0
TABLE
  2
VIEW
 70
0
  0
ENDTAB
  0
TABLE
  2
APPID
 70
1
  0
APPID
  2
DXFWRITE
 70
0
  0
ENDTAB
  0
TABLE
  2
VPORT
 70
1
  0
VPORT
  2
*ACTIVE
 70
0
 10
0.0
 20
0.0
 11
1.0
 21
1.0
 12
0.0
 22
0.0
 13
0.0
 23
0.0
 14
0.1
 24
0.1
 15
0.1
 25
0.1
 16
0.0
 26
0.0
 36
1.0
 17
0.0
 27
0.0
 37
0.0
 42
50.0
 43
0.0
 44
0.0
 40
1.0
 41
80400.0
 50
0.0
 51
0.0
 68
0
 69
0
 71
0
 72
1000
 73
1
 74
0
 75
0
 76
1
 77
0
 78
0
  0
ENDTAB
  0
TABLE
  2
UCS
 70
0
  0
ENDTAB
  0
ENDSEC
  0
SECTION
  2
BLOCKS
  0
BLOCK
  8
0
  2
CHIP_BB
  3
CHIP_BB
 70
0
 10
0.0
 20
0.0
 30
0.0
  0
POLYLINE
 62
256
  8
703/0
 66
1
 10
0.0
 20
0.0
 30
0.0
 70
1
  0
VERTEX
  8
703/0
 10
0.0
 20
0.0
 30
0.0
  0
VERTEX
  8
703/0
 10
6900.0
 20
0.0
 30
0.0
  0
VERTEX
  8
703/0
 10
6900.0
 20
40000.0
 30
0.0
  0
VERTEX
  8
703/0
 10
0.0
 20
40000.0
 30
0.0
  0
SEQEND
  0
POLYLINE
  6
DASHED
 62
256
  8
MARKERS
 66
1
 10
0.0
 20
0.0
 30
0.0
 70
1
  0
VERTEX
  8
MARKERS
 10
1950.0
 20
1500.0
 30
0.0
  0
VERTEX
  8
MARKERS
 10
4950.0
 20
1500.0
 30
0.0
  0
VERTEX
  8
MARKERS
 10
4950.0
 20
6500.0
 30
0.0
  0
VERTEX
  8
MARKERS
 10
1950.0
 20
6500.0
 30
0.0
  0
SEQEND
  0
POLYLINE
 62
256
  8
BASEMETAL
 66
1
 10
0.0
 20
0.0
 30
0.0
 70
1
  0
VERTEX
  8
BASEMETAL
 10
2950.0
 20
35000.0
 30
0.0
  0
VERTEX
  8
BASEMETAL
 10
2950.0
 20
33500.0
 30
0.0
  0
VERTEX
  8
BASEMETAL
 10
3950.0
 20
33500.0
 30
0.0
  0
VERTEX
  8
BASEMETAL
 10
3950.0
 20
35000.0
 30
0.0
  0
SEQEND
  0
SOLID
 62
256
  8
BASEMETAL
 10
2950.0
 20
35000.0
 30
0.0
 11
2950.0
 21
33500.0
 31
0.0
 13
3950.0
 23
33500.0
 33
0.0
 12
3950.0
 22
35000.0
 32
0.0
  0
POLYLINE
 62
256
  8
BASEMETAL
 66
1
 10
0.0
 20
0.0
 30
0.0
 70
1
  0
VERTEX
  8
BASEMETAL
 10
2950.0
 20
33500.0
 30
0.0
  0
VERTEX
  8
BASEMETAL
 10
3415.0
 20
33000.0
 30
0.0
  0
VERTEX
  8
BASEMETAL
 10
3485.0
 20
33000.0
 30
0.0
  0
VERTEX
  8
BASEMETAL
 10
3950.0
 20
33500.0
 30
0.0
  0
SEQEND
  0
SOLID
 62
256
  8
BASEMETAL
 10
2950.0
 20
33500.0
 30
0.0
 11
3415.0
 21
33000.0
 31
0.0
 13
3485.0
 23
33000.0
 33
0.0
 12
3950.0
 22
33500.0
 32
0.0
  0
POLYLINE
 62
256
  8
BASEMETAL
 66
1
 10
0.0
 20
0.0
 30
0.0
 70
1
  0
VERTEX
  8
BASEMETAL
 10
3415.0
 20
33000.0
 30
0.0
  0
VERTEX
  8
BASEMETAL
 10
3415.0
 20
32000.0
 30
0.0
  0
VERTEX
  8
BASEMETAL
 10
3485.0
 20
32000.0
 30
0.0
  0
VERTEX
  8
BASEMETAL
 10
3485.0
 20
33000.0
 30
0.0
  0
SEQEND
  0
SOLID
 62
256
  8
BASEMETAL
 10
3415.0
 20
33000.0
 30
0.0
 11
3415.0
 21
32000.0
 31
0.0
 13
3485.0
 23
32000.0
 33
0.0
 12
3485.0
 22
33000.0
 32
0.0
  0
POLYLINE
 62
256
  8
BASEMETAL
 66
1
 10
0.0
 20
0.0
 30
0.0
 70
1
  0
VERTEX
  8
BASEMETAL
 10
3415.0
 20
32000.0
 30
0.0
  0
VERTEX
  8
BASEMETAL
 10
3415.0
 20
30000.0
 30
0.0
  0
VERTEX
  8
BASEMETAL
 10
3485.0
 20
30000.0
 30
0.0
  0
VERTEX
  8
BASEMETAL
 10
3485.0
 20
32000.0
 30
0.0
  0
SEQEND
  0
SOLID
 62
256
  8
BASEMETAL
 10
3415.0
 20
32000.0
 30
0.0
 11
3415.0
 21
30000.0
 31
0.0
 13
3485.0
 23
30000.0
 33
0.0
 12
3485.0
 22
32000.0
 32
0.0
  0
POLYLINE
 62
256
  8
BASEMETAL
 66
1
 10
0.0
 20
0.0
 30
0.0
 70
1
  0
VERTEX
  8
BASEMETAL
 10
3450.0
 20
29965.0
 30
0.0
  0
VERTEX
  8
BASEMETAL
 10
4650.0
 20
29965.0
 30
0.0
  0
VERTEX
  8
BASEMETAL
 10
4650.0
 20
30035.0
 30
0.0
  0
VERTEX
  8
BASEMETAL
 10
3450.0
 20
30035.0
 30
0.0
  0
SEQEND
  0
SOLID
 62
256
  8
BASEMETAL
 10
3450.0
 20
29965.0
 30
0.0
 11
4650.0
 21
29965.0
 31
0.0
 13
4650.0
 23
30035.0
 33
0.0
 12
3450.0
 22
30035.0
 32
0.0
  0
POLYLINE
 62
256
  8
BASEMETAL
 66
1
 10
0.0
 20
0.0
 30
0.0
 70
1
  0
VERTEX
  8
BASEMETAL
 10
4650.0
 20
30035.0
 30
0.0
  0
VERTEX
  8
BASEMETAL
 10
4663.088474153937
 20
30035.17133751222
 30
0.0
  0
VERTEX
  8
BASEMETAL
 10
4689.229547863923
 20
30036.541333133435
 30
0.0
  0
VERTEX
  8
BASEMETAL
 10
4715.263096110026
 20
30039.277569313093
 30
0.0
  0
VERTEX
  8
BASEMETAL
 10
4741.117762746074
 20
30043.372546218023
 30
0.0
  0
VERTEX
  8
BASEMETAL
 10
4766.722681927953
 20
30048.81503980116
 30
0.0
  0
VERTEX
  8
BASEMETAL
 10
4792.007672351961
 20
30055.590132565903
 30
0.0
  0
VERTEX
  8
BASEMETAL
 10
4816.903429616886
 20
30063.67925445391
 30
0.0
  0
VERTEX
  8
BASEMETAL
 10
4841.341716182545
 20
30073.060233744356
 30
0.0
  0
VERTEX
  8
BASEMETAL
 10
4865.255548404148
 20
30083.70735782507
 30
0.0
  0
VERTEX
  8
BASEMETAL
 10
4888.579380129804
 20
30095.59144366902
 30
0.0
  0
VERTEX
  8
BASEMETAL
 10
4911.249282357974
 20
30108.679917822952
 30
0.0
  0
VERTEX
  8
BASEMETAL
 10
4933.203118462417
 20
30122.936905688992
 30
0.0
  0
VERTEX
  8
BASEMETAL
 10
4954.38071450436
 20
30138.323329854382
 30
0.0
  0
VERTEX
  8
BASEMETAL
 10
4974.724024165092
 20
30154.797017199984
 30
0.0
  0
VERTEX
  8
BASEMETAL
 10
4994.177287846877
 20
30172.312814493856
 30
0.0
  0
VERTEX
  8
BASEMETAL
 10
5012.687185506144
 20
30190.822712153124
 30
0.0
  0
VERTEX
  8
BASEMETAL
 10
5030.202982800016
 20
30210.27597583491
 30
0.0
  0
VERTEX
  8
BASEMETAL
 10
5046.676670145617
 20
30230.61928549564
 30
0.0
  0
VERTEX
  8
BASEMETAL
 10
5062.063094311008
 20
30251.796881537583
 30
0.0
  0
VERTEX
  8
BASEMETAL
 10
5076.320082177046
 20
30273.750717642026
 30
0.0
  0
VERTEX
  8
BASEMETAL
 10
5089.408556330983
 20
30296.420619870194
 30
0.0
  0
VERTEX
  8
BASEMETAL
 10
5101.292642174931
 20
30319.744451595852
 30
0.0
  0
VERTEX
  8
BASEMETAL
 10
5111.939766255643
 20
30343.658283817455
 30
0.0
  0
VERTEX
  8
BASEMETAL
 10
5121.320745546089
 20
30368.096570383113
 30
0.0
  0
VERTEX
  8
BASEMETAL
 10
5129.409867434097
 20
30392.99232764804
 30
0.0
  0
VERTEX
  8
BASEMETAL
 10
5136.184960198838
 20
30418.277318072047
 30
0.0
  0
VERTEX
  8
BASEMETAL
 10
5141.627453781977
 20
30443.882237253925
 30
0.0
  0
VERTEX
  8
BASEMETAL
 10
5145.722430686905
 20
30469.736903889974
 30
0.0
  0
VERTEX
  8
BASEMETAL
 10
5148.458666866564
 20
30495.77045213608
 30
0.0
  0
VERTEX
  8
BASEMETAL
 10
5149.828662487778
 20
30521.911525846062
 30
0.0
  0
VERTEX
  8
BASEMETAL
 10
5150.0
 20
30535.0
 30
0.0
  0
VERTEX
  8
BASEMETAL
 10
5220.0
 20
30535.0
 30
0.0
  0
VERTEX
  8
BASEMETAL
 10
5219.804675236068
 20
30520.079139464513
 30
0.0
  0
VERTEX
  8
BASEMETAL
 10
5218.242880227883
 20
30490.278315435127
 30
0.0
  0
VERTEX
  8
BASEMETAL
 10
5215.123570983072
 20
30460.60007043457
 30
0.0
  0
VERTEX
  8
BASEMETAL
 10
5210.455297311454
 20
30431.125750469477
 30
0.0
  0
VERTEX
  8
BASEMETAL
 10
5204.250854626675
 20
30401.936142602135
 30
0.0
  0
VERTEX
  8
BASEMETAL
 10
5196.52724887487
 20
30373.111253518764
 30
0.0
  0
VERTEX
  8
BASEMETAL
 10
5187.305649922542
 20
30344.73009023675
 30
0.0
  0
VERTEX
  8
BASEMETAL
 10
5176.611333531433
 20
30316.8704435519
 30
0.0
  0
VERTEX
  8
BASEMETAL
 10
5164.4736120794205
 20
30289.608674819272
 30
0.0
  0
VERTEX
  8
BASEMETAL
 10
5150.92575421732
 20
30263.019506652025
 30
0.0
  0
VERTEX
  8
BASEMETAL
 10
5136.004893681833
 20
30237.175818111908
 30
0.0
  0
VERTEX
  8
BASEMETAL
 10
5119.751927514549
 20
30212.148444952847
 30
0.0
  0
VERTEX
  8
BASEMETAL
 10
5102.211403966004
 20
30188.005985465028
 30
0.0
  0
VERTEX
  8
BASEMETAL
 10
5083.431400392017
 20
30164.814612451795
 30
0.0
  0
VERTEX
  8
BASEMETAL
 10
5063.463391477004
 20
30142.63789185456
 30
0.0
  0
VERTEX
  8
BASEMETAL
 10
5042.362108145439
 20
30121.536608522994
 30
0.0
  0
VERTEX
  8
BASEMETAL
 10
5020.185387548205
 20
30101.56859960798
 30
0.0
  0
VERTEX
  8
BASEMETAL
 10
4996.994014534971
 20
30082.788596033995
 30
0.0
  0
VERTEX
  8
BASEMETAL
 10
4972.851555047155
 20
30065.24807248545
 30
0.0
  0
VERTEX
  8
BASEMETAL
 10
4947.824181888091
 20
30048.99510631817
 30
0.0
  0
VERTEX
  8
BASEMETAL
 10
4921.980493347977
 20
30034.07424578268
 30
0.0
  0
VERTEX
  8
BASEMETAL
 10
4895.391325180728
 20
30020.526387920578
 30
0.0
  0
VERTEX
  8
BASEMETAL
 10
4868.1295564481015
 20
30008.388666468567
 30
0.0
  0
VERTEX
  8
BASEMETAL
 10
4840.269909763249
 20
29997.694350077458
 30
0.0
  0
VERTEX
  8
BASEMETAL
 10
4811.888746481236
 20
29988.47275112513
 30
0.0
  0
VERTEX
  8
BASEMETAL
 10
4783.063857397866
 20
29980.749145373324
 30
0.0
  0
VERTEX
  8
BASEMETAL
 10
4753.874249530524
 20
29974.544702688545
 30
0.0
  0
VERTEX
  8
BASEMETAL
 10
4724.399929565429
 20
29969.876429016927
 30
0.0
  0
VERTEX
  8
BASEMETAL
 10
4694.721684564872
 20
29966.757119772115
 30
0.0
  0
VERTEX
  8
BASEMETAL
 10
4664.920860535488
 20
29965.195324763932
 30
0.0
  0
VERTEX
  8
BASEMETAL
 10
4650.0
 20
29965.0
 30
0.0
  0
SEQEND
  0
SOLID
 62
256
  8
BASEMETAL
 10
4650.0
 20
30035.0
 30
0.0
 11
4663.088474153937
 21
30035.17133751222
 31
0.0
 13
4664.920860535488
 23
29965.195324763932
 33
0.0
 12
4650.0
 22
29965.0
 32
0.0
  0
SOLID
 62
256
  8
BASEMETAL
 10
4663.088474153937
 20
30035.17133751222
 30
0.0
 11
4689.229547863923
 21
30036.541333133435
 31
0.0
 13
4694.721684564872
 23
29966.757119772115
 33
0.0
 12
4664.920860535488
 22
29965.195324763932
 32
0.0
  0
SOLID
 62
256
  8
BASEMETAL
 10
4689.229547863923
 20
30036.541333133435
 30
0.0
 11
4715.263096110026
 21
30039.277569313093
 31
0.0
 13
4724.399929565429
 23
29969.876429016927
 33
0.0
 12
4694.721684564872
 22
29966.757119772115
 32
0.0
  0
SOLID
 62
256
  8
BASEMETAL
 10
4715.263096110026
 20
30039.277569313093
 30
0.0
 11
4741.117762746074
 21
30043.372546218023
 31
0.0
 13
4753.874249530524
 23
29974.544702688545
 33
0.0
 12
4724.399929565429
 22
29969.876429016927
 32
0.0
  0
SOLID
 62
256
  8
BASEMETAL
 10
4741.117762746074
 20
30043.372546218023
 30
0.0
 11
4766.722681927953
 21
30048.81503980116
 31
0.0
 13
4783.063857397866
 23
29980.749145373324
 33
0.0
 12
4753.874249530524
 22
29974.544702688545
 32
0.0
  0
SOLID
 62
256
  8
BASEMETAL
 10
4766.722681927953
 20
30048.81503980116
 30
0.0
 11
4792.007672351961
 21
30055.590132565903
 31
0.0
 13
4811.888746481236
 23
29988.47275112513
 33
0.0
 12
4783.063857397866
 22
29980.749145373324
 32
0.0
  0
SOLID
 62
256
  8
BASEMETAL
 10
4792.007672351961
 20
30055.590132565903
 30
0.0
 11
4816.903429616886
 21
30063.67925445391
 31
0.0
 13
4840.269909763249
 23
29997.694350077458
 33
0.0
 12
4811.888746481236
 22
29988.47275112513
 32
0.0
  0
SOLID
 62
256
  8
BASEMETAL
 10
4816.903429616886
 20
30063.67925445391
 30
0.0
 11
4841.341716182545
 21
30073.060233744356
 31
0.0
 13
4868.1295564481015
 23
30008.388666468567
 33
0.0
 12
4840.269909763249
 22
29997.694350077458
 32
0.0
  0
SOLID
 62
256
  8
BASEMETAL
 10
4841.341716182545
 20
30073.060233744356
 30
0.0
 11
4865.255548404148
 21
30083.70735782507
 31
0.0
 13
4895.391325180728
 23
30020.526387920578
 33
0.0
 12
4868.1295564481015
 22
30008.388666468567
 32
0.0
  0
SOLID
 62
256
  8
BASEMETAL
 10
4865.255548404148
 20
30083.70735782507
 30
0.0
 11
4888.579380129804
 21
30095.59144366902
 31
0.0
 13
4921.980493347977
 23
30034.07424578268
 33
0.0
 12
4895.391325180728
 22
30020.526387920578
 32
0.0
  0
SOLID
 62
256
  8
BASEMETAL
 10
4888.579380129804
 20
30095.59144366902
 30
0.0
 11
4911.249282357974
 21
30108.679917822952
 31
0.0
 13
4947.824181888091
 23
30048.99510631817
 33
0.0
 12
4921.980493347977
 22
30034.07424578268
 32
0.0
  0
SOLID
 62
256
  8
BASEMETAL
 10
4911.249282357974
 20
30108.679917822952
 30
0.0
 11
4933.203118462417
 21
30122.936905688992
 31
0.0
 13
4972.851555047155
 23
30065.24807248545
 33
0.0
 12
4947.824181888091
 22
30048.99510631817
 32
0.0
  0
SOLID
 62
256
  8
BASEMETAL
 10
4933.203118462417
 20
30122.936905688992
 30
0.0
 11
4954.38071450436
 21
30138.323329854382
 31
0.0
 13
4996.994014534971
 23
30082.788596033995
 33
0.0
 12
4972.851555047155
 22
30065.24807248545
 32
0.0
  0
SOLID
 62
256
  8
BASEMETAL
 10
4954.38071450436
 20
30138.323329854382
 30
0.0
 11
4974.724024165092
 21
30154.797017199984
 31
0.0
 13
5020.185387548205
 23
30101.56859960798
 33
0.0
 12
4996.994014534971
 22
30082.788596033995
 32
0.0
  0
SOLID
 62
256
  8
BASEMETAL
 10
4974.724024165092
 20
30154.797017199984
 30
0.0
 11
4994.177287846877
 21
30172.312814493856
 31
0.0
 13
5042.362108145439
 23
30121.536608522994
 33
0.0
 12
5020.185387548205
 22
30101.56859960798
 32
0.0
  0
SOLID
 62
256
  8
BASEMETAL
 10
4994.177287846877
 20
30172.312814493856
 30
0.0
 11
5012.687185506144
 21
30190.822712153124
 31
0.0
 13
5063.463391477004
 23
30142.63789185456
 33
0.0
 12
5042.362108145439
 22
30121.536608522994
 32
0.0
  0
SOLID
 62
256
  8
BASEMETAL
 10
5012.687185506144
 20
30190.822712153124
 30
0.0
 11
5030.202982800016
 21
30210.27597583491
 31
0.0
 13
5083.431400392017
 23
30164.814612451795
 33
0.0
 12
5063.463391477004
 22
30142.63789185456
 32
0.0
  0
SOLID
 62
256
  8
BASEMETAL
 10
5030.202982800016
 20
30210.27597583491
 30
0.0
 11
5046.676670145617
 21
30230.61928549564
 31
0.0
 13
5102.211403966004
 23
30188.005985465028
 33
0.0
 12
5083.431400392017
 22
30164.814612451795
 32
0.0
  0
SOLID
 62
256
  8
BASEMETAL
 10
5046.676670145617
 20
30230.61928549564
 30
0.0
 11
5062.063094311008
 21
30251.796881537583
 31
0.0
 13
5119.751927514549
 23
30212.148444952847
 33
0.0
 12
5102.211403966004
 22
30188.005985465028
 32
0.0
  0
SOLID
 62
256
  8
BASEMETAL
 10
5062.063094311008
 20
30251.796881537583
 30
0.0
 11
5076.320082177046
 21
30273.750717642026
 31
0.0
 13
5136.004893681833
 23
30237.175818111908
 33
0.0
 12
5119.751927514549
 22
30212.148444952847
 32
0.0
  0
SOLID
 62
256
  8
BASEMETAL
 10
5076.320082177046
 20
30273.750717642026
 30
0.0
 11
5089.408556330983
 21
30296.420619870194
 31
0.0
 13
5150.92575421732
 23
30263.019506652025
 33
0.0
 12
5136.004893681833
 22
30237.175818111908
 32
0.0
  0
SOLID
 62
256
  8
BASEMETAL
 10
5089.408556330983
 20
30296.420619870194
 30
0.0
 11
5101.292642174931
 21
30319.744451595852
 31
0.0
 13
5164.4736120794205
 23
30289.608674819272
 33
0.0
 12
5150.92575421732
 22
30263.019506652025
 32
0.0
  0
SOLID
 62
256
  8
BASEMETAL
 10
5101.292642174931
 20
30319.744451595852
 30
0.0
 11
5111.939766255643
 21
30343.658283817455
 31
0.0
 13
5176.611333531433
 23
30316.8704435519
 33
0.0
 12
5164.4736120794205
 22
30289.608674819272
 32
0.0
  0
SOLID
 62
256
  8
BASEMETAL
 10
5111.939766255643
 20
30343.658283817455
 30
0.0
 11
5121.320745546089
 21
30368.096570383113
 31
0.0
 13
5187.305649922542
 23
30344.73009023675
 33
0.0
 12
5176.611333531433
 22
30316.8704435519
 32
0.0
  0
SOLID
 62
256
  8
BASEMETAL
 10
5121.320745546089
 20
30368.096570383113
 30
0.0
 11
5129.409867434097
 21
30392.99232764804
 31
0.0
 13
5196.52724887487
 23
30373.111253518764
 33
0.0
 12
5187.305649922542
 22
30344.73009023675
 32
0.0
  0
SOLID
 62
256
  8
BASEMETAL
 10
5129.409867434097
 20
30392.99232764804
 30
0.0
 11
5136.184960198838
 21
30418.277318072047
 31
0.0
 13
5204.250854626675
 23
30401.936142602135
 33
0.0
 12
5196.52724887487
 22
30373.111253518764
 32
0.0
  0
SOLID
 62
256
  8
BASEMETAL
 10
5136.184960198838
 20
30418.277318072047
 30
0.0
 11
5141.627453781977
 21
30443.882237253925
 31
0.0
 13
5210.455297311454
 23
30431.125750469477
 33
0.0
 12
5204.250854626675
 22
30401.936142602135
 32
0.0
  0
SOLID
 62
256
  8
BASEMETAL
 10
5141.627453781977
 20
30443.882237253925
 30
0.0
 11
5145.722430686905
 21
30469.736903889974
 31
0.0
 13
5215.123570983072
 23
30460.60007043457
 33
0.0
 12
5210.455297311454
 22
30431.125750469477
 32
0.0
  0
SOLID
 62
256
  8
BASEMETAL
 10
5145.722430686905
 20
30469.736903889974
 30
0.0
 11
5148.458666866564
 21
30495.77045213608
 31
0.0
 13
5218.242880227883
 23
30490.278315435127
 33
0.0
 12
5215.123570983072
 22
30460.60007043457
 32
0.0
  0
SOLID
 62
256
  8
BASEMETAL
 10
5148.458666866564
 20
30495.77045213608
 30
0.0
 11
5149.828662487778
 21
30521.911525846062
 31
0.0
 13
5219.804675236068
 23
30520.079139464513
 33
0.0
 12
5218.242880227883
 22
30490.278315435127
 32
0.0
  0
SOLID
 62
256
  8
BASEMETAL
 10
5149.828662487778
 20
30521.911525846062
 30
0.0
 11
5150.0
 21
30535.0
 31
0.0
 13
5220.0
 23
30535.0
 33
0.0
 12
5219.804675236068
 22
30520.079139464513
 32
0.0
  0
POLYLINE
 62
256
  8
BASEMETAL
 66
1
 10
0.0
 20
0.0
 30
0.0
 70
1
  0
VERTEX
  8
BASEMETAL
 10
5220.0
 20
30535.0
 30
0.0
  0
VERTEX
  8
BASEMETAL
 10
5220.0
 20
33049.29662754284
 30
0.0
  0
VERTEX
  8
BASEMETAL
 10
5150.0
 20
33049.29662754284
 30
0.0
  0
VERTEX
  8
BASEMETAL
 10
5150.0
 20
30535.0
 30
0.0
  0
SEQEND
  0
SOLID
 62
256
  8
BASEMETAL
 10
5220.0
 20
30535.0
 30
0.0
 11
5220.0
 21
33049.29662754284
 31
0.0
 13
5150.0
 23
33049.29662754284
 33
0.0
 12
5150.0
 22
30535.0
 32
0.0
  0
POLYLINE
 62
256
  8
BASEMETAL
 66
1
 10
0.0
 20
0.0
 30
0.0
 70
1
  0
VERTEX
  8
BASEMETAL
 10
5220.0
 20
33049.29662754284
 30
0.0
  0
VERTEX
  8
BASEMETAL
 10
5220.171337512222
 20
33062.385101696775
 30
0.0
  0
VERTEX
  8
BASEMETAL
 10
5221.541333133436
 20
33088.52617540676
 30
0.0
  0
VERTEX
  8
BASEMETAL
 10
5224.277569313095
 20
33114.55972365286
 30
0.0
  0
VERTEX
  8
BASEMETAL
 10
5228.372546218023
 20
33140.41439028891
 30
0.0
  0
VERTEX
  8
BASEMETAL
 10
5233.815039801162
 20
33166.019309470794
 30
0.0
  0
VERTEX
  8
BASEMETAL
 10
5240.590132565903
 20
33191.3042998948
 30
0.0
  0
VERTEX
  8
BASEMETAL
 10
5248.679254453911
 20
33216.200057159724
 30
0.0
  0
VERTEX
  8
BASEMETAL
 10
5258.060233744357
 20
33240.63834372538
 30
0.0
  0
VERTEX
  8
BASEMETAL
 10
5268.707357825069
 20
33264.552175946985
 30
0.0
  0
VERTEX
  8
BASEMETAL
 10
5280.591443669017
 20
33287.87600767265
 30
0.0
  0
VERTEX
  8
BASEMETAL
 10
5293.679917822954
 20
33310.545909900815
 30
0.0
  0
VERTEX
  8
BASEMETAL
 10
5307.936905688992
 20
33332.499746005255
 30
0.0
  0
VERTEX
  8
BASEMETAL
 10
5323.323329854383
 20
33353.6773420472
 30
0.0
  0
VERTEX
  8
BASEMETAL
 10
5339.797017199984
 20
33374.020651707935
 30
0.0
  0
VERTEX
  8
BASEMETAL
 10
5357.312814493856
 20
33393.47391538972
 30
0.0
  0
VERTEX
  8
BASEMETAL
 10
5375.822712153123
 20
33411.98381304899
 30
0.0
  0
VERTEX
  8
BASEMETAL
 10
5395.275975834908
 20
33429.49961034286
 30
0.0
  0
VERTEX
  8
BASEMETAL
 10
5415.61928549564
 20
33445.973297688455
 30
0.0
  0
VERTEX
  8
BASEMETAL
 10
5436.796881537583
 20
33461.35972185385
 30
0.0
  0
VERTEX
  8
BASEMETAL
 10
5458.750717642026
 20
33475.616709719885
 30
0.0
  0
VERTEX
  8
BASEMETAL
 10
5481.420619870196
 20
33488.705183873826
 30
0.0
  0
VERTEX
  8
BASEMETAL
 10
5504.744451595852
 20
33500.58926971777
 30
0.0
  0
VERTEX
  8
BASEMETAL
 10
5528.658283817455
 20
33511.236393798485
 30
0.0
  0
VERTEX
  8
BASEMETAL
 10
5553.096570383114
 20
33520.61737308893
 30
0.0
  0
VERTEX
  8
BASEMETAL
 10
5577.992327648039
 20
33528.706494976934
 30
0.0
  0
VERTEX
  8
BASEMETAL
 10
5603.277318072047
 20
33535.48158774168
 30
0.0
  0
VERTEX
  8
BASEMETAL
 10
5628.882237253926
 20
33540.92408132482
 30
0.0
  0
VERTEX
  8
BASEMETAL
 10
5654.736903889974
 20
33545.019058229744
 30
0.0
  0
VERTEX
  8
BASEMETAL
 10
5680.770452136077
 20
33547.755294409406
 30
0.0
  0
VERTEX
  8
BASEMETAL
 10
5706.911525846063
 20
33549.12529003062
 30
0.0
  0
VERTEX
  8
BASEMETAL
 10
5733.088474153937
 20
33549.12529003062
 30
0.0
  0
VERTEX
  8
BASEMETAL
 10
5759.229547863923
 20
33547.755294409406
 30
0.0
  0
VERTEX
  8
BASEMETAL
 10
5785.263096110026
 20
33545.019058229744
 30
0.0
  0
VERTEX
  8
BASEMETAL
 10
5811.117762746074
 20
33540.92408132482
 30
0.0
  0
VERTEX
  8
BASEMETAL
 10
5836.722681927953
 20
33535.48158774168
 30
0.0
  0
VERTEX
  8
BASEMETAL
 10
5862.007672351961
 20
33528.706494976934
 30
0.0
  0
VERTEX
  8
BASEMETAL
 10
5886.903429616886
 20
33520.61737308893
 30
0.0
  0
VERTEX
  8
BASEMETAL
 10
5911.341716182545
 20
33511.236393798485
 30
0.0
  0
VERTEX
  8
BASEMETAL
 10
5935.255548404148
 20
33500.58926971777
 30
0.0
  0
VERTEX
  8
BASEMETAL
 10
5958.579380129804
 20
33488.705183873826
 30
0.0
  0
VERTEX
  8
BASEMETAL
 10
5981.249282357974
 20
33475.616709719885
 30
0.0
  0
VERTEX
  8
BASEMETAL
 10
6003.203118462417
 20
33461.35972185385
 30
0.0
  0
VERTEX
  8
BASEMETAL
 10
6024.38071450436
 20
33445.973297688455
 30
0.0
  0
VERTEX
  8
BASEMETAL
 10
6044.724024165092
 20
33429.49961034286
 30
0.0
  0
VERTEX
  8
BASEMETAL
 10
6064.177287846876
 20
33411.98381304899
 30
0.0
  0
VERTEX
  8
BASEMETAL
 10
6082.687185506144
 20
33393.47391538972
 30
0.0
  0
VERTEX
  8
BASEMETAL
 10
6100.202982800016
 20
33374.020651707935
 30
0.0
  0
VERTEX
  8
BASEMETAL
 10
6116.676670145617
 20
33353.6773420472
 30
0.0
  0
VERTEX
  8
BASEMETAL
 10
6132.063094311008
 20
33332.499746005255
 30
0.0
  0
VERTEX
  8
BASEMETAL
 10
6146.320082177046
 20
33310.545909900815
 30
0.0
  0
VERTEX
  8
BASEMETAL
 10
6159.408556330983
 20
33287.87600767265
 30
0.0
  0
VERTEX
  8
BASEMETAL
 10
6171.292642174931
 20
33264.552175946985
 30
0.0
  0
VERTEX
  8
BASEMETAL
 10
6181.939766255643
 20
33240.63834372538
 30
0.0
  0
VERTEX
  8
BASEMETAL
 10
6191.320745546089
 20
33216.200057159724
 30
0.0
  0
VERTEX
  8
BASEMETAL
 10
6199.409867434097
 20
33191.3042998948
 30
0.0
  0
VERTEX
  8
BASEMETAL
 10
6206.184960198838
 20
33166.019309470794
 30
0.0
  0
VERTEX
  8
BASEMETAL
 10
6211.627453781977
 20
33140.41439028891
 30
0.0
  0
VERTEX
  8
BASEMETAL
 10
6215.722430686905
 20
33114.55972365287
 30
0.0
  0
VERTEX
  8
BASEMETAL
 10
6218.458666866564
 20
33088.52617540676
 30
0.0
  0
VERTEX
  8
BASEMETAL
 10
6219.828662487778
 20
33062.385101696775
 30
0.0
  0
VERTEX
  8
BASEMETAL
 10
6220.0
 20
33049.29662754284
 30
0.0
  0
VERTEX
  8
BASEMETAL
 10
6290.0
 20
33049.29662754284
 30
0.0
  0
VERTEX
  8
BASEMETAL
 10
6289.804675236068
 20
33064.21748807833
 30
0.0
  0
VERTEX
  8
BASEMETAL
 10
6288.242880227883
 20
33094.01831210771
 30
0.0
  0
VERTEX
  8
BASEMETAL
 10
6285.123570983072
 20
33123.69655710827
 30
0.0
  0
VERTEX
  8
BASEMETAL
 10
6280.455297311454
 20
33153.17087707337
 30
0.0
  0
VERTEX
  8
BASEMETAL
 10
6274.250854626675
 20
33182.360484940706
 30
0.0
  0
VERTEX
  8
BASEMETAL
 10
6266.527248874871
 20
33211.18537402408
 30
0.0
  0
VERTEX
  8
BASEMETAL
 10
6257.305649922542
 20
33239.56653730609
 30
0.0
  0
VERTEX
  8
BASEMETAL
 10
6246.611333531433
 20
33267.426183990945
 30
0.0
  0
VERTEX
  8
BASEMETAL
 10
6234.4736120794205
 20
33294.68795272357
 30
0.0
  0
VERTEX
  8
BASEMETAL
 10
6220.92575421732
 20
33321.277120890816
 30
0.0
  0
VERTEX
  8
BASEMETAL
 10
6206.004893681833
 20
33347.12080943093
 30
0.0
  0
VERTEX
  8
BASEMETAL
 10
6189.751927514549
 20
33372.14818259
 30
0.0
  0
VERTEX
  8
BASEMETAL
 10
6172.211403966004
 20
33396.29064207781
 30
0.0
  0
VERTEX
  8
BASEMETAL
 10
6153.431400392017
 20
33419.482015091045
 30
0.0
  0
VERTEX
  8
BASEMETAL
 10
6133.463391477004
 20
33441.65873568828
 30
0.0
  0
VERTEX
  8
BASEMETAL
 10
6112.362108145439
 20
33462.76001901984
 30
0.0
  0
VERTEX
  8
BASEMETAL
 10
6090.185387548205
 20
33482.728027934856
 30
0.0
  0
VERTEX
  8
BASEMETAL
 10
6066.994014534971
 20
33501.50803150884
 30
0.0
  0
VERTEX
  8
BASEMETAL
 10
6042.851555047155
 20
33519.04855505739
 30
0.0
  0
VERTEX
  8
BASEMETAL
 10
6017.824181888091
 20
33535.301521224676
 30
0.0
  0
VERTEX
  8
BASEMETAL
 10
5991.980493347977
 20
33550.22238176016
 30
0.0
  0
VERTEX
  8
BASEMETAL
 10
5965.391325180728
 20
33563.77023962226
 30
0.0
  0
VERTEX
  8
BASEMETAL
 10
5938.129556448101
 20
33575.90796107428
 30
0.0
  0
VERTEX
  8
BASEMETAL
 10
5910.269909763249
 20
33586.60227746538
 30
0.0
  0
VERTEX
  8
BASEMETAL
 10
5881.888746481236
 20
33595.82387641771
 30
0.0
  0
VERTEX
  8
BASEMETAL
 10
5853.063857397866
 20
33603.54748216952
 30
0.0
  0
VERTEX
  8
BASEMETAL
 10
5823.874249530524
 20
33609.751924854296
 30
0.0
  0
VERTEX
  8
BASEMETAL
 10
5794.399929565429
 20
33614.42019852591
 30
0.0
  0
VERTEX
  8
BASEMETAL
 10
5764.721684564872
 20
33617.53950777072
 30
0.0
  0
VERTEX
  8
BASEMETAL
 10
5734.920860535488
 20
33619.10130277891
 30
0.0
  0
VERTEX
  8
BASEMETAL
 10
5705.079139464512
 20
33619.10130277891
 30
0.0
  0
VERTEX
  8
BASEMETAL
 10
5675.278315435128
 20
33617.53950777072
 30
0.0
  0
VERTEX
  8
BASEMETAL
 10
5645.600070434571
 20
33614.42019852591
 30
0.0
  0
VERTEX
  8
BASEMETAL
 10
5616.125750469476
 20
33609.751924854296
 30
0.0
  0
VERTEX
  8
BASEMETAL
 10
5586.936142602134
 20
33603.54748216952
 30
0.0
  0
VERTEX
  8
BASEMETAL
 10
5558.111253518764
 20
33595.82387641771
 30
0.0
  0
VERTEX
  8
BASEMETAL
 10
5529.730090236751
 20
33586.60227746538
 30
0.0
  0
VERTEX
  8
BASEMETAL
 10
5501.8704435518985
 20
33575.90796107428
 30
0.0
  0
VERTEX
  8
BASEMETAL
 10
5474.608674819272
 20
33563.77023962226
 30
0.0
  0
VERTEX
  8
BASEMETAL
 10
5448.019506652024
 20
33550.22238176016
 30
0.0
  0
VERTEX
  8
BASEMETAL
 10
5422.175818111909
 20
33535.301521224676
 30
0.0
  0
VERTEX
  8
BASEMETAL
 10
5397.148444952845
 20
33519.04855505739
 30
0.0
  0
VERTEX
  8
BASEMETAL
 10
5373.005985465029
 20
33501.50803150884
 30
0.0
  0
VERTEX
  8
BASEMETAL
 10
5349.814612451795
 20
33482.728027934856
 30
0.0
  0
VERTEX
  8
BASEMETAL
 10
5327.637891854561
 20
33462.76001901984
 30
0.0
  0
VERTEX
  8
BASEMETAL
 10
5306.536608522996
 20
33441.65873568828
 30
0.0
  0
VERTEX
  8
BASEMETAL
 10
5286.568599607983
 20
33419.482015091045
 30
0.0
  0
VERTEX
  8
BASEMETAL
 10
5267.788596033996
 20
33396.29064207781
 30
0.0
  0
VERTEX
  8
BASEMETAL
 10
5250.248072485451
 20
33372.14818259
 30
0.0
  0
VERTEX
  8
BASEMETAL
 10
5233.995106318167
 20
33347.12080943093
 30
0.0
  0
VERTEX
  8
BASEMETAL
 10
5219.07424578268
 20
33321.277120890816
 30
0.0
  0
VERTEX
  8
BASEMETAL
 10
5205.5263879205795
 20
33294.68795272357
 30
0.0
  0
VERTEX
  8
BASEMETAL
 10
5193.388666468567
 20
33267.426183990945
 30
0.0
  0
VERTEX
  8
BASEMETAL
 10
5182.694350077459
 20
33239.56653730609
 30
0.0
  0
VERTEX
  8
BASEMETAL
 10
5173.47275112513
 20
33211.18537402408
 30
0.0
  0
VERTEX
  8
BASEMETAL
 10
5165.749145373325
 20
33182.360484940706
 30
0.0
  0
VERTEX
  8
BASEMETAL
 10
5159.544702688546
 20
33153.17087707337
 30
0.0
  0
VERTEX
  8
BASEMETAL
 10
5154.876429016928
 20
33123.69655710827
 30
0.0
  0
VERTEX
  8
BASEMETAL
 10
5151.757119772117
 20
33094.01831210771
 30
0.0
  0
VERTEX
  8
BASEMETAL
 10
5150.195324763932
 20
33064.21748807833
 30
0.0
  0
VERTEX
  8
BASEMETAL
 10
5150.0
 20
33049.29662754284
 30
0.0
  0
SEQEND
  0
SOLID
 62
256
  8
BASEMETAL
 10
5220.0
 20
33049.29662754284
 30
0.0
 11
5220.171337512222
 21
33062.385101696775
 31
0.0
 13
5150.195324763932
 23
33064.21748807833
 33
0.0
 12
5150.0
 22
33049.29662754284
 32
0.0
  0
SOLID
 62
256
  8
BASEMETAL
 10
5220.171337512222
 20
33062.385101696775
 30
0.0
 11
5221.541333133436
 21
33088.52617540676
 31
0.0
 13
5151.757119772117
 23
33094.01831210771
 33
0.0
 12
5150.195324763932
 22
33064.21748807833
 32
0.0
  0
SOLID
 62
256
  8
BASEMETAL
 10
5221.541333133436
 20
33088.52617540676
 30
0.0
 11
5224.277569313095
 21
33114.55972365286
 31
0.0
 13
5154.876429016928
 23
33123.69655710827
 33
0.0
 12
5151.757119772117
 22
33094.01831210771
 32
0.0
  0
SOLID
 62
256
  8
BASEMETAL
 10
5224.277569313095
 20
33114.55972365286
 30
0.0
 11
5228.372546218023
 21
33140.41439028891
 31
0.0
 13
5159.544702688546
 23
33153.17087707337
 33
0.0
 12
5154.876429016928
 22
33123.69655710827
 32
0.0
  0
SOLID
 62
256
  8
BASEMETAL
 10
5228.372546218023
 20
33140.41439028891
 30
0.0
 11
5233.815039801162
 21
33166.019309470794
 31
0.0
 13
5165.749145373325
 23
33182.360484940706
 33
0.0
 12
5159.544702688546
 22
33153.17087707337
 32
0.0
  0
SOLID
 62
256
  8
BASEMETAL
 10
5233.815039801162
 20
33166.019309470794
 30
0.0
 11
5240.590132565903
 21
33191.3042998948
 31
0.0
 13
5173.47275112513
 23
33211.18537402408
 33
0.0
 12
5165.749145373325
 22
33182.360484940706
 32
0.0
  0
SOLID
 62
256
  8
BASEMETAL
 10
5240.590132565903
 20
33191.3042998948
 30
0.0
 11
5248.679254453911
 21
33216.200057159724
 31
0.0
 13
5182.694350077459
 23
33239.56653730609
 33
0.0
 12
5173.47275112513
 22
33211.18537402408
 32
0.0
  0
SOLID
 62
256
  8
BASEMETAL
 10
5248.679254453911
 20
33216.200057159724
 30
0.0
 11
5258.060233744357
 21
33240.63834372538
 31
0.0
 13
5193.388666468567
 23
33267.426183990945
 33
0.0
 12
5182.694350077459
 22
33239.56653730609
 32
0.0
  0
SOLID
 62
256
  8
BASEMETAL
 10
5258.060233744357
 20
33240.63834372538
 30
0.0
 11
5268.707357825069
 21
33264.552175946985
 31
0.0
 13
5205.5263879205795
 23
33294.68795272357
 33
0.0
 12
5193.388666468567
 22
33267.426183990945
 32
0.0
  0
SOLID
 62
256
  8
BASEMETAL
 10
5268.707357825069
 20
33264.552175946985
 30
0.0
 11
5280.591443669017
 21
33287.87600767265
 31
0.0
 13
5219.07424578268
 23
33321.277120890816
 33
0.0
 12
5205.5263879205795
 22
33294.68795272357
 32
0.0
  0
SOLID
 62
256
  8
BASEMETAL
 10
5280.591443669017
 20
33287.87600767265
 30
0.0
 11
5293.679917822954
 21
33310.545909900815
 31
0.0
 13
5233.995106318167
 23
33347.12080943093
 33
0.0
 12
5219.07424578268
 22
33321.277120890816
 32
0.0
  0
SOLID
 62
256
  8
BASEMETAL
 10
5293.679917822954
 20
33310.545909900815
 30
0.0
 11
5307.936905688992
 21
33332.499746005255
 31
0.0
 13
5250.248072485451
 23
33372.14818259
 33
0.0
 12
5233.995106318167
 22
33347.12080943093
 32
0.0
  0
SOLID
 62
256
  8
BASEMETAL
 10
5307.936905688992
 20
33332.499746005255
 30
0.0
 11
5323.323329854383
 21
33353.6773420472
 31
0.0
 13
5267.788596033996
 23
33396.29064207781
 33
0.0
 12
5250.248072485451
 22
33372.14818259
 32
0.0
  0
SOLID
 62
256
  8
BASEMETAL
 10
5323.323329854383
 20
33353.6773420472
 30
0.0
 11
5339.797017199984
 21
33374.020651707935
 31
0.0
 13
5286.568599607983
 23
33419.482015091045
 33
0.0
 12
5267.788596033996
 22
33396.29064207781
 32
0.0
  0
SOLID
 62
256
  8
BASEMETAL
 10
5339.797017199984
 20
33374.020651707935
 30
0.0
 11
5357.312814493856
 21
33393.47391538972
 31
0.0
 13
5306.536608522996
 23
33441.65873568828
 33
0.0
 12
5286.568599607983
 22
33419.482015091045
 32
0.0
  0
SOLID
 62
256
  8
BASEMETAL
 10
5357.312814493856
 20
33393.47391538972
 30
0.0
 11
5375.822712153123
 21
33411.98381304899
 31
0.0
 13
5327.637891854561
 23
33462.76001901984
 33
0.0
 12
5306.536608522996
 22
33441.65873568828
 32
0.0
  0
SOLID
 62
256
  8
BASEMETAL
 10
5375.822712153123
 20
33411.98381304899
 30
0.0
 11
5395.275975834908
 21
33429.49961034286
 31
0.0
 13
5349.814612451795
 23
33482.728027934856
 33
0.0
 12
5327.637891854561
 22
33462.76001901984
 32
0.0
  0
SOLID
 62
256
  8
BASEMETAL
 10
5395.275975834908
 20
33429.49961034286
 30
0.0
 11
5415.61928549564
 21
33445.973297688455
 31
0.0
 13
5373.005985465029
 23
33501.50803150884
 33
0.0
 12
5349.814612451795
 22
33482.728027934856
 32
0.0
  0
SOLID
 62
256
  8
BASEMETAL
 10
5415.61928549564
 20
33445.973297688455
 30
0.0
 11
5436.796881537583
 21
33461.35972185385
 31
0.0
 13
5397.148444952845
 23
33519.04855505739
 33
0.0
 12
5373.005985465029
 22
33501.50803150884
 32
0.0
  0
SOLID
 62
256
  8
BASEMETAL
 10
5436.796881537583
 20
33461.35972185385
 30
0.0
 11
5458.750717642026
 21
33475.616709719885
 31
0.0
 13
5422.175818111909
 23
33535.301521224676
 33
0.0
 12
5397.148444952845
 22
33519.04855505739
 32
0.0
  0
SOLID
 62
256
  8
BASEMETAL
 10
5458.750717642026
 20
33475.616709719885
 30
0.0
 11
5481.420619870196
 21
33488.705183873826
 31
0.0
 13
5448.019506652024
 23
33550.22238176016
 33
0.0
 12
5422.175818111909
 22
33535.301521224676
 32
0.0
  0
SOLID
 62
256
  8
BASEMETAL
 10
5481.420619870196
 20
33488.705183873826
 30
0.0
 11
5504.744451595852
 21
33500.58926971777
 31
0.0
 13
5474.608674819272
 23
33563.77023962226
 33
0.0
 12
5448.019506652024
 22
33550.22238176016
 32
0.0
  0
SOLID
 62
256
  8
BASEMETAL
 10
5504.744451595852
 20
33500.58926971777
 30
0.0
 11
5528.658283817455
 21
33511.236393798485
 31
0.0
 13
5501.8704435518985
 23
33575.90796107428
 33
0.0
 12
5474.608674819272
 22
33563.77023962226
 32
0.0
  0
SOLID
 62
256
  8
BASEMETAL
 10
5528.658283817455
 20
33511.236393798485
 30
0.0
 11
5553.096570383114
 21
33520.61737308893
 31
0.0
 13
5529.730090236751
 23
33586.60227746538
 33
0.0
 12
5501.8704435518985
 22
33575.90796107428
 32
0.0
  0
SOLID
 62
256
  8
BASEMETAL
 10
5553.096570383114
 20
33520.61737308893
 30
0.0
 11
5577.992327648039
 21
33528.706494976934
 31
0.0
 13
5558.111253518764
 23
33595.82387641771
 33
0.0
 12
5529.730090236751
 22
33586.60227746538
 32
0.0
  0
SOLID
 62
256
  8
BASEMETAL
 10
5577.992327648039
 20
33528.706494976934
 30
0.0
 11
5603.277318072047
 21
33535.48158774168
 31
0.0
 13
5586.936142602134
 23
33603.54748216952
 33
0.0
 12
5558.111253518764
 22
33595.82387641771
 32
0.0
  0
SOLID
 62
256
  8
BASEMETAL
 10
5603.277318072047
 20
33535.48158774168
 30
0.0
 11
5628.882237253926
 21
33540.92408132482
 31
0.0
 13
5616.125750469476
 23
33609.751924854296
 33
0.0
 12
5586.936142602134
 22
33603.54748216952
 32
0.0
  0
SOLID
 62
256
  8
BASEMETAL
 10
5628.882237253926
 20
33540.92408132482
 30
0.0
 11
5654.736903889974
 21
33545.019058229744
 31
0.0
 13
5645.600070434571
 23
33614.42019852591
 33
0.0
 12
5616.125750469476
 22
33609.751924854296
 32
0.0
  0
SOLID
 62
256
  8
BASEMETAL
 10
5654.736903889974
 20
33545.019058229744
 30
0.0
 11
5680.770452136077
 21
33547.755294409406
 31
0.0
 13
5675.278315435128
 23
33617.53950777072
 33
0.0
 12
5645.600070434571
 22
33614.42019852591
 32
0.0
  0
SOLID
 62
256
  8
BASEMETAL
 10
5680.770452136077
 20
33547.755294409406
 30
0.0
 11
5706.911525846063
 21
33549.12529003062
 31
0.0
 13
5705.079139464512
 23
33619.10130277891
 33
0.0
 12
5675.278315435128
 22
33617.53950777072
 32
0.0
  0
SOLID
 62
256
  8
BASEMETAL
 10
5706.911525846063
 20
33549.12529003062
 30
0.0
 11
5733.088474153937
 21
33549.12529003062
 31
0.0
 13
5734.920860535488
 23
33619.10130277891
 33
0.0
 12
5705.079139464512
 22
33619.10130277891
 32
0.0
  0
SOLID
 62
256
  8
BASEMETAL
 10
5733.088474153937
 20
33549.12529003062
 30
0.0
 11
5759.229547863923
 21
33547.755294409406
 31
0.0
 13
5764.721684564872
 23
33617.53950777072
 33
0.0
 12
5734.920860535488
 22
33619.10130277891
 32
0.0
  0
SOLID
 62
256
  8
BASEMETAL
 10
5759.229547863923
 20
33547.755294409406
 30
0.0
 11
5785.263096110026
 21
33545.019058229744
 31
0.0
 13
5794.399929565429
 23
33614.42019852591
 33
0.0
 12
5764.721684564872
 22
33617.53950777072
 32
0.0
  0
SOLID
 62
256
  8
BASEMETAL
 10
5785.263096110026
 20
33545.019058229744
 30
0.0
 11
5811.117762746074
 21
33540.92408132482
 31
0.0
 13
5823.874249530524
 23
33609.751924854296
 33
0.0
 12
5794.399929565429
 22
33614.42019852591
 32
0.0
  0
SOLID
 62
256
  8
BASEMETAL
 10
5811.117762746074
 20
33540.92408132482
 30
0.0
 11
5836.722681927953
 21
33535.48158774168
 31
0.0
 13
5853.063857397866
 23
33603.54748216952
 33
0.0
 12
5823.874249530524
 22
33609.751924854296
 32
0.0
  0
SOLID
 62
256
  8
BASEMETAL
 10
5836.722681927953
 20
33535.48158774168
 30
0.0
 11
5862.007672351961
 21
33528.706494976934
 31
0.0
 13
5881.888746481236
 23
33595.82387641771
 33
0.0
 12
5853.063857397866
 22
33603.54748216952
 32
0.0
  0
SOLID
 62
256
  8
BASEMETAL
 10
5862.007672351961
 20
33528.706494976934
 30
0.0
 11
5886.903429616886
 21
33520.61737308893
 31
0.0
 13
5910.269909763249
 23
33586.60227746538
 33
0.0
 12
5881.888746481236
 22
33595.82387641771
 32
0.0
  0
SOLID
 62
256
  8
BASEMETAL
 10
5886.903429616886
 20
33520.61737308893
 30
0.0
 11
5911.341716182545
 21
33511.236393798485
 31
0.0
 13
5938.129556448101
 23
33575.90796107428
 33
0.0
 12
5910.269909763249
 22
33586.60227746538
 32
0.0
  0
SOLID
 62
256
  8
BASEMETAL
 10
5911.341716182545
 20
33511.236393798485
 30
0.0
 11
5935.255548404148
 21
33500.58926971777
 31
0.0
 13
5965.391325180728
 23
33563.77023962226
 33
0.0
 12
5938.129556448101
 22
33575.90796107428
 32
0.0
  0
SOLID
 62
256
  8
BASEMETAL
 10
5935.255548404148
 20
33500.58926971777
 30
0.0
 11
5958.579380129804
 21
33488.705183873826
 31
0.0
 13
5991.980493347977
 23
33550.22238176016
 33
0.0
 12
5965.391325180728
 22
33563.77023962226
 32
0.0
  0
SOLID
 62
256
  8
BASEMETAL
 10
5958.579380129804
 20
33488.705183873826
 30
0.0
 11
5981.249282357974
 21
33475.616709719885
 31
0.0
 13
6017.824181888091
 23
33535.301521224676
 33
0.0
 12
5991.980493347977
 22
33550.22238176016
 32
0.0
  0
SOLID
 62
256
  8
BASEMETAL
 10
5981.249282357974
 20
33475.616709719885
 30
0.0
 11
6003.203118462417
 21
33461.35972185385
 31
0.0
 13
6042.851555047155
 23
33519.04855505739
 33
0.0
 12
6017.824181888091
 22
33535.301521224676
 32
0.0
  0
SOLID
 62
256
  8
BASEMETAL
 10
6003.203118462417
 20
33461.35972185385
 30
0.0
 11
6024.38071450436
 21
33445.973297688455
 31
0.0
 13
6066.994014534971
 23
33501.50803150884
 33
0.0
 12
6042.851555047155
 22
33519.04855505739
 32
0.0
  0
SOLID
 62
256
  8
BASEMETAL
 10
6024.38071450436
 20
33445.973297688455
 30
0.0
 11
6044.724024165092
 21
33429.49961034286
 31
0.0
 13
6090.185387548205
 23
33482.728027934856
 33
0.0
 12
6066.994014534971
 22
33501.50803150884
 32
0.0
  0
SOLID
 62
256
  8
BASEMETAL
 10
6044.724024165092
 20
33429.49961034286
 30
0.0
 11
6064.177287846876
 21
33411.98381304899
 31
0.0
 13
6112.362108145439
 23
33462.76001901984
 33
0.0
 12
6090.185387548205
 22
33482.728027934856
 32
0.0
  0
SOLID
 62
256
  8
BASEMETAL
 10
6064.177287846876
 20
33411.98381304899
 30
0.0
 11
6082.687185506144
 21
33393.47391538972
 31
0.0
 13
6133.463391477004
 23
33441.65873568828
 33
0.0
 12
6112.362108145439
 22
33462.76001901984
 32
0.0
  0
SOLID
 62
256
  8
BASEMETAL
 10
6082.687185506144
 20
33393.47391538972
 30
0.0
 11
6100.202982800016
 21
33374.020651707935
 31
0.0
 13
6153.431400392017
 23
33419.482015091045
 33
0.0
 12
6133.463391477004
 22
33441.65873568828
 32
0.0
  0
SOLID
 62
256
  8
BASEMETAL
 10
6100.202982800016
 20
33374.020651707935
 30
0.0
 11
6116.676670145617
 21
33353.6773420472
 31
0.0
 13
6172.211403966004
 23
33396.29064207781
 33
0.0
 12
6153.431400392017
 22
33419.482015091045
 32
0.0
  0
SOLID
 62
256
  8
BASEMETAL
 10
6116.676670145617
 20
33353.6773420472
 30
0.0
 11
6132.063094311008
 21
33332.499746005255
 31
0.0
 13
6189.751927514549
 23
33372.14818259
 33
0.0
 12
6172.211403966004
 22
33396.29064207781
 32
0.0
  0
SOLID
 62
256
  8
BASEMETAL
 10
6132.063094311008
 20
33332.499746005255
 30
0.0
 11
6146.320082177046
 21
33310.545909900815
 31
0.0
 13
6206.004893681833
 23
33347.12080943093
 33
0.0
 12
6189.751927514549
 22
33372.14818259
 32
0.0
  0
SOLID
 62
256
  8
BASEMETAL
 10
6146.320082177046
 20
33310.545909900815
 30
0.0
 11
6159.408556330983
 21
33287.87600767265
 31
0.0
 13
6220.92575421732
 23
33321.277120890816
 33
0.0
 12
6206.004893681833
 22
33347.12080943093
 32
0.0
  0
SOLID
 62
256
  8
BASEMETAL
 10
6159.408556330983
 20
33287.87600767265
 30
0.0
 11
6171.292642174931
 21
33264.552175946985
 31
0.0
 13
6234.4736120794205
 23
33294.68795272357
 33
0.0
 12
6220.92575421732
 22
33321.277120890816
 32
0.0
  0
SOLID
 62
256
  8
BASEMETAL
 10
6171.292642174931
 20
33264.552175946985
 30
0.0
 11
6181.939766255643
 21
33240.63834372538
 31
0.0
 13
6246.611333531433
 23
33267.426183990945
 33
0.0
 12
6234.4736120794205
 22
33294.68795272357
 32
0.0
  0
SOLID
 62
256
  8
BASEMETAL
 10
6181.939766255643
 20
33240.63834372538
 30
0.0
 11
6191.320745546089
 21
33216.200057159724
 31
0.0
 13
6257.305649922542
 23
33239.56653730609
 33
0.0
 12
6246.611333531433
 22
33267.426183990945
 32
0.0
  0
SOLID
 62
256
  8
BASEMETAL
 10
6191.320745546089
 20
33216.200057159724
 30
0.0
 11
6199.409867434097
 21
33191.3042998948
 31
0.0
 13
6266.527248874871
 23
33211.18537402408
 33
0.0
 12
6257.305649922542
 22
33239.56653730609
 32
0.0
  0
SOLID
 62
256
  8
BASEMETAL
 10
6199.409867434097
 20
33191.3042998948
 30
0.0
 11
6206.184960198838
 21
33166.019309470794
 31
0.0
 13
6274.250854626675
 23
33182.360484940706
 33
0.0
 12
6266.527248874871
 22
33211.18537402408
 32
0.0
  0
SOLID
 62
256
  8
BASEMETAL
 10
6206.184960198838
 20
33166.019309470794
 30
0.0
 11
6211.627453781977
 21
33140.41439028891
 31
0.0
 13
6280.455297311454
 23
33153.17087707337
 33
0.0
 12
6274.250854626675
 22
33182.360484940706
 32
0.0
  0
SOLID
 62
256
  8
BASEMETAL
 10
6211.627453781977
 20
33140.41439028891
 30
0.0
 11
6215.722430686905
 21
33114.55972365287
 31
0.0
 13
6285.123570983072
 23
33123.69655710827
 33
0.0
 12
6280.455297311454
 22
33153.17087707337
 32
0.0
  0
SOLID
 62
256
  8
BASEMETAL
 10
6215.722430686905
 20
33114.55972365287
 30
0.0
 11
6218.458666866564
 21
33088.52617540676
 31
0.0
 13
6288.242880227883
 23
33094.01831210771
 33
0.0
 12
6285.123570983072
 22
33123.69655710827
 32
0.0
  0
SOLID
 62
256
  8
BASEMETAL
 10
6218.458666866564
 20
33088.52617540676
 30
0.0
 11
6219.828662487778
 21
33062.385101696775
 31
0.0
 13
6289.804675236068
 23
33064.21748807833
 33
0.0
 12
6288.242880227883
 22
33094.01831210771
 32
0.0
  0
SOLID
 62
256
  8
BASEMETAL
 10
6219.828662487778
 20
33062.385101696775
 30
0.0
 11
6220.0
 21
33049.29662754284
 31
0.0
 13
6290.0
 23
33049.29662754284
 33
0.0
 12
6289.804675236068
 22
33064.21748807833
 32
0.0
  0
POLYLINE
 62
256
  8
BASEMETAL
 66
1
 10
0.0
 20
0.0
 30
0.0
 70
1
  0
VERTEX
  8
BASEMETAL
 10
6220.0
 20
33049.29662754284
 30
0.0
  0
VERTEX
  8
BASEMETAL
 10
6220.0
 20
30535.0
 30
0.0
  0
VERTEX
  8
BASEMETAL
 10
6290.0
 20
30535.0
 30
0.0
  0
VERTEX
  8
BASEMETAL
 10
6290.0
 20
33049.29662754284
 30
0.0
  0
SEQEND
  0
SOLID
 62
256
  8
BASEMETAL
 10
6220.0
 20
33049.29662754284
 30
0.0
 11
6220.0
 21
30535.0
 31
0.0
 13
6290.0
 23
30535.0
 33
0.0
 12
6290.0
 22
33049.29662754284
 32
0.0
  0
POLYLINE
 62
256
  8
BASEMETAL
 66
1
 10
0.0
 20
0.0
 30
0.0
 70
1
  0
VERTEX
  8
BASEMETAL
 10
3415.0
 20
30000.0
 30
0.0
  0
VERTEX
  8
BASEMETAL
 10
3415.0
 20
27500.0
 30
0.0
  0
VERTEX
  8
BASEMETAL
 10
3485.0
 20
27500.0
 30
0.0
  0
VERTEX
  8
BASEMETAL
 10
3485.0
 20
30000.0
 30
0.0
  0
SEQEND
  0
SOLID
 62
256
  8
BASEMETAL
 10
3415.0
 20
30000.0
 30
0.0
 11
3415.0
 21
27500.0
 31
0.0
 13
3485.0
 23
27500.0
 33
0.0
 12
3485.0
 22
30000.0
 32
0.0
  0
POLYLINE
 62
256
  8
BASEMETAL
 66
1
 10
0.0
 20
0.0
 30
0.0
 70
1
  0
VERTEX
  8
BASEMETAL
 10
3450.0
 20
27535.0
 30
0.0
  0
VERTEX
  8
BASEMETAL
 10
2450.0
 20
27535.0
 30
0.0
  0
VERTEX
  8
BASEMETAL
 10
2450.0
 20
27465.0
 30
0.0
  0
VERTEX
  8
BASEMETAL
 10
3450.0
 20
27465.0
 30
0.0
  0
SEQEND
  0
SOLID
 62
256
  8
BASEMETAL
 10
3450.0
 20
27535.0
 30
0.0
 11
2450.0
 21
27535.0
 31
0.0
 13
2450.0
 23
27465.0
 33
0.0
 12
3450.0
 22
27465.0
 32
0.0
  0
POLYLINE
 62
256
  8
BASEMETAL
 66
1
 10
0.0
 20
0.0
 30
0.0
 70
1
  0
VERTEX
  8
BASEMETAL
 10
2450.0
 20
27535.0
 30
0.0
  0
VERTEX
  8
BASEMETAL
 10
2444.7646103384254
 20
27535.068535004888
 30
0.0
  0
VERTEX
  8
BASEMETAL
 10
2434.308180854431
 20
27535.616533253375
 30
0.0
  0
VERTEX
  8
BASEMETAL
 10
2423.8947615559896
 20
27536.71102772524
 30
0.0
  0
VERTEX
  8
BASEMETAL
 10
2413.5528949015707
 20
27538.34901848721
 30
0.0
  0
VERTEX
  8
BASEMETAL
 10
2403.310927228819
 20
27540.526015920466
 30
0.0
  0
VERTEX
  8
BASEMETAL
 10
2393.1969310592153
 20
27543.23605302636
 30
0.0
  0
VERTEX
  8
BASEMETAL
 10
2383.238628153246
 20
27546.471701781564
 30
0.0
  0
VERTEX
  8
BASEMETAL
 10
2373.463313526982
 20
27550.22409349774
 30
0.0
  0
VERTEX
  8
BASEMETAL
 10
2363.897780638341
 20
27554.482943130028
 30
0.0
  0
VERTEX
  8
BASEMETAL
 10
2354.5682479480784
 20
27559.236577467607
 30
0.0
  0
VERTEX
  8
BASEMETAL
 10
2345.50028705681
 20
27564.471967129182
 30
0.0
  0
VERTEX
  8
BASEMETAL
 10
2336.7187526150333
 20
27570.174762275597
 30
0.0
  0
VERTEX
  8
BASEMETAL
 10
2328.247714198256
 20
27576.329331941753
 30
0.0
  0
VERTEX
  8
BASEMETAL
 10
2320.110390333963
 20
27582.918806879992
 30
0.0
  0
VERTEX
  8
BASEMETAL
 10
2312.329084861249
 20
27589.92512579754
 30
0.0
  0
VERTEX
  8
BASEMETAL
 10
2304.9251257975425
 20
27597.32908486125
 30
0.0
  0
VERTEX
  8
BASEMETAL
 10
2297.918806879994
 20
27605.110390333964
 30
0.0
  0
VERTEX
  8
BASEMETAL
 10
2291.329331941753
 20
27613.247714198256
 30
0.0
  0
VERTEX
  8
BASEMETAL
 10
2285.174762275597
 20
27621.718752615034
 30
0.0
  0
VERTEX
  8
BASEMETAL
 10
2279.4719671291814
 20
27630.50028705681
 30
0.0
  0
VERTEX
  8
BASEMETAL
 10
2274.236577467607
 20
27639.56824794808
 30
0.0
  0
VERTEX
  8
BASEMETAL
 10
2269.4829431300277
 20
27648.89778063834
 30
0.0
  0
VERTEX
  8
BASEMETAL
 10
2265.2240934977426
 20
27658.463313526983
 30
0.0
  0
VERTEX
  8
BASEMETAL
 10
2261.471701781564
 20
27668.238628153245
 30
0.0
  0
VERTEX
  8
BASEMETAL
 10
2258.2360530263613
 20
27678.196931059214
 30
0.0
  0
VERTEX
  8
BASEMETAL
 10
2255.5260159204645
 20
27688.31092722882
 30
0.0
  0
VERTEX
  8
BASEMETAL
 10
2253.349018487209
 20
27698.55289490157
 30
0.0
  0
VERTEX
  8
BASEMETAL
 10
2251.7110277252377
 20
27708.89476155599
 30
0.0
  0
VERTEX
  8
BASEMETAL
 10
2250.616533253374
 20
27719.30818085443
 30
0.0
  0
VERTEX
  8
BASEMETAL
 10
2250.0685350048884
 20
27729.764610338425
 30
0.0
  0
VERTEX
  8
BASEMETAL
 10
2250.0
 20
27735.0
 30
0.0
  0
VERTEX
  8
BASEMETAL
 10
2180.0
 20
27735.0
 30
0.0
  0
VERTEX
  8
BASEMETAL
 10
2180.0925222565993
 20
27727.932223956876
 30
0.0
  0
VERTEX
  8
BASEMETAL
 10
2180.8323198920552
 20
27713.816044153482
 30
0.0
  0
VERTEX
  8
BASEMETAL
 10
2182.3098874290713
 20
27699.757928100586
 30
0.0
  0
VERTEX
  8
BASEMETAL
 10
2184.521174957732
 20
27685.79640811712
 30
0.0
  0
VERTEX
  8
BASEMETAL
 10
2187.4601214926274
 20
27671.969751758905
 30
0.0
  0
VERTEX
  8
BASEMETAL
 10
2191.118671585588
 20
27658.31585692994
 30
0.0
  0
VERTEX
  8
BASEMETAL
 10
2195.4867974051117
 20
27644.87214800688
 30
0.0
  0
VERTEX
  8
BASEMETAL
 10
2200.5525262219526
 20
27631.675473261424
 30
0.0
  0
VERTEX
  8
BASEMETAL
 10
2206.3019732255375
 20
27618.76200386176
 30
0.0
  0
VERTEX
  8
BASEMETAL
 10
2212.7193795812695
 20
27606.167134729905
 30
0.0
  0
VERTEX
  8
BASEMETAL
 10
2219.787155624395
 20
27593.925387526695
 30
0.0
  0
VERTEX
  8
BASEMETAL
 10
2227.4859290720556
 20
27582.070316030295
 30
0.0
  0
VERTEX
  8
BASEMETAL
 10
2235.7945981213666
 20
27570.634414167645
 30
0.0
  0
VERTEX
  8
BASEMETAL
 10
2244.690389287992
 20
27559.64902695085
 30
0.0
  0
VERTEX
  8
BASEMETAL
 10
2254.1489198266822
 20
27549.144264562685
 30
0.0
  0
VERTEX
  8
BASEMETAL
 10
2264.144264562686
 20
27539.148919826683
 30
0.0
  0
VERTEX
  8
BASEMETAL
 10
2274.6490269508504
 20
27529.690389287993
 30
0.0
  0
VERTEX
  8
BASEMETAL
 10
2285.6344141676454
 20
27520.794598121367
 30
0.0
  0
VERTEX
  8
BASEMETAL
 10
2297.070316030295
 20
27512.485929072056
 30
0.0
  0
VERTEX
  8
BASEMETAL
 10
2308.9253875266936
 20
27504.787155624395
 30
0.0
  0
VERTEX
  8
BASEMETAL
 10
2321.1671347299057
 20
27497.71937958127
 30
0.0
  0
VERTEX
  8
BASEMETAL
 10
2333.76200386176
 20
27491.301973225538
 30
0.0
  0
VERTEX
  8
BASEMETAL
 10
2346.675473261426
 20
27485.552526221953
 30
0.0
  0
VERTEX
  8
BASEMETAL
 10
2359.8721480068816
 20
27480.486797405112
 30
0.0
  0
VERTEX
  8
BASEMETAL
 10
2373.3158569299408
 20
27476.118671585587
 30
0.0
  0
VERTEX
  8
BASEMETAL
 10
2386.9697517589057
 20
27472.460121492626
 30
0.0
  0
VERTEX
  8
BASEMETAL
 10
2400.7964081171203
 20
27469.521174957732
 30
0.0
  0
VERTEX
  8
BASEMETAL
 10
2414.757928100586
 20
27467.30988742907
 30
0.0
  0
VERTEX
  8
BASEMETAL
 10
2428.816044153482
 20
27465.832319892055
 30
0.0
  0
VERTEX
  8
BASEMETAL
 10
2442.932223956874
 20
27465.0925222566
 30
0.0
  0
VERTEX
  8
BASEMETAL
 10
2450.0
 20
27465.0
 30
0.0
  0
SEQEND
  0
SOLID
 62
256
  8
BASEMETAL
 10
2450.0
 20
27535.0
 30
0.0
 11
2444.7646103384254
 21
27535.068535004888
 31
0.0
 13
2442.932223956874
 23
27465.0925222566
 33
0.0
 12
2450.0
 22
27465.0
 32
0.0
  0
SOLID
 62
256
  8
BASEMETAL
 10
2444.7646103384254
 20
27535.068535004888
 30
0.0
 11
2434.308180854431
 21
27535.616533253375
 31
0.0
 13
2428.816044153482
 23
27465.832319892055
 33
0.0
 12
2442.932223956874
 22
27465.0925222566
 32
0.0
  0
SOLID
 62
256
  8
BASEMETAL
 10
2434.308180854431
 20
27535.616533253375
 30
0.0
 11
2423.8947615559896
 21
27536.71102772524
 31
0.0
 13
2414.757928100586
 23
27467.30988742907
 33
0.0
 12
2428.816044153482
 22
27465.832319892055
 32
0.0
  0
SOLID
 62
256
  8
BASEMETAL
 10
2423.8947615559896
 20
27536.71102772524
 30
0.0
 11
2413.5528949015707
 21
27538.34901848721
 31
0.0
 13
2400.7964081171203
 23
27469.521174957732
 33
0.0
 12
2414.757928100586
 22
27467.30988742907
 32
0.0
  0
SOLID
 62
256
  8
BASEMETAL
 10
2413.5528949015707
 20
27538.34901848721
 30
0.0
 11
2403.310927228819
 21
27540.526015920466
 31
0.0
 13
2386.9697517589057
 23
27472.460121492626
 33
0.0
 12
2400.7964081171203
 22
27469.521174957732
 32
0.0
  0
SOLID
 62
256
  8
BASEMETAL
 10
2403.310927228819
 20
27540.526015920466
 30
0.0
 11
2393.1969310592153
 21
27543.23605302636
 31
0.0
 13
2373.3158569299408
 23
27476.118671585587
 33
0.0
 12
2386.9697517589057
 22
27472.460121492626
 32
0.0
  0
SOLID
 62
256
  8
BASEMETAL
 10
2393.1969310592153
 20
27543.23605302636
 30
0.0
 11
2383.238628153246
 21
27546.471701781564
 31
0.0
 13
2359.8721480068816
 23
27480.486797405112
 33
0.0
 12
2373.3158569299408
 22
27476.118671585587
 32
0.0
  0
SOLID
 62
256
  8
BASEMETAL
 10
2383.238628153246
 20
27546.471701781564
 30
0.0
 11
2373.463313526982
 21
27550.22409349774
 31
0.0
 13
2346.675473261426
 23
27485.552526221953
 33
0.0
 12
2359.8721480068816
 22
27480.486797405112
 32
0.0
  0
SOLID
 62
256
  8
BASEMETAL
 10
2373.463313526982
 20
27550.22409349774
 30
0.0
 11
2363.897780638341
 21
27554.482943130028
 31
0.0
 13
2333.76200386176
 23
27491.301973225538
 33
0.0
 12
2346.675473261426
 22
27485.552526221953
 32
0.0
  0
SOLID
 62
256
  8
BASEMETAL
 10
2363.897780638341
 20
27554.482943130028
 30
0.0
 11
2354.5682479480784
 21
27559.236577467607
 31
0.0
 13
2321.1671347299057
 23
27497.71937958127
 33
0.0
 12
2333.76200386176
 22
27491.301973225538
 32
0.0
  0
SOLID
 62
256
  8
BASEMETAL
 10
2354.5682479480784
 20
27559.236577467607
 30
0.0
 11
2345.50028705681
 21
27564.471967129182
 31
0.0
 13
2308.9253875266936
 23
27504.787155624395
 33
0.0
 12
2321.1671347299057
 22
27497.71937958127
 32
0.0
  0
SOLID
 62
256
  8
BASEMETAL
 10
2345.50028705681
 20
27564.471967129182
 30
0.0
 11
2336.7187526150333
 21
27570.174762275597
 31
0.0
 13
2297.070316030295
 23
27512.485929072056
 33
0.0
 12
2308.9253875266936
 22
27504.787155624395
 32
0.0
  0
SOLID
 62
256
  8
BASEMETAL
 10
2336.7187526150333
 20
27570.174762275597
 30
0.0
 11
2328.247714198256
 21
27576.329331941753
 31
0.0
 13
2285.6344141676454
 23
27520.794598121367
 33
0.0
 12
2297.070316030295
 22
27512.485929072056
 32
0.0
  0
SOLID
 62
256
  8
BASEMETAL
 10
2328.247714198256
 20
27576.329331941753
 30
0.0
 11
2320.110390333963
 21
27582.918806879992
 31
0.0
 13
2274.6490269508504
 23
27529.690389287993
 33
0.0
 12
2285.6344141676454
 22
27520.794598121367
 32
0.0
  0
SOLID
 62
256
  8
BASEMETAL
 10
2320.110390333963
 20
27582.918806879992
 30
0.0
 11
2312.329084861249
 21
27589.92512579754
 31
0.0
 13
2264.144264562686
 23
27539.148919826683
 33
0.0
 12
2274.6490269508504
 22
27529.690389287993
 32
0.0
  0
SOLID
 62
256
  8
BASEMETAL
 10
2312.329084861249
 20
27589.92512579754
 30
0.0
 11
2304.9251257975425
 21
27597.32908486125
 31
0.0
 13
2254.1489198266822
 23
27549.144264562685
 33
0.0
 12
2264.144264562686
 22
27539.148919826683
 32
0.0
  0
SOLID
 62
256
  8
BASEMETAL
 10
2304.9251257975425
 20
27597.32908486125
 30
0.0
 11
2297.918806879994
 21
27605.110390333964
 31
0.0
 13
2244.690389287992
 23
27559.64902695085
 33
0.0
 12
2254.1489198266822
 22
27549.144264562685
 32
0.0
  0
SOLID
 62
256
  8
BASEMETAL
 10
2297.918806879994
 20
27605.110390333964
 30
0.0
 11
2291.329331941753
 21
27613.247714198256
 31
0.0
 13
2235.7945981213666
 23
27570.634414167645
 33
0.0
 12
2244.690389287992
 22
27559.64902695085
 32
0.0
  0
SOLID
 62
256
  8
BASEMETAL
 10
2291.329331941753
 20
27613.247714198256
 30
0.0
 11
2285.174762275597
 21
27621.718752615034
 31
0.0
 13
2227.4859290720556
 23
27582.070316030295
 33
0.0
 12
2235.7945981213666
 22
27570.634414167645
 32
0.0
  0
SOLID
 62
256
  8
BASEMETAL
 10
2285.174762275597
 20
27621.718752615034
 30
0.0
 11
2279.4719671291814
 21
27630.50028705681
 31
0.0
 13
2219.787155624395
 23
27593.925387526695
 33
0.0
 12
2227.4859290720556
 22
27582.070316030295
 32
0.0
  0
SOLID
 62
256
  8
BASEMETAL
 10
2279.4719671291814
 20
27630.50028705681
 30
0.0
 11
2274.236577467607
 21
27639.56824794808
 31
0.0
 13
2212.7193795812695
 23
27606.167134729905
 33
0.0
 12
2219.787155624395
 22
27593.925387526695
 32
0.0
  0
SOLID
 62
256
  8
BASEMETAL
 10
2274.236577467607
 20
27639.56824794808
 30
0.0
 11
2269.4829431300277
 21
27648.89778063834
 31
0.0
 13
2206.3019732255375
 23
27618.76200386176
 33
0.0
 12
2212.7193795812695
 22
27606.167134729905
 32
0.0
  0
SOLID
 62
256
  8
BASEMETAL
 10
2269.4829431300277
 20
27648.89778063834
 30
0.0
 11
2265.2240934977426
 21
27658.463313526983
 31
0.0
 13
2200.5525262219526
 23
27631.675473261424
 33
0.0
 12
2206.3019732255375
 22
27618.76200386176
 32
0.0
  0
SOLID
 62
256
  8
BASEMETAL
 10
2265.2240934977426
 20
27658.463313526983
 30
0.0
 11
2261.471701781564
 21
27668.238628153245
 31
0.0
 13
2195.4867974051117
 23
27644.87214800688
 33
0.0
 12
2200.5525262219526
 22
27631.675473261424
 32
0.0
  0
SOLID
 62
256
  8
BASEMETAL
 10
2261.471701781564
 20
27668.238628153245
 30
0.0
 11
2258.2360530263613
 21
27678.196931059214
 31
0.0
 13
2191.118671585588
 23
27658.31585692994
 33
0.0
 12
2195.4867974051117
 22
27644.87214800688
 32
0.0
  0
SOLID
 62
256
  8
BASEMETAL
 10
2258.2360530263613
 20
27678.196931059214
 30
0.0
 11
2255.5260159204645
 21
27688.31092722882
 31
0.0
 13
2187.4601214926274
 23
27671.969751758905
 33
0.0
 12
2191.118671585588
 22
27658.31585692994
 32
0.0
  0
SOLID
 62
256
  8
BASEMETAL
 10
2255.5260159204645
 20
27688.31092722882
 30
0.0
 11
2253.349018487209
 21
27698.55289490157
 31
0.0
 13
2184.521174957732
 23
27685.79640811712
 33
0.0
 12
2187.4601214926274
 22
27671.969751758905
 32
0.0
  0
SOLID
 62
256
  8
BASEMETAL
 10
2253.349018487209
 20
27698.55289490157
 30
0.0
 11
2251.7110277252377
 21
27708.89476155599
 31
0.0
 13
2182.3098874290713
 23
27699.757928100586
 33
0.0
 12
2184.521174957732
 22
27685.79640811712
 32
0.0
  0
SOLID
 62
256
  8
BASEMETAL
 10
2251.7110277252377
 20
27708.89476155599
 30
0.0
 11
2250.616533253374
 21
27719.30818085443
 31
0.0
 13
2180.8323198920552
 23
27713.816044153482
 33
0.0
 12
2182.3098874290713
 22
27699.757928100586
 32
0.0
  0
SOLID
 62
256
  8
BASEMETAL
 10
2250.616533253374
 20
27719.30818085443
 30
0.0
 11
2250.0685350048884
 21
27729.764610338425
 31
0.0
 13
2180.0925222565993
 23
27727.932223956876
 33
0.0
 12
2180.8323198920552
 22
27713.816044153482
 32
0.0
  0
SOLID
 62
256
  8
BASEMETAL
 10
2250.0685350048884
 20
27729.764610338425
 30
0.0
 11
2250.0
 21
27735.0
 31
0.0
 13
2180.0
 23
27735.0
 33
0.0
 12
2180.0925222565993
 22
27727.932223956876
 32
0.0
  0
POLYLINE
 62
256
  8
BASEMETAL
 66
1
 10
0.0
 20
0.0
 30
0.0
 70
1
  0
VERTEX
  8
BASEMETAL
 10
2250.0
 20
27735.0
 30
0.0
  0
VERTEX
  8
BASEMETAL
 10
2249.9999999999995
 20
30045.135699418886
 30
0.0
  0
VERTEX
  8
BASEMETAL
 10
2179.9999999999995
 20
30045.135699418886
 30
0.0
  0
VERTEX
  8
BASEMETAL
 10
2180.0
 20
27735.0
 30
0.0
  0
SEQEND
  0
SOLID
 62
256
  8
BASEMETAL
 10
2250.0
 20
27735.0
 30
0.0
 11
2249.9999999999995
 21
30045.135699418886
 31
0.0
 13
2179.9999999999995
 23
30045.135699418886
 33
0.0
 12
2180.0
 22
27735.0
 32
0.0
  0
POLYLINE
 62
256
  8
BASEMETAL
 66
1
 10
0.0
 20
0.0
 30
0.0
 70
1
  0
VERTEX
  8
BASEMETAL
 10
2179.9999999999995
 20
30045.135699418886
 30
0.0
  0
VERTEX
  8
BASEMETAL
 10
2179.931464995111
 20
30050.37108908046
 30
0.0
  0
VERTEX
  8
BASEMETAL
 10
2179.3834667466253
 20
30060.827518564456
 30
0.0
  0
VERTEX
  8
BASEMETAL
 10
2178.288972274762
 20
30071.240937862898
 30
0.0
  0
VERTEX
  8
BASEMETAL
 10
2176.6509815127906
 20
30081.582804517315
 30
0.0
  0
VERTEX
  8
BASEMETAL
 10
2174.473984079535
 20
30091.824772190066
 30
0.0
  0
VERTEX
  8
BASEMETAL
 10
2171.763946973638
 20
30101.938768359672
 30
0.0
  0
VERTEX
  8
BASEMETAL
 10
2168.5282982184353
 20
30111.89707126564
 30
0.0
  0
VERTEX
  8
BASEMETAL
 10
2164.775906502257
 20
30121.672385891903
 30
0.0
  0
VERTEX
  8
BASEMETAL
 10
2160.517056869972
 20
30131.237918780545
 30
0.0
  0
VERTEX
  8
BASEMETAL
 10
2155.7634225323927
 20
30140.567451470808
 30
0.0
  0
VERTEX
  8
BASEMETAL
 10
2150.528032870818
 20
30149.635412362077
 30
0.0
  0
VERTEX
  8
BASEMETAL
 10
2144.8252377244025
 20
30158.416946803853
 30
0.0
  0
VERTEX
  8
BASEMETAL
 10
2138.6706680582465
 20
30166.88798522063
 30
0.0
  0
VERTEX
  8
BASEMETAL
 10
2132.0811931200055
 20
30175.025309084922
 30
0.0
  0
VERTEX
  8
BASEMETAL
 10
2125.074874202457
 20
30182.806614557638
 30
0.0
  0
VERTEX
  8
BASEMETAL
 10
2117.6709151387504
 20
30190.210573621345
 30
0.0
  0
VERTEX
  8
BASEMETAL
 10
2109.8896096660364
 20
30197.216892538894
 30
0.0
  0
VERTEX
  8
BASEMETAL
 10
2101.7522858017437
 20
30203.806367477133
 30
0.0
  0
VERTEX
  8
BASEMETAL
 10
2093.2812473849663
 20
30209.96093714329
 30
0.0
  0
VERTEX
  8
BASEMETAL
 10
2084.4997129431895
 20
30215.663732289704
 30
0.0
  0
VERTEX
  8
BASEMETAL
 10
2075.431752051921
 20
30220.89912195128
 30
0.0
  0
VERTEX
  8
BASEMETAL
 10
2066.1022193616586
 20
30225.65275628886
 30
0.0
  0
VERTEX
  8
BASEMETAL
 10
2056.5366864730177
 20
30229.911605921145
 30
0.0
  0
VERTEX
  8
BASEMETAL
 10
2046.7613718467537
 20
30233.663997637323
 30
0.0
  0
VERTEX
  8
BASEMETAL
 10
2036.803068940784
 20
30236.899646392525
 30
0.0
  0
VERTEX
  8
BASEMETAL
 10
2026.6890727711807
 20
30239.60968349842
 30
0.0
  0
VERTEX
  8
BASEMETAL
 10
2016.4471050984291
 20
30241.786680931677
 30
0.0
  0
VERTEX
  8
BASEMETAL
 10
2006.10523844401
 20
30243.424671693647
 30
0.0
  0
VERTEX
  8
BASEMETAL
 10
1995.6918191455686
 20
30244.51916616551
 30
0.0
  0
VERTEX
  8
BASEMETAL
 10
1985.2353896615741
 20
30245.067164414
 30
0.0
  0
VERTEX
  8
BASEMETAL
 10
1974.764610338425
 20
30245.067164414
 30
0.0
  0
VERTEX
  8
BASEMETAL
 10
1964.3081808544305
 20
30244.51916616551
 30
0.0
  0
VERTEX
  8
BASEMETAL
 10
1953.8947615559891
 20
30243.424671693647
 30
0.0
  0
VERTEX
  8
BASEMETAL
 10
1943.55289490157
 20
30241.786680931677
 30
0.0
  0
VERTEX
  8
BASEMETAL
 10
1933.3109272288184
 20
30239.60968349842
 30
0.0
  0
VERTEX
  8
BASEMETAL
 10
1923.1969310592149
 20
30236.899646392525
 30
0.0
  0
VERTEX
  8
BASEMETAL
 10
1913.2386281532454
 20
30233.663997637323
 30
0.0
  0
VERTEX
  8
BASEMETAL
 10
1903.4633135269814
 20
30229.911605921145
 30
0.0
  0
VERTEX
  8
BASEMETAL
 10
1893.8977806383405
 20
30225.65275628886
 30
0.0
  0
VERTEX
  8
BASEMETAL
 10
1884.568247948078
 20
30220.89912195128
 30
0.0
  0
VERTEX
  8
BASEMETAL
 10
1875.5002870568096
 20
30215.663732289704
 30
0.0
  0
VERTEX
  8
BASEMETAL
 10
1866.718752615033
 20
30209.96093714329
 30
0.0
  0
VERTEX
  8
BASEMETAL
 10
1858.2477141982554
 20
30203.806367477133
 30
0.0
  0
VERTEX
  8
BASEMETAL
 10
1850.1103903339629
 20
30197.216892538894
 30
0.0
  0
VERTEX
  8
BASEMETAL
 10
1842.3290848612487
 20
30190.210573621345
 30
0.0
  0
VERTEX
  8
BASEMETAL
 10
1834.925125797542
 20
30182.806614557638
 30
0.0
  0
VERTEX
  8
BASEMETAL
 10
1827.9188068799933
 20
30175.025309084922
 30
0.0
  0
VERTEX
  8
BASEMETAL
 10
1821.3293319417526
 20
30166.88798522063
 30
0.0
  0
VERTEX
  8
BASEMETAL
 10
1815.1747622755965
 20
30158.416946803853
 30
0.0
  0
VERTEX
  8
BASEMETAL
 10
1809.4719671291812
 20
30149.635412362077
 30
0.0
  0
VERTEX
  8
BASEMETAL
 10
1804.2365774676064
 20
30140.567451470808
 30
0.0
  0
VERTEX
  8
BASEMETAL
 10
1799.4829431300275
 20
30131.237918780545
 30
0.0
  0
VERTEX
  8
BASEMETAL
 10
1795.2240934977422
 20
30121.672385891903
 30
0.0
  0
VERTEX
  8
BASEMETAL
 10
1791.4717017815638
 20
30111.89707126564
 30
0.0
  0
VERTEX
  8
BASEMETAL
 10
1788.2360530263609
 20
30101.938768359672
 30
0.0
  0
VERTEX
  8
BASEMETAL
 10
1785.5260159204643
 20
30091.824772190066
 30
0.0
  0
VERTEX
  8
BASEMETAL
 10
1783.3490184872087
 20
30081.582804517315
 30
0.0
  0
VERTEX
  8
BASEMETAL
 10
1781.7110277252375
 20
30071.240937862898
 30
0.0
  0
VERTEX
  8
BASEMETAL
 10
1780.616533253374
 20
30060.827518564456
 30
0.0
  0
VERTEX
  8
BASEMETAL
 10
1780.068535004888
 20
30050.37108908046
 30
0.0
  0
VERTEX
  8
BASEMETAL
 10
1779.9999999999995
 20
30045.135699418886
 30
0.0
  0
VERTEX
  8
BASEMETAL
 10
1709.9999999999995
 20
30045.135699418886
 30
0.0
  0
VERTEX
  8
BASEMETAL
 10
1710.092522256599
 20
30052.20347546201
 30
0.0
  0
VERTEX
  8
BASEMETAL
 10
1710.832319892055
 20
30066.319655265404
 30
0.0
  0
VERTEX
  8
BASEMETAL
 10
1712.3098874290708
 20
30080.3777713183
 30
0.0
  0
VERTEX
  8
BASEMETAL
 10
1714.5211749577318
 20
30094.339291301767
 30
0.0
  0
VERTEX
  8
BASEMETAL
 10
1717.460121492627
 20
30108.16594765998
 30
0.0
  0
VERTEX
  8
BASEMETAL
 10
1721.1186715855874
 20
30121.819842488945
 30
0.0
  0
VERTEX
  8
BASEMETAL
 10
1725.4867974051112
 20
30135.263551412005
 30
0.0
  0
VERTEX
  8
BASEMETAL
 10
1730.5525262219521
 20
30148.460226157462
 30
0.0
  0
VERTEX
  8
BASEMETAL
 10
1736.301973225537
 20
30161.373695557126
 30
0.0
  0
VERTEX
  8
BASEMETAL
 10
1742.7193795812689
 20
30173.96856468898
 30
0.0
  0
VERTEX
  8
BASEMETAL
 10
1749.7871556243947
 20
30186.21031189219
 30
0.0
  0
VERTEX
  8
BASEMETAL
 10
1757.4859290720553
 20
30198.06538338859
 30
0.0
  0
VERTEX
  8
BASEMETAL
 10
1765.794598121366
 20
30209.50128525124
 30
0.0
  0
VERTEX
  8
BASEMETAL
 10
1774.6903892879911
 20
30220.486672468036
 30
0.0
  0
VERTEX
  8
BASEMETAL
 10
1784.1489198266818
 20
30230.9914348562
 30
0.0
  0
VERTEX
  8
BASEMETAL
 10
1794.144264562686
 20
30240.986779592204
 30
0.0
  0
VERTEX
  8
BASEMETAL
 10
1804.64902695085
 20
30250.445310130894
 30
0.0
  0
VERTEX
  8
BASEMETAL
 10
1815.634414167645
 20
30259.34110129752
 30
0.0
  0
VERTEX
  8
BASEMETAL
 10
1827.0703160302946
 20
30267.64977034683
 30
0.0
  0
VERTEX
  8
BASEMETAL
 10
1838.9253875266934
 20
30275.34854379449
 30
0.0
  0
VERTEX
  8
BASEMETAL
 10
1851.1671347299052
 20
30282.416319837615
 30
0.0
  0
VERTEX
  8
BASEMETAL
 10
1863.76200386176
 20
30288.83372619335
 30
0.0
  0
VERTEX
  8
BASEMETAL
 10
1876.6754732614254
 20
30294.583173196934
 30
0.0
  0
VERTEX
  8
BASEMETAL
 10
1889.8721480068814
 20
30299.648902013774
 30
0.0
  0
VERTEX
  8
BASEMETAL
 10
1903.3158569299403
 20
30304.0170278333
 30
0.0
  0
VERTEX
  8
BASEMETAL
 10
1916.969751758905
 20
30307.67557792626
 30
0.0
  0
VERTEX
  8
BASEMETAL
 10
1930.7964081171197
 20
30310.614524461154
 30
0.0
  0
VERTEX
  8
BASEMETAL
 10
1944.7579281005856
 20
30312.825811989816
 30
0.0
  0
VERTEX
  8
BASEMETAL
 10
1958.8160441534815
 20
30314.30337952683
 30
0.0
  0
VERTEX
  8
BASEMETAL
 10
1972.9322239568737
 20
30315.043177162286
 30
0.0
  0
VERTEX
  8
BASEMETAL
 10
1987.0677760431251
 20
30315.043177162286
 30
0.0
  0
VERTEX
  8
BASEMETAL
 10
2001.1839558465176
 20
30314.30337952683
 30
0.0
  0
VERTEX
  8
BASEMETAL
 10
2015.2420718994133
 20
30312.825811989816
 30
0.0
  0
VERTEX
  8
BASEMETAL
 10
2029.2035918828792
 20
30310.614524461154
 30
0.0
  0
VERTEX
  8
BASEMETAL
 10
2043.030248241094
 20
30307.67557792626
 30
0.0
  0
VERTEX
  8
BASEMETAL
 10
2056.684143070059
 20
30304.0170278333
 30
0.0
  0
VERTEX
  8
BASEMETAL
 10
2070.1278519931175
 20
30299.648902013774
 30
0.0
  0
VERTEX
  8
BASEMETAL
 10
2083.3245267385737
 20
30294.583173196934
 30
0.0
  0
VERTEX
  8
BASEMETAL
 10
2096.237996138239
 20
30288.83372619335
 30
0.0
  0
VERTEX
  8
BASEMETAL
 10
2108.832865270094
 20
30282.416319837615
 30
0.0
  0
VERTEX
  8
BASEMETAL
 10
2121.074612473306
 20
30275.34854379449
 30
0.0
  0
VERTEX
  8
BASEMETAL
 10
2132.9296839697045
 20
30267.64977034683
 30
0.0
  0
VERTEX
  8
BASEMETAL
 10
2144.365585832354
 20
30259.34110129752
 30
0.0
  0
VERTEX
  8
BASEMETAL
 10
2155.350973049149
 20
30250.445310130894
 30
0.0
  0
VERTEX
  8
BASEMETAL
 10
2165.855735437313
 20
30240.986779592204
 30
0.0
  0
VERTEX
  8
BASEMETAL
 10
2175.8510801733173
 20
30230.9914348562
 30
0.0
  0
VERTEX
  8
BASEMETAL
 10
2185.3096107120077
 20
30220.486672468036
 30
0.0
  0
VERTEX
  8
BASEMETAL
 10
2194.205401878633
 20
30209.50128525124
 30
0.0
  0
VERTEX
  8
BASEMETAL
 10
2202.5140709279435
 20
30198.06538338859
 30
0.0
  0
VERTEX
  8
BASEMETAL
 10
2210.2128443756046
 20
30186.21031189219
 30
0.0
  0
VERTEX
  8
BASEMETAL
 10
2217.28062041873
 20
30173.96856468898
 30
0.0
  0
VERTEX
  8
BASEMETAL
 10
2223.698026774462
 20
30161.373695557126
 30
0.0
  0
VERTEX
  8
BASEMETAL
 10
2229.447473778047
 20
30148.460226157462
 30
0.0
  0
VERTEX
  8
BASEMETAL
 10
2234.513202594888
 20
30135.263551412005
 30
0.0
  0
VERTEX
  8
BASEMETAL
 10
2238.8813284144117
 20
30121.819842488945
 30
0.0
  0
VERTEX
  8
BASEMETAL
 10
2242.539878507372
 20
30108.16594765998
 30
0.0
  0
VERTEX
  8
BASEMETAL
 10
2245.478825042267
 20
30094.339291301767
 30
0.0
  0
VERTEX
  8
BASEMETAL
 10
2247.6901125709282
 20
30080.3777713183
 30
0.0
  0
VERTEX
  8
BASEMETAL
 10
2249.167680107944
 20
30066.319655265404
 30
0.0
  0
VERTEX
  8
BASEMETAL
 10
2249.9074777434
 20
30052.20347546201
 30
0.0
  0
VERTEX
  8
BASEMETAL
 10
2249.9999999999995
 20
30045.135699418886
 30
0.0
  0
SEQEND
  0
SOLID
 62
256
  8
BASEMETAL
 10
2179.9999999999995
 20
30045.135699418886
 30
0.0
 11
2179.931464995111
 21
30050.37108908046
 31
0.0
 13
2249.9074777434
 23
30052.20347546201
 33
0.0
 12
2249.9999999999995
 22
30045.135699418886
 32
0.0
  0
SOLID
 62
256
  8
BASEMETAL
 10
2179.931464995111
 20
30050.37108908046
 30
0.0
 11
2179.3834667466253
 21
30060.827518564456
 31
0.0
 13
2249.167680107944
 23
30066.319655265404
 33
0.0
 12
2249.9074777434
 22
30052.20347546201
 32
0.0
  0
SOLID
 62
256
  8
BASEMETAL
 10
2179.3834667466253
 20
30060.827518564456
 30
0.0
 11
2178.288972274762
 21
30071.240937862898
 31
0.0
 13
2247.6901125709282
 23
30080.3777713183
 33
0.0
 12
2249.167680107944
 22
30066.319655265404
 32
0.0
  0
SOLID
 62
256
  8
BASEMETAL
 10
2178.288972274762
 20
30071.240937862898
 30
0.0
 11
2176.6509815127906
 21
30081.582804517315
 31
0.0
 13
2245.478825042267
 23
30094.339291301767
 33
0.0
 12
2247.6901125709282
 22
30080.3777713183
 32
0.0
  0
SOLID
 62
256
  8
BASEMETAL
 10
2176.6509815127906
 20
30081.582804517315
 30
0.0
 11
2174.473984079535
 21
30091.824772190066
 31
0.0
 13
2242.539878507372
 23
30108.16594765998
 33
0.0
 12
2245.478825042267
 22
30094.339291301767
 32
0.0
  0
SOLID
 62
256
  8
BASEMETAL
 10
2174.473984079535
 20
30091.824772190066
 30
0.0
 11
2171.763946973638
 21
30101.938768359672
 31
0.0
 13
2238.8813284144117
 23
30121.819842488945
 33
0.0
 12
2242.539878507372
 22
30108.16594765998
 32
0.0
  0
SOLID
 62
256
  8
BASEMETAL
 10
2171.763946973638
 20
30101.938768359672
 30
0.0
 11
2168.5282982184353
 21
30111.89707126564
 31
0.0
 13
2234.513202594888
 23
30135.263551412005
 33
0.0
 12
2238.8813284144117
 22
30121.819842488945
 32
0.0
  0
SOLID
 62
256
  8
BASEMETAL
 10
2168.5282982184353
 20
30111.89707126564
 30
0.0
 11
2164.775906502257
 21
30121.672385891903
 31
0.0
 13
2229.447473778047
 23
30148.460226157462
 33
0.0
 12
2234.513202594888
 22
30135.263551412005
 32
0.0
  0
SOLID
 62
256
  8
BASEMETAL
 10
2164.775906502257
 20
30121.672385891903
 30
0.0
 11
2160.517056869972
 21
30131.237918780545
 31
0.0
 13
2223.698026774462
 23
30161.373695557126
 33
0.0
 12
2229.447473778047
 22
30148.460226157462
 32
0.0
  0
SOLID
 62
256
  8
BASEMETAL
 10
2160.517056869972
 20
30131.237918780545
 30
0.0
 11
2155.7634225323927
 21
30140.567451470808
 31
0.0
 13
2217.28062041873
 23
30173.96856468898
 33
0.0
 12
2223.698026774462
 22
30161.373695557126
 32
0.0
  0
SOLID
 62
256
  8
BASEMETAL
 10
2155.7634225323927
 20
30140.567451470808
 30
0.0
 11
2150.528032870818
 21
30149.635412362077
 31
0.0
 13
2210.2128443756046
 23
30186.21031189219
 33
0.0
 12
2217.28062041873
 22
30173.96856468898
 32
0.0
  0
SOLID
 62
256
  8
BASEMETAL
 10
2150.528032870818
 20
30149.635412362077
 30
0.0
 11
2144.8252377244025
 21
30158.416946803853
 31
0.0
 13
2202.5140709279435
 23
30198.06538338859
 33
0.0
 12
2210.2128443756046
 22
30186.21031189219
 32
0.0
  0
SOLID
 62
256
  8
BASEMETAL
 10
2144.8252377244025
 20
30158.416946803853
 30
0.0
 11
2138.6706680582465
 21
30166.88798522063
 31
0.0
 13
2194.205401878633
 23
30209.50128525124
 33
0.0
 12
2202.5140709279435
 22
30198.06538338859
 32
0.0
  0
SOLID
 62
256
  8
BASEMETAL
 10
2138.6706680582465
 20
30166.88798522063
 30
0.0
 11
2132.0811931200055
 21
30175.025309084922
 31
0.0
 13
2185.3096107120077
 23
30220.486672468036
 33
0.0
 12
2194.205401878633
 22
30209.50128525124
 32
0.0
  0
SOLID
 62
256
  8
BASEMETAL
 10
2132.0811931200055
 20
30175.025309084922
 30
0.0
 11
2125.074874202457
 21
30182.806614557638
 31
0.0
 13
2175.8510801733173
 23
30230.9914348562
 33
0.0
 12
2185.3096107120077
 22
30220.486672468036
 32
0.0
  0
SOLID
 62
256
  8
BASEMETAL
 10
2125.074874202457
 20
30182.806614557638
 30
0.0
 11
2117.6709151387504
 21
30190.210573621345
 31
0.0
 13
2165.855735437313
 23
30240.986779592204
 33
0.0
 12
2175.8510801733173
 22
30230.9914348562
 32
0.0
  0
SOLID
 62
256
  8
BASEMETAL
 10
2117.6709151387504
 20
30190.210573621345
 30
0.0
 11
2109.8896096660364
 21
30197.216892538894
 31
0.0
 13
2155.350973049149
 23
30250.445310130894
 33
0.0
 12
2165.855735437313
 22
30240.986779592204
 32
0.0
  0
SOLID
 62
256
  8
BASEMETAL
 10
2109.8896096660364
 20
30197.216892538894
 30
0.0
 11
2101.7522858017437
 21
30203.806367477133
 31
0.0
 13
2144.365585832354
 23
30259.34110129752
 33
0.0
 12
2155.350973049149
 22
30250.445310130894
 32
0.0
  0
SOLID
 62
256
  8
BASEMETAL
 10
2101.7522858017437
 20
30203.806367477133
 30
0.0
 11
2093.2812473849663
 21
30209.96093714329
 31
0.0
 13
2132.9296839697045
 23
30267.64977034683
 33
0.0
 12
2144.365585832354
 22
30259.34110129752
 32
0.0
  0
SOLID
 62
256
  8
BASEMETAL
 10
2093.2812473849663
 20
30209.96093714329
 30
0.0
 11
2084.4997129431895
 21
30215.663732289704
 31
0.0
 13
2121.074612473306
 23
30275.34854379449
 33
0.0
 12
2132.9296839697045
 22
30267.64977034683
 32
0.0
  0
SOLID
 62
256
  8
BASEMETAL
 10
2084.4997129431895
 20
30215.663732289704
 30
0.0
 11
2075.431752051921
 21
30220.89912195128
 31
0.0
 13
2108.832865270094
 23
30282.416319837615
 33
0.0
 12
2121.074612473306
 22
30275.34854379449
 32
0.0
  0
SOLID
 62
256
  8
BASEMETAL
 10
2075.431752051921
 20
30220.89912195128
 30
0.0
 11
2066.1022193616586
 21
30225.65275628886
 31
0.0
 13
2096.237996138239
 23
30288.83372619335
 33
0.0
 12
2108.832865270094
 22
30282.416319837615
 32
0.0
  0
SOLID
 62
256
  8
BASEMETAL
 10
2066.1022193616586
 20
30225.65275628886
 30
0.0
 11
2056.5366864730177
 21
30229.911605921145
 31
0.0
 13
2083.3245267385737
 23
30294.583173196934
 33
0.0
 12
2096.237996138239
 22
30288.83372619335
 32
0.0
  0
SOLID
 62
256
  8
BASEMETAL
 10
2056.5366864730177
 20
30229.911605921145
 30
0.0
 11
2046.7613718467537
 21
30233.663997637323
 31
0.0
 13
2070.1278519931175
 23
30299.648902013774
 33
0.0
 12
2083.3245267385737
 22
30294.583173196934
 32
0.0
  0
SOLID
 62
256
  8
BASEMETAL
 10
2046.7613718467537
 20
30233.663997637323
 30
0.0
 11
2036.803068940784
 21
30236.899646392525
 31
0.0
 13
2056.684143070059
 23
30304.0170278333
 33
0.0
 12
2070.1278519931175
 22
30299.648902013774
 32
0.0
  0
SOLID
 62
256
  8
BASEMETAL
 10
2036.803068940784
 20
30236.899646392525
 30
0.0
 11
2026.6890727711807
 21
30239.60968349842
 31
0.0
 13
2043.030248241094
 23
30307.67557792626
 33
0.0
 12
2056.684143070059
 22
30304.0170278333
 32
0.0
  0
SOLID
 62
256
  8
BASEMETAL
 10
2026.6890727711807
 20
30239.60968349842
 30
0.0
 11
2016.4471050984291
 21
30241.786680931677
 31
0.0
 13
2029.2035918828792
 23
30310.614524461154
 33
0.0
 12
2043.030248241094
 22
30307.67557792626
 32
0.0
  0
SOLID
 62
256
  8
BASEMETAL
 10
2016.4471050984291
 20
30241.786680931677
 30
0.0
 11
2006.10523844401
 21
30243.424671693647
 31
0.0
 13
2015.2420718994133
 23
30312.825811989816
 33
0.0
 12
2029.2035918828792
 22
30310.614524461154
 32
0.0
  0
SOLID
 62
256
  8
BASEMETAL
 10
2006.10523844401
 20
30243.424671693647
 30
0.0
 11
1995.6918191455686
 21
30244.51916616551
 31
0.0
 13
2001.1839558465176
 23
30314.30337952683
 33
0.0
 12
2015.2420718994133
 22
30312.825811989816
 32
0.0
  0
SOLID
 62
256
  8
BASEMETAL
 10
1995.6918191455686
 20
30244.51916616551
 30
0.0
 11
1985.2353896615741
 21
30245.067164414
 31
0.0
 13
1987.0677760431251
 23
30315.043177162286
 33
0.0
 12
2001.1839558465176
 22
30314.30337952683
 32
0.0
  0
SOLID
 62
256
  8
BASEMETAL
 10
1985.2353896615741
 20
30245.067164414
 30
0.0
 11
1974.764610338425
 21
30245.067164414
 31
0.0
 13
1972.9322239568737
 23
30315.043177162286
 33
0.0
 12
1987.0677760431251
 22
30315.043177162286
 32
0.0
  0
SOLID
 62
256
  8
BASEMETAL
 10
1974.764610338425
 20
30245.067164414
 30
0.0
 11
1964.3081808544305
 21
30244.51916616551
 31
0.0
 13
1958.8160441534815
 23
30314.30337952683
 33
0.0
 12
1972.9322239568737
 22
30315.043177162286
 32
0.0
  0
SOLID
 62
256
  8
BASEMETAL
 10
1964.3081808544305
 20
30244.51916616551
 30
0.0
 11
1953.8947615559891
 21
30243.424671693647
 31
0.0
 13
1944.7579281005856
 23
30312.825811989816
 33
0.0
 12
1958.8160441534815
 22
30314.30337952683
 32
0.0
  0
SOLID
 62
256
  8
BASEMETAL
 10
1953.8947615559891
 20
30243.424671693647
 30
0.0
 11
1943.55289490157
 21
30241.786680931677
 31
0.0
 13
1930.7964081171197
 23
30310.614524461154
 33
0.0
 12
1944.7579281005856
 22
30312.825811989816
 32
0.0
  0
SOLID
 62
256
  8
BASEMETAL
 10
1943.55289490157
 20
30241.786680931677
 30
0.0
 11
1933.3109272288184
 21
30239.60968349842
 31
0.0
 13
1916.969751758905
 23
30307.67557792626
 33
0.0
 12
1930.7964081171197
 22
30310.614524461154
 32
0.0
  0
SOLID
 62
256
  8
BASEMETAL
 10
1933.3109272288184
 20
30239.60968349842
 30
0.0
 11
1923.1969310592149
 21
30236.899646392525
 31
0.0
 13
1903.3158569299403
 23
30304.0170278333
 33
0.0
 12
1916.969751758905
 22
30307.67557792626
 32
0.0
  0
SOLID
 62
256
  8
BASEMETAL
 10
1923.1969310592149
 20
30236.899646392525
 30
0.0
 11
1913.2386281532454
 21
30233.663997637323
 31
0.0
 13
1889.8721480068814
 23
30299.648902013774
 33
0.0
 12
1903.3158569299403
 22
30304.0170278333
 32
0.0
  0
SOLID
 62
256
  8
BASEMETAL
 10
1913.2386281532454
 20
30233.663997637323
 30
0.0
 11
1903.4633135269814
 21
30229.911605921145
 31
0.0
 13
1876.6754732614254
 23
30294.583173196934
 33
0.0
 12
1889.8721480068814
 22
30299.648902013774
 32
0.0
  0
SOLID
 62
256
  8
BASEMETAL
 10
1903.4633135269814
 20
30229.911605921145
 30
0.0
 11
1893.8977806383405
 21
30225.65275628886
 31
0.0
 13
1863.76200386176
 23
30288.83372619335
 33
0.0
 12
1876.6754732614254
 22
30294.583173196934
 32
0.0
  0
SOLID
 62
256
  8
BASEMETAL
 10
1893.8977806383405
 20
30225.65275628886
 30
0.0
 11
1884.568247948078
 21
30220.89912195128
 31
0.0
 13
1851.1671347299052
 23
30282.416319837615
 33
0.0
 12
1863.76200386176
 22
30288.83372619335
 32
0.0
  0
SOLID
 62
256
  8
BASEMETAL
 10
1884.568247948078
 20
30220.89912195128
 30
0.0
 11
1875.5002870568096
 21
30215.663732289704
 31
0.0
 13
1838.9253875266934
 23
30275.34854379449
 33
0.0
 12
1851.1671347299052
 22
30282.416319837615
 32
0.0
  0
SOLID
 62
256
  8
BASEMETAL
 10
1875.5002870568096
 20
30215.663732289704
 30
0.0
 11
1866.718752615033
 21
30209.96093714329
 31
0.0
 13
1827.0703160302946
 23
30267.64977034683
 33
0.0
 12
1838.9253875266934
 22
30275.34854379449
 32
0.0
  0
SOLID
 62
256
  8
BASEMETAL
 10
1866.718752615033
 20
30209.96093714329
 30
0.0
 11
1858.2477141982554
 21
30203.806367477133
 31
0.0
 13
1815.634414167645
 23
30259.34110129752
 33
0.0
 12
1827.0703160302946
 22
30267.64977034683
 32
0.0
  0
SOLID
 62
256
  8
BASEMETAL
 10
1858.2477141982554
 20
30203.806367477133
 30
0.0
 11
1850.1103903339629
 21
30197.216892538894
 31
0.0
 13
1804.64902695085
 23
30250.445310130894
 33
0.0
 12
1815.634414167645
 22
30259.34110129752
 32
0.0
  0
SOLID
 62
256
  8
BASEMETAL
 10
1850.1103903339629
 20
30197.216892538894
 30
0.0
 11
1842.3290848612487
 21
30190.210573621345
 31
0.0
 13
1794.144264562686
 23
30240.986779592204
 33
0.0
 12
1804.64902695085
 22
30250.445310130894
 32
0.0
  0
SOLID
 62
256
  8
BASEMETAL
 10
1842.3290848612487
 20
30190.210573621345
 30
0.0
 11
1834.925125797542
 21
30182.806614557638
 31
0.0
 13
1784.1489198266818
 23
30230.9914348562
 33
0.0
 12
1794.144264562686
 22
30240.986779592204
 32
0.0
  0
SOLID
 62
256
  8
BASEMETAL
 10
1834.925125797542
 20
30182.806614557638
 30
0.0
 11
1827.9188068799933
 21
30175.025309084922
 31
0.0
 13
1774.6903892879911
 23
30220.486672468036
 33
0.0
 12
1784.1489198266818
 22
30230.9914348562
 32
0.0
  0
SOLID
 62
256
  8
BASEMETAL
 10
1827.9188068799933
 20
30175.025309084922
 30
0.0
 11
1821.3293319417526
 21
30166.88798522063
 31
0.0
 13
1765.794598121366
 23
30209.50128525124
 33
0.0
 12
1774.6903892879911
 22
30220.486672468036
 32
0.0
  0
SOLID
 62
256
  8
BASEMETAL
 10
1821.3293319417526
 20
30166.88798522063
 30
0.0
 11
1815.1747622755965
 21
30158.416946803853
 31
0.0
 13
1757.4859290720553
 23
30198.06538338859
 33
0.0
 12
1765.794598121366
 22
30209.50128525124
 32
0.0
  0
SOLID
 62
256
  8
BASEMETAL
 10
1815.1747622755965
 20
30158.416946803853
 30
0.0
 11
1809.4719671291812
 21
30149.635412362077
 31
0.0
 13
1749.7871556243947
 23
30186.21031189219
 33
0.0
 12
1757.4859290720553
 22
30198.06538338859
 32
0.0
  0
SOLID
 62
256
  8
BASEMETAL
 10
1809.4719671291812
 20
30149.635412362077
 30
0.0
 11
1804.2365774676064
 21
30140.567451470808
 31
0.0
 13
1742.7193795812689
 23
30173.96856468898
 33
0.0
 12
1749.7871556243947
 22
30186.21031189219
 32
0.0
  0
SOLID
 62
256
  8
BASEMETAL
 10
1804.2365774676064
 20
30140.567451470808
 30
0.0
 11
1799.4829431300275
 21
30131.237918780545
 31
0.0
 13
1736.301973225537
 23
30161.373695557126
 33
0.0
 12
1742.7193795812689
 22
30173.96856468898
 32
0.0
  0
SOLID
 62
256
  8
BASEMETAL
 10
1799.4829431300275
 20
30131.237918780545
 30
0.0
 11
1795.2240934977422
 21
30121.672385891903
 31
0.0
 13
1730.5525262219521
 23
30148.460226157462
 33
0.0
 12
1736.301973225537
 22
30161.373695557126
 32
0.0
  0
SOLID
 62
256
  8
BASEMETAL
 10
1795.2240934977422
 20
30121.672385891903
 30
0.0
 11
1791.4717017815638
 21
30111.89707126564
 31
0.0
 13
1725.4867974051112
 23
30135.263551412005
 33
0.0
 12
1730.5525262219521
 22
30148.460226157462
 32
0.0
  0
SOLID
 62
256
  8
BASEMETAL
 10
1791.4717017815638
 20
30111.89707126564
 30
0.0
 11
1788.2360530263609
 21
30101.938768359672
 31
0.0
 13
1721.1186715855874
 23
30121.819842488945
 33
0.0
 12
1725.4867974051112
 22
30135.263551412005
 32
0.0
  0
SOLID
 62
256
  8
BASEMETAL
 10
1788.2360530263609
 20
30101.938768359672
 30
0.0
 11
1785.5260159204643
 21
30091.824772190066
 31
0.0
 13
1717.460121492627
 23
30108.16594765998
 33
0.0
 12
1721.1186715855874
 22
30121.819842488945
 32
0.0
  0
SOLID
 62
256
  8
BASEMETAL
 10
1785.5260159204643
 20
30091.824772190066
 30
0.0
 11
1783.3490184872087
 21
30081.582804517315
 31
0.0
 13
1714.5211749577318
 23
30094.339291301767
 33
0.0
 12
1717.460121492627
 22
30108.16594765998
 32
0.0
  0
SOLID
 62
256
  8
BASEMETAL
 10
1783.3490184872087
 20
30081.582804517315
 30
0.0
 11
1781.7110277252375
 21
30071.240937862898
 31
0.0
 13
1712.3098874290708
 23
30080.3777713183
 33
0.0
 12
1714.5211749577318
 22
30094.339291301767
 32
0.0
  0
SOLID
 62
256
  8
BASEMETAL
 10
1781.7110277252375
 20
30071.240937862898
 30
0.0
 11
1780.616533253374
 21
30060.827518564456
 31
0.0
 13
1710.832319892055
 23
30066.319655265404
 33
0.0
 12
1712.3098874290708
 22
30080.3777713183
 32
0.0
  0
SOLID
 62
256
  8
BASEMETAL
 10
1780.616533253374
 20
30060.827518564456
 30
0.0
 11
1780.068535004888
 21
30050.37108908046
 31
0.0
 13
1710.092522256599
 23
30052.20347546201
 33
0.0
 12
1710.832319892055
 22
30066.319655265404
 32
0.0
  0
SOLID
 62
256
  8
BASEMETAL
 10
1780.068535004888
 20
30050.37108908046
 30
0.0
 11
1779.9999999999995
 21
30045.135699418886
 31
0.0
 13
1709.9999999999995
 23
30045.135699418886
 33
0.0
 12
1710.092522256599
 22
30052.20347546201
 32
0.0
  0
POLYLINE
 62
256
  8
BASEMETAL
 66
1
 10
0.0
 20
0.0
 30
0.0
 70
1
  0
VERTEX
  8
BASEMETAL
 10
1709.9999999999995
 20
30045.135699418886
 30
0.0
  0
VERTEX
  8
BASEMETAL
 10
1709.9999999999998
 20
27735.0
 30
0.0
  0
VERTEX
  8
BASEMETAL
 10
1779.9999999999998
 20
27735.0
 30
0.0
  0
VERTEX
  8
BASEMETAL
 10
1779.9999999999995
 20
30045.135699418886
 30
0.0
  0
SEQEND
  0
SOLID
 62
256
  8
BASEMETAL
 10
1709.9999999999995
 20
30045.135699418886
 30
0.0
 11
1709.9999999999998
 21
27735.0
 31
0.0
 13
1779.9999999999998
 23
27735.0
 33
0.0
 12
1779.9999999999995
 22
30045.135699418886
 32
0.0
  0
POLYLINE
 62
256
  8
BASEMETAL
 66
1
 10
0.0
 20
0.0
 30
0.0
 70
1
  0
VERTEX
  8
BASEMETAL
 10
1709.9999999999998
 20
27735.0
 30
0.0
  0
VERTEX
  8
BASEMETAL
 10
1709.9314649951111
 20
27729.764610338425
 30
0.0
  0
VERTEX
  8
BASEMETAL
 10
1709.3834667466253
 20
27719.30818085443
 30
0.0
  0
VERTEX
  8
BASEMETAL
 10
1708.2889722747618
 20
27708.89476155599
 30
0.0
  0
VERTEX
  8
BASEMETAL
 10
1706.6509815127906
 20
27698.55289490157
 30
0.0
  0
VERTEX
  8
BASEMETAL
 10
1704.473984079535
 20
27688.31092722882
 30
0.0
  0
VERTEX
  8
BASEMETAL
 10
1701.7639469736384
 20
27678.196931059214
 30
0.0
  0
VERTEX
  8
BASEMETAL
 10
1698.5282982184356
 20
27668.238628153245
 30
0.0
  0
VERTEX
  8
BASEMETAL
 10
1694.7759065022572
 20
27658.463313526983
 30
0.0
  0
VERTEX
  8
BASEMETAL
 10
1690.5170568699718
 20
27648.89778063834
 30
0.0
  0
VERTEX
  8
BASEMETAL
 10
1685.763422532393
 20
27639.56824794808
 30
0.0
  0
VERTEX
  8
BASEMETAL
 10
1680.5280328708182
 20
27630.50028705681
 30
0.0
  0
VERTEX
  8
BASEMETAL
 10
1674.825237724403
 20
27621.718752615034
 30
0.0
  0
VERTEX
  8
BASEMETAL
 10
1668.6706680582467
 20
27613.247714198256
 30
0.0
  0
VERTEX
  8
BASEMETAL
 10
1662.081193120006
 20
27605.110390333964
 30
0.0
  0
VERTEX
  8
BASEMETAL
 10
1655.0748742024573
 20
27597.32908486125
 30
0.0
  0
VERTEX
  8
BASEMETAL
 10
1647.6709151387506
 20
27589.92512579754
 30
0.0
  0
VERTEX
  8
BASEMETAL
 10
1639.8896096660364
 20
27582.918806879992
 30
0.0
  0
VERTEX
  8
BASEMETAL
 10
1631.752285801744
 20
27576.329331941753
 30
0.0
  0
VERTEX
  8
BASEMETAL
 10
1623.2812473849663
 20
27570.174762275597
 30
0.0
  0
VERTEX
  8
BASEMETAL
 10
1614.4997129431895
 20
27564.471967129182
 30
0.0
  0
VERTEX
  8
BASEMETAL
 10
1605.4317520519214
 20
27559.236577467607
 30
0.0
  0
VERTEX
  8
BASEMETAL
 10
1596.1022193616589
 20
27554.482943130028
 30
0.0
  0
VERTEX
  8
BASEMETAL
 10
1586.5366864730177
 20
27550.22409349774
 30
0.0
  0
VERTEX
  8
BASEMETAL
 10
1576.761371846754
 20
27546.471701781564
 30
0.0
  0
VERTEX
  8
BASEMETAL
 10
1566.8030689407842
 20
27543.23605302636
 30
0.0
  0
VERTEX
  8
BASEMETAL
 10
1556.689072771181
 20
27540.526015920466
 30
0.0
  0
VERTEX
  8
BASEMETAL
 10
1546.4471050984293
 20
27538.34901848721
 30
0.0
  0
VERTEX
  8
BASEMETAL
 10
1536.1052384440102
 20
27536.71102772524
 30
0.0
  0
VERTEX
  8
BASEMETAL
 10
1525.6918191455688
 20
27535.616533253375
 30
0.0
  0
VERTEX
  8
BASEMETAL
 10
1515.2353896615746
 20
27535.068535004888
 30
0.0
  0
VERTEX
  8
BASEMETAL
 10
1504.7646103384252
 20
27535.068535004888
 30
0.0
  0
VERTEX
  8
BASEMETAL
 10
1494.3081808544307
 20
27535.616533253375
 30
0.0
  0
VERTEX
  8
BASEMETAL
 10
1483.8947615559896
 20
27536.71102772524
 30
0.0
  0
VERTEX
  8
BASEMETAL
 10
1473.5528949015702
 20
27538.34901848721
 30
0.0
  0
VERTEX
  8
BASEMETAL
 10
1463.3109272288186
 20
27540.526015920466
 30
0.0
  0
VERTEX
  8
BASEMETAL
 10
1453.1969310592153
 20
27543.23605302636
 30
0.0
  0
VERTEX
  8
BASEMETAL
 10
1443.2386281532456
 20
27546.471701781564
 30
0.0
  0
VERTEX
  8
BASEMETAL
 10
1433.463313526982
 20
27550.22409349774
 30
0.0
  0
VERTEX
  8
BASEMETAL
 10
1423.897780638341
 20
27554.482943130028
 30
0.0
  0
VERTEX
  8
BASEMETAL
 10
1414.5682479480781
 20
27559.236577467607
 30
0.0
  0
VERTEX
  8
BASEMETAL
 10
1405.50028705681
 20
27564.471967129182
 30
0.0
  0
VERTEX
  8
BASEMETAL
 10
1396.7187526150333
 20
27570.174762275597
 30
0.0
  0
VERTEX
  8
BASEMETAL
 10
1388.2477141982558
 20
27576.329331941753
 30
0.0
  0
VERTEX
  8
BASEMETAL
 10
1380.110390333963
 20
27582.918806879992
 30
0.0
  0
VERTEX
  8
BASEMETAL
 10
1372.3290848612492
 20
27589.92512579754
 30
0.0
  0
VERTEX
  8
BASEMETAL
 10
1364.9251257975423
 20
27597.32908486125
 30
0.0
  0
VERTEX
  8
BASEMETAL
 10
1357.9188068799936
 20
27605.110390333964
 30
0.0
  0
VERTEX
  8
BASEMETAL
 10
1351.3293319417528
 20
27613.247714198256
 30
0.0
  0
VERTEX
  8
BASEMETAL
 10
1345.1747622755965
 20
27621.718752615034
 30
0.0
  0
VERTEX
  8
BASEMETAL
 10
1339.4719671291814
 20
27630.50028705681
 30
0.0
  0
VERTEX
  8
BASEMETAL
 10
1334.2365774676068
 20
27639.56824794808
 30
0.0
  0
VERTEX
  8
BASEMETAL
 10
1329.4829431300277
 20
27648.89778063834
 30
0.0
  0
VERTEX
  8
BASEMETAL
 10
1325.2240934977424
 20
27658.463313526983
 30
0.0
  0
VERTEX
  8
BASEMETAL
 10
1321.4717017815642
 20
27668.238628153245
 30
0.0
  0
VERTEX
  8
BASEMETAL
 10
1318.2360530263613
 20
27678.196931059214
 30
0.0
  0
VERTEX
  8
BASEMETAL
 10
1315.5260159204645
 20
27688.31092722882
 30
0.0
  0
VERTEX
  8
BASEMETAL
 10
1313.349018487209
 20
27698.55289490157
 30
0.0
  0
VERTEX
  8
BASEMETAL
 10
1311.7110277252377
 20
27708.89476155599
 30
0.0
  0
VERTEX
  8
BASEMETAL
 10
1310.6165332533742
 20
27719.30818085443
 30
0.0
  0
VERTEX
  8
BASEMETAL
 10
1310.0685350048884
 20
27729.764610338425
 30
0.0
  0
VERTEX
  8
BASEMETAL
 10
1309.9999999999998
 20
27735.0
 30
0.0
  0
VERTEX
  8
BASEMETAL
 10
1239.9999999999998
 20
27735.0
 30
0.0
  0
VERTEX
  8
BASEMETAL
 10
1240.0925222565993
 20
27727.932223956876
 30
0.0
  0
VERTEX
  8
BASEMETAL
 10
1240.8323198920552
 20
27713.816044153482
 30
0.0
  0
VERTEX
  8
BASEMETAL
 10
1242.3098874290708
 20
27699.757928100586
 30
0.0
  0
VERTEX
  8
BASEMETAL
 10
1244.521174957732
 20
27685.79640811712
 30
0.0
  0
VERTEX
  8
BASEMETAL
 10
1247.460121492627
 20
27671.969751758905
 30
0.0
  0
VERTEX
  8
BASEMETAL
 10
1251.1186715855877
 20
27658.31585692994
 30
0.0
  0
VERTEX
  8
BASEMETAL
 10
1255.4867974051117
 20
27644.87214800688
 30
0.0
  0
VERTEX
  8
BASEMETAL
 10
1260.5525262219523
 20
27631.675473261424
 30
0.0
  0
VERTEX
  8
BASEMETAL
 10
1266.3019732255375
 20
27618.76200386176
 30
0.0
  0
VERTEX
  8
BASEMETAL
 10
1272.719379581269
 20
27606.167134729905
 30
0.0
  0
VERTEX
  8
BASEMETAL
 10
1279.787155624395
 20
27593.925387526695
 30
0.0
  0
VERTEX
  8
BASEMETAL
 10
1287.4859290720556
 20
27582.070316030295
 30
0.0
  0
VERTEX
  8
BASEMETAL
 10
1295.7945981213663
 20
27570.634414167645
 30
0.0
  0
VERTEX
  8
BASEMETAL
 10
1304.6903892879914
 20
27559.64902695085
 30
0.0
  0
VERTEX
  8
BASEMETAL
 10
1314.1489198266822
 20
27549.144264562685
 30
0.0
  0
VERTEX
  8
BASEMETAL
 10
1324.1442645626862
 20
27539.148919826683
 30
0.0
  0
VERTEX
  8
BASEMETAL
 10
1334.6490269508502
 20
27529.690389287993
 30
0.0
  0
VERTEX
  8
BASEMETAL
 10
1345.6344141676452
 20
27520.794598121367
 30
0.0
  0
VERTEX
  8
BASEMETAL
 10
1357.070316030295
 20
27512.485929072056
 30
0.0
  0
VERTEX
  8
BASEMETAL
 10
1368.9253875266936
 20
27504.787155624395
 30
0.0
  0
VERTEX
  8
BASEMETAL
 10
1381.1671347299055
 20
27497.71937958127
 30
0.0
  0
VERTEX
  8
BASEMETAL
 10
1393.7620038617601
 20
27491.301973225538
 30
0.0
  0
VERTEX
  8
BASEMETAL
 10
1406.6754732614256
 20
27485.552526221953
 30
0.0
  0
VERTEX
  8
BASEMETAL
 10
1419.8721480068816
 20
27480.486797405112
 30
0.0
  0
VERTEX
  8
BASEMETAL
 10
1433.3158569299408
 20
27476.118671585587
 30
0.0
  0
VERTEX
  8
BASEMETAL
 10
1446.9697517589052
 20
27472.460121492626
 30
0.0
  0
VERTEX
  8
BASEMETAL
 10
1460.7964081171199
 20
27469.521174957732
 30
0.0
  0
VERTEX
  8
BASEMETAL
 10
1474.7579281005858
 20
27467.30988742907
 30
0.0
  0
VERTEX
  8
BASEMETAL
 10
1488.8160441534817
 20
27465.832319892055
 30
0.0
  0
VERTEX
  8
BASEMETAL
 10
1502.932223956874
 20
27465.0925222566
 30
0.0
  0
VERTEX
  8
BASEMETAL
 10
1517.0677760431256
 20
27465.0925222566
 30
0.0
  0
VERTEX
  8
BASEMETAL
 10
1531.183955846518
 20
27465.832319892055
 30
0.0
  0
VERTEX
  8
BASEMETAL
 10
1545.2420718994138
 20
27467.30988742907
 30
0.0
  0
VERTEX
  8
BASEMETAL
 10
1559.2035918828797
 20
27469.521174957732
 30
0.0
  0
VERTEX
  8
BASEMETAL
 10
1573.0302482410943
 20
27472.460121492626
 30
0.0
  0
VERTEX
  8
BASEMETAL
 10
1586.6841430700588
 20
27476.118671585587
 30
0.0
  0
VERTEX
  8
BASEMETAL
 10
1600.127851993118
 20
27480.486797405112
 30
0.0
  0
VERTEX
  8
BASEMETAL
 10
1613.3245267385741
 20
27485.552526221953
 30
0.0
  0
VERTEX
  8
BASEMETAL
 10
1626.2379961382394
 20
27491.301973225538
 30
0.0
  0
VERTEX
  8
BASEMETAL
 10
1638.832865270094
 20
27497.71937958127
 30
0.0
  0
VERTEX
  8
BASEMETAL
 10
1651.074612473306
 20
27504.787155624395
 30
0.0
  0
VERTEX
  8
BASEMETAL
 10
1662.9296839697047
 20
27512.485929072056
 30
0.0
  0
VERTEX
  8
BASEMETAL
 10
1674.3655858323543
 20
27520.794598121367
 30
0.0
  0
VERTEX
  8
BASEMETAL
 10
1685.3509730491494
 20
27529.690389287993
 30
0.0
  0
VERTEX
  8
BASEMETAL
 10
1695.8557354373133
 20
27539.148919826683
 30
0.0
  0
VERTEX
  8
BASEMETAL
 10
1705.8510801733173
 20
27549.144264562685
 30
0.0
  0
VERTEX
  8
BASEMETAL
 10
1715.3096107120082
 20
27559.64902695085
 30
0.0
  0
VERTEX
  8
BASEMETAL
 10
1724.2054018786332
 20
27570.634414167645
 30
0.0
  0
VERTEX
  8
BASEMETAL
 10
1732.514070927944
 20
27582.070316030295
 30
0.0
  0
VERTEX
  8
BASEMETAL
 10
1740.2128443756046
 20
27593.925387526695
 30
0.0
  0
VERTEX
  8
BASEMETAL
 10
1747.2806204187305
 20
27606.167134729905
 30
0.0
  0
VERTEX
  8
BASEMETAL
 10
1753.698026774462
 20
27618.76200386176
 30
0.0
  0
VERTEX
  8
BASEMETAL
 10
1759.4474737780472
 20
27631.675473261424
 30
0.0
  0
VERTEX
  8
BASEMETAL
 10
1764.5132025948878
 20
27644.87214800688
 30
0.0
  0
VERTEX
  8
BASEMETAL
 10
1768.8813284144119
 20
27658.31585692994
 30
0.0
  0
VERTEX
  8
BASEMETAL
 10
1772.5398785073726
 20
27671.969751758905
 30
0.0
  0
VERTEX
  8
BASEMETAL
 10
1775.4788250422675
 20
27685.79640811712
 30
0.0
  0
VERTEX
  8
BASEMETAL
 10
1777.6901125709287
 20
27699.757928100586
 30
0.0
  0
VERTEX
  8
BASEMETAL
 10
1779.1676801079443
 20
27713.816044153482
 30
0.0
  0
VERTEX
  8
BASEMETAL
 10
1779.9074777434002
 20
27727.932223956876
 30
0.0
  0
VERTEX
  8
BASEMETAL
 10
1779.9999999999998
 20
27735.0
 30
0.0
  0
SEQEND
  0
SOLID
 62
256
  8
BASEMETAL
 10
1709.9999999999998
 20
27735.0
 30
0.0
 11
1709.9314649951111
 21
27729.764610338425
 31
0.0
 13
1779.9074777434002
 23
27727.932223956876
 33
0.0
 12
1779.9999999999998
 22
27735.0
 32
0.0
  0
SOLID
 62
256
  8
BASEMETAL
 10
1709.9314649951111
 20
27729.764610338425
 30
0.0
 11
1709.3834667466253
 21
27719.30818085443
 31
0.0
 13
1779.1676801079443
 23
27713.816044153482
 33
0.0
 12
1779.9074777434002
 22
27727.932223956876
 32
0.0
  0
SOLID
 62
256
  8
BASEMETAL
 10
1709.3834667466253
 20
27719.30818085443
 30
0.0
 11
1708.2889722747618
 21
27708.89476155599
 31
0.0
 13
1777.6901125709287
 23
27699.757928100586
 33
0.0
 12
1779.1676801079443
 22
27713.816044153482
 32
0.0
  0
SOLID
 62
256
  8
BASEMETAL
 10
1708.2889722747618
 20
27708.89476155599
 30
0.0
 11
1706.6509815127906
 21
27698.55289490157
 31
0.0
 13
1775.4788250422675
 23
27685.79640811712
 33
0.0
 12
1777.6901125709287
 22
27699.757928100586
 32
0.0
  0
SOLID
 62
256
  8
BASEMETAL
 10
1706.6509815127906
 20
27698.55289490157
 30
0.0
 11
1704.473984079535
 21
27688.31092722882
 31
0.0
 13
1772.5398785073726
 23
27671.969751758905
 33
0.0
 12
1775.4788250422675
 22
27685.79640811712
 32
0.0
  0
SOLID
 62
256
  8
BASEMETAL
 10
1704.473984079535
 20
27688.31092722882
 30
0.0
 11
1701.7639469736384
 21
27678.196931059214
 31
0.0
 13
1768.8813284144119
 23
27658.31585692994
 33
0.0
 12
1772.5398785073726
 22
27671.969751758905
 32
0.0
  0
SOLID
 62
256
  8
BASEMETAL
 10
1701.7639469736384
 20
27678.196931059214
 30
0.0
 11
1698.5282982184356
 21
27668.238628153245
 31
0.0
 13
1764.5132025948878
 23
27644.87214800688
 33
0.0
 12
1768.8813284144119
 22
27658.31585692994
 32
0.0
  0
SOLID
 62
256
  8
BASEMETAL
 10
1698.5282982184356
 20
27668.238628153245
 30
0.0
 11
1694.7759065022572
 21
27658.463313526983
 31
0.0
 13
1759.4474737780472
 23
27631.675473261424
 33
0.0
 12
1764.5132025948878
 22
27644.87214800688
 32
0.0
  0
SOLID
 62
256
  8
BASEMETAL
 10
1694.7759065022572
 20
27658.463313526983
 30
0.0
 11
1690.5170568699718
 21
27648.89778063834
 31
0.0
 13
1753.698026774462
 23
27618.76200386176
 33
0.0
 12
1759.4474737780472
 22
27631.675473261424
 32
0.0
  0
SOLID
 62
256
  8
BASEMETAL
 10
1690.5170568699718
 20
27648.89778063834
 30
0.0
 11
1685.763422532393
 21
27639.56824794808
 31
0.0
 13
1747.2806204187305
 23
27606.167134729905
 33
0.0
 12
1753.698026774462
 22
27618.76200386176
 32
0.0
  0
SOLID
 62
256
  8
BASEMETAL
 10
1685.763422532393
 20
27639.56824794808
 30
0.0
 11
1680.5280328708182
 21
27630.50028705681
 31
0.0
 13
1740.2128443756046
 23
27593.925387526695
 33
0.0
 12
1747.2806204187305
 22
27606.167134729905
 32
0.0
  0
SOLID
 62
256
  8
BASEMETAL
 10
1680.5280328708182
 20
27630.50028705681
 30
0.0
 11
1674.825237724403
 21
27621.718752615034
 31
0.0
 13
1732.514070927944
 23
27582.070316030295
 33
0.0
 12
1740.2128443756046
 22
27593.925387526695
 32
0.0
  0
SOLID
 62
256
  8
BASEMETAL
 10
1674.825237724403
 20
27621.718752615034
 30
0.0
 11
1668.6706680582467
 21
27613.247714198256
 31
0.0
 13
1724.2054018786332
 23
27570.634414167645
 33
0.0
 12
1732.514070927944
 22
27582.070316030295
 32
0.0
  0
SOLID
 62
256
  8
BASEMETAL
 10
1668.6706680582467
 20
27613.247714198256
 30
0.0
 11
1662.081193120006
 21
27605.110390333964
 31
0.0
 13
1715.3096107120082
 23
27559.64902695085
 33
0.0
 12
1724.2054018786332
 22
27570.634414167645
 32
0.0
  0
SOLID
 62
256
  8
BASEMETAL
 10
1662.081193120006
 20
27605.110390333964
 30
0.0
 11
1655.0748742024573
 21
27597.32908486125
 31
0.0
 13
1705.8510801733173
 23
27549.144264562685
 33
0.0
 12
1715.3096107120082
 22
27559.64902695085
 32
0.0
  0
SOLID
 62
256
  8
BASEMETAL
 10
1655.0748742024573
 20
27597.32908486125
 30
0.0
 11
1647.6709151387506
 21
27589.92512579754
 31
0.0
 13
1695.8557354373133
 23
27539.148919826683
 33
0.0
 12
1705.8510801733173
 22
27549.144264562685
 32
0.0
  0
SOLID
 62
256
  8
BASEMETAL
 10
1647.6709151387506
 20
27589.92512579754
 30
0.0
 11
1639.8896096660364
 21
27582.918806879992
 31
0.0
 13
1685.3509730491494
 23
27529.690389287993
 33
0.0
 12
1695.8557354373133
 22
27539.148919826683
 32
0.0
  0
SOLID
 62
256
  8
BASEMETAL
 10
1639.8896096660364
 20
27582.918806879992
 30
0.0
 11
1631.752285801744
 21
27576.329331941753
 31
0.0
 13
1674.3655858323543
 23
27520.794598121367
 33
0.0
 12
1685.3509730491494
 22
27529.690389287993
 32
0.0
  0
SOLID
 62
256
  8
BASEMETAL
 10
1631.752285801744
 20
27576.329331941753
 30
0.0
 11
1623.2812473849663
 21
27570.174762275597
 31
0.0
 13
1662.9296839697047
 23
27512.485929072056
 33
0.0
 12
1674.3655858323543
 22
27520.794598121367
 32
0.0
  0
SOLID
 62
256
  8
BASEMETAL
 10
1623.2812473849663
 20
27570.174762275597
 30
0.0
 11
1614.4997129431895
 21
27564.471967129182
 31
0.0
 13
1651.074612473306
 23
27504.787155624395
 33
0.0
 12
1662.9296839697047
 22
27512.485929072056
 32
0.0
  0
SOLID
 62
256
  8
BASEMETAL
 10
1614.4997129431895
 20
27564.471967129182
 30
0.0
 11
1605.4317520519214
 21
27559.236577467607
 31
0.0
 13
1638.832865270094
 23
27497.71937958127
 33
0.0
 12
1651.074612473306
 22
27504.787155624395
 32
0.0
  0
SOLID
 62
256
  8
BASEMETAL
 10
1605.4317520519214
 20
27559.236577467607
 30
0.0
 11
1596.1022193616589
 21
27554.482943130028
 31
0.0
 13
1626.2379961382394
 23
27491.301973225538
 33
0.0
 12
1638.832865270094
 22
27497.71937958127
 32
0.0
  0
SOLID
 62
256
  8
BASEMETAL
 10
1596.1022193616589
 20
27554.482943130028
 30
0.0
 11
1586.5366864730177
 21
27550.22409349774
 31
0.0
 13
1613.3245267385741
 23
27485.552526221953
 33
0.0
 12
1626.2379961382394
 22
27491.301973225538
 32
0.0
  0
SOLID
 62
256
  8
BASEMETAL
 10
1586.5366864730177
 20
27550.22409349774
 30
0.0
 11
1576.761371846754
 21
27546.471701781564
 31
0.0
 13
1600.127851993118
 23
27480.486797405112
 33
0.0
 12
1613.3245267385741
 22
27485.552526221953
 32
0.0
  0
SOLID
 62
256
  8
BASEMETAL
 10
1576.761371846754
 20
27546.471701781564
 30
0.0
 11
1566.8030689407842
 21
27543.23605302636
 31
0.0
 13
1586.6841430700588
 23
27476.118671585587
 33
0.0
 12
1600.127851993118
 22
27480.486797405112
 32
0.0
  0
SOLID
 62
256
  8
BASEMETAL
 10
1566.8030689407842
 20
27543.23605302636
 30
0.0
 11
1556.689072771181
 21
27540.526015920466
 31
0.0
 13
1573.0302482410943
 23
27472.460121492626
 33
0.0
 12
1586.6841430700588
 22
27476.118671585587
 32
0.0
  0
SOLID
 62
256
  8
BASEMETAL
 10
1556.689072771181
 20
27540.526015920466
 30
0.0
 11
1546.4471050984293
 21
27538.34901848721
 31
0.0
 13
1559.2035918828797
 23
27469.521174957732
 33
0.0
 12
1573.0302482410943
 22
27472.460121492626
 32
0.0
  0
SOLID
 62
256
  8
BASEMETAL
 10
1546.4471050984293
 20
27538.34901848721
 30
0.0
 11
1536.1052384440102
 21
27536.71102772524
 31
0.0
 13
1545.2420718994138
 23
27467.30988742907
 33
0.0
 12
1559.2035918828797
 22
27469.521174957732
 32
0.0
  0
SOLID
 62
256
  8
BASEMETAL
 10
1536.1052384440102
 20
27536.71102772524
 30
0.0
 11
1525.6918191455688
 21
27535.616533253375
 31
0.0
 13
1531.183955846518
 23
27465.832319892055
 33
0.0
 12
1545.2420718994138
 22
27467.30988742907
 32
0.0
  0
SOLID
 62
256
  8
BASEMETAL
 10
1525.6918191455688
 20
27535.616533253375
 30
0.0
 11
1515.2353896615746
 21
27535.068535004888
 31
0.0
 13
1517.0677760431256
 23
27465.0925222566
 33
0.0
 12
1531.183955846518
 22
27465.832319892055
 32
0.0
  0
SOLID
 62
256
  8
BASEMETAL
 10
1515.2353896615746
 20
27535.068535004888
 30
0.0
 11
1504.7646103384252
 21
27535.068535004888
 31
0.0
 13
1502.932223956874
 23
27465.0925222566
 33
0.0
 12
1517.0677760431256
 22
27465.0925222566
 32
0.0
  0
SOLID
 62
256
  8
BASEMETAL
 10
1504.7646103384252
 20
27535.068535004888
 30
0.0
 11
1494.3081808544307
 21
27535.616533253375
 31
0.0
 13
1488.8160441534817
 23
27465.832319892055
 33
0.0
 12
1502.932223956874
 22
27465.0925222566
 32
0.0
  0
SOLID
 62
256
  8
BASEMETAL
 10
1494.3081808544307
 20
27535.616533253375
 30
0.0
 11
1483.8947615559896
 21
27536.71102772524
 31
0.0
 13
1474.7579281005858
 23
27467.30988742907
 33
0.0
 12
1488.8160441534817
 22
27465.832319892055
 32
0.0
  0
SOLID
 62
256
  8
BASEMETAL
 10
1483.8947615559896
 20
27536.71102772524
 30
0.0
 11
1473.5528949015702
 21
27538.34901848721
 31
0.0
 13
1460.7964081171199
 23
27469.521174957732
 33
0.0
 12
1474.7579281005858
 22
27467.30988742907
 32
0.0
  0
SOLID
 62
256
  8
BASEMETAL
 10
1473.5528949015702
 20
27538.34901848721
 30
0.0
 11
1463.3109272288186
 21
27540.526015920466
 31
0.0
 13
1446.9697517589052
 23
27472.460121492626
 33
0.0
 12
1460.7964081171199
 22
27469.521174957732
 32
0.0
  0
SOLID
 62
256
  8
BASEMETAL
 10
1463.3109272288186
 20
27540.526015920466
 30
0.0
 11
1453.1969310592153
 21
27543.23605302636
 31
0.0
 13
1433.3158569299408
 23
27476.118671585587
 33
0.0
 12
1446.9697517589052
 22
27472.460121492626
 32
0.0
  0
SOLID
 62
256
  8
BASEMETAL
 10
1453.1969310592153
 20
27543.23605302636
 30
0.0
 11
1443.2386281532456
 21
27546.471701781564
 31
0.0
 13
1419.8721480068816
 23
27480.486797405112
 33
0.0
 12
1433.3158569299408
 22
27476.118671585587
 32
0.0
  0
SOLID
 62
256
  8
BASEMETAL
 10
1443.2386281532456
 20
27546.471701781564
 30
0.0
 11
1433.463313526982
 21
27550.22409349774
 31
0.0
 13
1406.6754732614256
 23
27485.552526221953
 33
0.0
 12
1419.8721480068816
 22
27480.486797405112
 32
0.0
  0
SOLID
 62
256
  8
BASEMETAL
 10
1433.463313526982
 20
27550.22409349774
 30
0.0
 11
1423.897780638341
 21
27554.482943130028
 31
0.0
 13
1393.7620038617601
 23
27491.301973225538
 33
0.0
 12
1406.6754732614256
 22
27485.552526221953
 32
0.0
  0
SOLID
 62
256
  8
BASEMETAL
 10
1423.897780638341
 20
27554.482943130028
 30
0.0
 11
1414.5682479480781
 21
27559.236577467607
 31
0.0
 13
1381.1671347299055
 23
27497.71937958127
 33
0.0
 12
1393.7620038617601
 22
27491.301973225538
 32
0.0
  0
SOLID
 62
256
  8
BASEMETAL
 10
1414.5682479480781
 20
27559.236577467607
 30
0.0
 11
1405.50028705681
 21
27564.471967129182
 31
0.0
 13
1368.9253875266936
 23
27504.787155624395
 33
0.0
 12
1381.1671347299055
 22
27497.71937958127
 32
0.0
  0
SOLID
 62
256
  8
BASEMETAL
 10
1405.50028705681
 20
27564.471967129182
 30
0.0
 11
1396.7187526150333
 21
27570.174762275597
 31
0.0
 13
1357.070316030295
 23
27512.485929072056
 33
0.0
 12
1368.9253875266936
 22
27504.787155624395
 32
0.0
  0
SOLID
 62
256
  8
BASEMETAL
 10
1396.7187526150333
 20
27570.174762275597
 30
0.0
 11
1388.2477141982558
 21
27576.329331941753
 31
0.0
 13
1345.6344141676452
 23
27520.794598121367
 33
0.0
 12
1357.070316030295
 22
27512.485929072056
 32
0.0
  0
SOLID
 62
256
  8
BASEMETAL
 10
1388.2477141982558
 20
27576.329331941753
 30
0.0
 11
1380.110390333963
 21
27582.918806879992
 31
0.0
 13
1334.6490269508502
 23
27529.690389287993
 33
0.0
 12
1345.6344141676452
 22
27520.794598121367
 32
0.0
  0
SOLID
 62
256
  8
BASEMETAL
 10
1380.110390333963
 20
27582.918806879992
 30
0.0
 11
1372.3290848612492
 21
27589.92512579754
 31
0.0
 13
1324.1442645626862
 23
27539.148919826683
 33
0.0
 12
1334.6490269508502
 22
27529.690389287993
 32
0.0
  0
SOLID
 62
256
  8
BASEMETAL
 10
1372.3290848612492
 20
27589.92512579754
 30
0.0
 11
1364.9251257975423
 21
27597.32908486125
 31
0.0
 13
1314.1489198266822
 23
27549.144264562685
 33
0.0
 12
1324.1442645626862
 22
27539.148919826683
 32
0.0
  0
SOLID
 62
256
  8
BASEMETAL
 10
1364.9251257975423
 20
27597.32908486125
 30
0.0
 11
1357.9188068799936
 21
27605.110390333964
 31
0.0
 13
1304.6903892879914
 23
27559.64902695085
 33
0.0
 12
1314.1489198266822
 22
27549.144264562685
 32
0.0
  0
SOLID
 62
256
  8
BASEMETAL
 10
1357.9188068799936
 20
27605.110390333964
 30
0.0
 11
1351.3293319417528
 21
27613.247714198256
 31
0.0
 13
1295.7945981213663
 23
27570.634414167645
 33
0.0
 12
1304.6903892879914
 22
27559.64902695085
 32
0.0
  0
SOLID
 62
256
  8
BASEMETAL
 10
1351.3293319417528
 20
27613.247714198256
 30
0.0
 11
1345.1747622755965
 21
27621.718752615034
 31
0.0
 13
1287.4859290720556
 23
27582.070316030295
 33
0.0
 12
1295.7945981213663
 22
27570.634414167645
 32
0.0
  0
SOLID
 62
256
  8
BASEMETAL
 10
1345.1747622755965
 20
27621.718752615034
 30
0.0
 11
1339.4719671291814
 21
27630.50028705681
 31
0.0
 13
1279.787155624395
 23
27593.925387526695
 33
0.0
 12
1287.4859290720556
 22
27582.070316030295
 32
0.0
  0
SOLID
 62
256
  8
BASEMETAL
 10
1339.4719671291814
 20
27630.50028705681
 30
0.0
 11
1334.2365774676068
 21
27639.56824794808
 31
0.0
 13
1272.719379581269
 23
27606.167134729905
 33
0.0
 12
1279.787155624395
 22
27593.925387526695
 32
0.0
  0
SOLID
 62
256
  8
BASEMETAL
 10
1334.2365774676068
 20
27639.56824794808
 30
0.0
 11
1329.4829431300277
 21
27648.89778063834
 31
0.0
 13
1266.3019732255375
 23
27618.76200386176
 33
0.0
 12
1272.719379581269
 22
27606.167134729905
 32
0.0
  0
SOLID
 62
256
  8
BASEMETAL
 10
1329.4829431300277
 20
27648.89778063834
 30
0.0
 11
1325.2240934977424
 21
27658.463313526983
 31
0.0
 13
1260.5525262219523
 23
27631.675473261424
 33
0.0
 12
1266.3019732255375
 22
27618.76200386176
 32
0.0
  0
SOLID
 62
256
  8
BASEMETAL
 10
1325.2240934977424
 20
27658.463313526983
 30
0.0
 11
1321.4717017815642
 21
27668.238628153245
 31
0.0
 13
1255.4867974051117
 23
27644.87214800688
 33
0.0
 12
1260.5525262219523
 22
27631.675473261424
 32
0.0
  0
SOLID
 62
256
  8
BASEMETAL
 10
1321.4717017815642
 20
27668.238628153245
 30
0.0
 11
1318.2360530263613
 21
27678.196931059214
 31
0.0
 13
1251.1186715855877
 23
27658.31585692994
 33
0.0
 12
1255.4867974051117
 22
27644.87214800688
 32
0.0
  0
SOLID
 62
256
  8
BASEMETAL
 10
1318.2360530263613
 20
27678.196931059214
 30
0.0
 11
1315.5260159204645
 21
27688.31092722882
 31
0.0
 13
1247.460121492627
 23
27671.969751758905
 33
0.0
 12
1251.1186715855877
 22
27658.31585692994
 32
0.0
  0
SOLID
 62
256
  8
BASEMETAL
 10
1315.5260159204645
 20
27688.31092722882
 30
0.0
 11
1313.349018487209
 21
27698.55289490157
 31
0.0
 13
1244.521174957732
 23
27685.79640811712
 33
0.0
 12
1247.460121492627
 22
27671.969751758905
 32
0.0
  0
SOLID
 62
256
  8
BASEMETAL
 10
1313.349018487209
 20
27698.55289490157
 30
0.0
 11
1311.7110277252377
 21
27708.89476155599
 31
0.0
 13
1242.3098874290708
 23
27699.757928100586
 33
0.0
 12
1244.521174957732
 22
27685.79640811712
 32
0.0
  0
SOLID
 62
256
  8
BASEMETAL
 10
1311.7110277252377
 20
27708.89476155599
 30
0.0
 11
1310.6165332533742
 21
27719.30818085443
 31
0.0
 13
1240.8323198920552
 23
27713.816044153482
 33
0.0
 12
1242.3098874290708
 22
27699.757928100586
 32
0.0
  0
SOLID
 62
256
  8
BASEMETAL
 10
1310.6165332533742
 20
27719.30818085443
 30
0.0
 11
1310.0685350048884
 21
27729.764610338425
 31
0.0
 13
1240.0925222565993
 23
27727.932223956876
 33
0.0
 12
1240.8323198920552
 22
27713.816044153482
 32
0.0
  0
SOLID
 62
256
  8
BASEMETAL
 10
1310.0685350048884
 20
27729.764610338425
 30
0.0
 11
1309.9999999999998
 21
27735.0
 31
0.0
 13
1239.9999999999998
 23
27735.0
 33
0.0
 12
1240.0925222565993
 22
27727.932223956876
 32
0.0
  0
POLYLINE
 62
256
  8
BASEMETAL
 66
1
 10
0.0
 20
0.0
 30
0.0
 70
1
  0
VERTEX
  8
BASEMETAL
 10
1309.9999999999998
 20
27735.0
 30
0.0
  0
VERTEX
  8
BASEMETAL
 10
1309.9999999999993
 20
30045.135699418886
 30
0.0
  0
VERTEX
  8
BASEMETAL
 10
1239.9999999999993
 20
30045.135699418886
 30
0.0
  0
VERTEX
  8
BASEMETAL
 10
1239.9999999999998
 20
27735.0
 30
0.0
  0
SEQEND
  0
SOLID
 62
256
  8
BASEMETAL
 10
1309.9999999999998
 20
27735.0
 30
0.0
 11
1309.9999999999993
 21
30045.135699418886
 31
0.0
 13
1239.9999999999993
 23
30045.135699418886
 33
0.0
 12
1239.9999999999998
 22
27735.0
 32
0.0
  0
POLYLINE
 62
256
  8
BASEMETAL
 66
1
 10
0.0
 20
0.0
 30
0.0
 70
1
  0
VERTEX
  8
BASEMETAL
 10
1309.9999999999993
 20
30045.135699418886
 30
0.0
  0
VERTEX
  8
BASEMETAL
 10
1309.9999999999993
 20
30063.135699418886
 30
0.0
  0
VERTEX
  8
BASEMETAL
 10
1239.9999999999993
 20
30063.135699418886
 30
0.0
  0
VERTEX
  8
BASEMETAL
 10
1239.9999999999993
 20
30045.135699418886
 30
0.0
  0
SEQEND
  0
SOLID
 62
256
  8
BASEMETAL
 10
1309.9999999999993
 20
30045.135699418886
 30
0.0
 11
1309.9999999999993
 21
30063.135699418886
 31
0.0
 13
1239.9999999999993
 23
30063.135699418886
 33
0.0
 12
1239.9999999999993
 22
30045.135699418886
 32
0.0
  0
POLYLINE
 62
256
  8
BASEMETAL
 66
1
 10
0.0
 20
0.0
 30
0.0
 70
1
  0
VERTEX
  8
BASEMETAL
 10
1309.9999999999993
 20
30063.135699418886
 30
0.0
  0
VERTEX
  8
BASEMETAL
 10
1309.9999999999993
 20
30099.633174101946
 30
0.0
  0
VERTEX
  8
BASEMETAL
 10
1239.9999999999993
 20
30099.633174101946
 30
0.0
  0
VERTEX
  8
BASEMETAL
 10
1239.9999999999993
 20
30063.135699418886
 30
0.0
  0
SEQEND
  0
SOLID
 62
256
  8
BASEMETAL
 10
1309.9999999999993
 20
30063.135699418886
 30
0.0
 11
1309.9999999999993
 21
30099.633174101946
 31
0.0
 13
1239.9999999999993
 23
30099.633174101946
 33
0.0
 12
1239.9999999999993
 22
30063.135699418886
 32
0.0
  0
POLYLINE
 62
256
  8
BASEMETAL
 66
1
 10
0.0
 20
0.0
 30
0.0
 70
1
  0
VERTEX
  8
BASEMETAL
 10
1239.9999999999993
 20
30065.135699418886
 30
0.0
  0
VERTEX
  8
BASEMETAL
 10
1240.9281868166304
 20
30066.039898983807
 30
0.0
  0
VERTEX
  8
BASEMETAL
 10
1242.8539616698145
 20
30067.77387445002
 30
0.0
  0
VERTEX
  8
BASEMETAL
 10
1244.8678465796177
 20
30069.40468629467
 30
0.0
  0
VERTEX
  8
BASEMETAL
 10
1246.964321627486
 20
30070.92786457585
 30
0.0
  0
VERTEX
  8
BASEMETAL
 10
1249.1376405210374
 20
30072.339234367762
 30
0.0
  0
VERTEX
  8
BASEMETAL
 10
1251.3818463442499
 20
30073.63492720391
 30
0.0
  0
VERTEX
  8
BASEMETAL
 10
1253.690787884955
 20
30074.811391680294
 30
0.0
  0
VERTEX
  8
BASEMETAL
 10
1256.0581364948823
 20
30075.86540318956
 30
0.0
  0
VERTEX
  8
BASEMETAL
 10
1258.4774034360446
 20
30076.79407275942
 30
0.0
  0
VERTEX
  8
BASEMETAL
 10
1260.9419576659168
 20
30077.594854971143
 30
0.0
  0
VERTEX
  8
BASEMETAL
 10
1263.4450440126643
 20
30078.265554936337
 30
0.0
  0
VERTEX
  8
BASEMETAL
 10
1265.979801690598
 20
30078.804334313027
 30
0.0
  0
VERTEX
  8
BASEMETAL
 10
1268.5392831051113
 20
30079.209716344383
 30
0.0
  0
VERTEX
  8
BASEMETAL
 10
1271.1164728955546
 20
30079.480589906445
 30
0.0
  0
VERTEX
  8
BASEMETAL
 10
1273.7043071638507
 20
30079.6162125536
 30
0.0
  0
VERTEX
  8
BASEMETAL
 10
1276.295692836148
 20
30079.6162125536
 30
0.0
  0
VERTEX
  8
BASEMETAL
 10
1278.883527104444
 20
30079.480589906445
 30
0.0
  0
VERTEX
  8
BASEMETAL
 10
1281.4607168948874
 20
30079.209716344383
 30
0.0
  0
VERTEX
  8
BASEMETAL
 10
1284.0201983094007
 20
30078.804334313027
 30
0.0
  0
VERTEX
  8
BASEMETAL
 10
1286.5549559873343
 20
30078.265554936337
 30
0.0
  0
VERTEX
  8
BASEMETAL
 10
1289.0580423340818
 20
30077.594854971143
 30
0.0
  0
VERTEX
  8
BASEMETAL
 10
1291.522596563954
 20
30076.79407275942
 30
0.0
  0
VERTEX
  8
BASEMETAL
 10
1293.941863505116
 20
30075.86540318956
 30
0.0
  0
VERTEX
  8
BASEMETAL
 10
1296.3092121150435
 20
30074.811391680294
 30
0.0
  0
VERTEX
  8
BASEMETAL
 10
1298.6181536557488
 20
30073.63492720391
 30
0.0
  0
VERTEX
  8
BASEMETAL
 10
1300.8623594789613
 20
30072.339234367762
 30
0.0
  0
VERTEX
  8
BASEMETAL
 10
1303.0356783725126
 20
30070.92786457585
 30
0.0
  0
VERTEX
  8
BASEMETAL
 10
1305.1321534203807
 20
30069.40468629467
 30
0.0
  0
VERTEX
  8
BASEMETAL
 10
1307.1460383301842
 20
30067.77387445002
 30
0.0
  0
VERTEX
  8
BASEMETAL
 10
1309.0718131833682
 20
30066.039898983807
 30
0.0
  0
VERTEX
  8
BASEMETAL
 10
1309.9999999999993
 20
30065.135699418886
 30
0.0
  0
VERTEX
  8
BASEMETAL
 10
1487.1320343559635
 20
30242.26773377485
 30
0.0
  0
VERTEX
  8
BASEMETAL
 10
1481.5063727081256
 20
30247.74801072257
 30
0.0
  0
VERTEX
  8
BASEMETAL
 10
1469.8344144990544
 20
30258.257489098894
 30
0.0
  0
VERTEX
  8
BASEMETAL
 10
1457.6284287026153
 20
30268.141701506258
 30
0.0
  0
VERTEX
  8
BASEMETAL
 10
1444.9218710774492
 20
30277.373556005492
 30
0.0
  0
VERTEX
  8
BASEMETAL
 10
1431.749569414784
 20
30285.927748725113
 30
0.0
  0
VERTEX
  8
BASEMETAL
 10
1418.1476280778818
 20
30293.780833217475
 30
0.0
  0
VERTEX
  8
BASEMETAL
 10
1404.1533290424877
 20
30300.911284723843
 30
0.0
  0
VERTEX
  8
BASEMETAL
 10
1389.8050297095263
 20
30307.299559172272
 30
0.0
  0
VERTEX
  8
BASEMETAL
 10
1375.1420577701306
 20
30312.92814674654
 30
0.0
  0
VERTEX
  8
BASEMETAL
 10
1360.204603411176
 20
30317.781619879344
 30
0.0
  0
VERTEX
  8
BASEMETAL
 10
1345.0336091567708
 20
30321.84667553819
 30
0.0
  0
VERTEX
  8
BASEMETAL
 10
1329.6706576476436
 20
30325.112171688073
 30
0.0
  0
VERTEX
  8
BASEMETAL
 10
1314.1578576660147
 20
30327.56915783103
 30
0.0
  0
VERTEX
  8
BASEMETAL
 10
1298.5377287183528
 20
30329.210899538826
 30
0.0
  0
VERTEX
  8
BASEMETAL
 10
1282.8530844923612
 20
30330.032896911554
 30
0.0
  0
VERTEX
  8
BASEMETAL
 10
1267.1469155076372
 20
30330.032896911554
 30
0.0
  0
VERTEX
  8
BASEMETAL
 10
1251.4622712816458
 20
30329.210899538826
 30
0.0
  0
VERTEX
  8
BASEMETAL
 10
1235.8421423339837
 20
30327.56915783103
 30
0.0
  0
VERTEX
  8
BASEMETAL
 10
1220.329342352355
 20
30325.112171688073
 30
0.0
  0
VERTEX
  8
BASEMETAL
 10
1204.9663908432276
 20
30321.84667553819
 30
0.0
  0
VERTEX
  8
BASEMETAL
 10
1189.7953965888225
 20
30317.781619879344
 30
0.0
  0
VERTEX
  8
BASEMETAL
 10
1174.857942229868
 20
30312.92814674654
 30
0.0
  0
VERTEX
  8
BASEMETAL
 10
1160.1949702904724
 20
30307.299559172272
 30
0.0
  0
VERTEX
  8
BASEMETAL
 10
1145.8466709575107
 20
30300.911284723843
 30
0.0
  0
VERTEX
  8
BASEMETAL
 10
1131.8523719221168
 20
30293.780833217475
 30
0.0
  0
VERTEX
  8
BASEMETAL
 10
1118.2504305852146
 20
30285.927748725113
 30
0.0
  0
VERTEX
  8
BASEMETAL
 10
1105.0781289225495
 20
30277.373556005492
 30
0.0
  0
VERTEX
  8
BASEMETAL
 10
1092.371571297383
 20
30268.141701506258
 30
0.0
  0
VERTEX
  8
BASEMETAL
 10
1080.1655855009442
 20
30258.257489098894
 30
0.0
  0
VERTEX
  8
BASEMETAL
 10
1068.493627291873
 20
30247.74801072257
 30
0.0
  0
VERTEX
  8
BASEMETAL
 10
1062.867965644035
 20
30242.26773377485
 30
0.0
  0
SEQEND
  0
SOLID
 62
256
  8
BASEMETAL
 10
1239.9999999999993
 20
30065.135699418886
 30
0.0
 11
1240.9281868166304
 21
30066.039898983807
 31
0.0
 13
1068.493627291873
 23
30247.74801072257
 33
0.0
 12
1062.867965644035
 22
30242.26773377485
 32
0.0
  0
SOLID
 62
256
  8
BASEMETAL
 10
1240.9281868166304
 20
30066.039898983807
 30
0.0
 11
1242.8539616698145
 21
30067.77387445002
 31
0.0
 13
1080.1655855009442
 23
30258.257489098894
 33
0.0
 12
1068.493627291873
 22
30247.74801072257
 32
0.0
  0
SOLID
 62
256
  8
BASEMETAL
 10
1242.8539616698145
 20
30067.77387445002
 30
0.0
 11
1244.8678465796177
 21
30069.40468629467
 31
0.0
 13
1092.371571297383
 23
30268.141701506258
 33
0.0
 12
1080.1655855009442
 22
30258.257489098894
 32
0.0
  0
SOLID
 62
256
  8
BASEMETAL
 10
1244.8678465796177
 20
30069.40468629467
 30
0.0
 11
1246.964321627486
 21
30070.92786457585
 31
0.0
 13
1105.0781289225495
 23
30277.373556005492
 33
0.0
 12
1092.371571297383
 22
30268.141701506258
 32
0.0
  0
SOLID
 62
256
  8
BASEMETAL
 10
1246.964321627486
 20
30070.92786457585
 30
0.0
 11
1249.1376405210374
 21
30072.339234367762
 31
0.0
 13
1118.2504305852146
 23
30285.927748725113
 33
0.0
 12
1105.0781289225495
 22
30277.373556005492
 32
0.0
  0
SOLID
 62
256
  8
BASEMETAL
 10
1249.1376405210374
 20
30072.339234367762
 30
0.0
 11
1251.3818463442499
 21
30073.63492720391
 31
0.0
 13
1131.8523719221168
 23
30293.780833217475
 33
0.0
 12
1118.2504305852146
 22
30285.927748725113
 32
0.0
  0
SOLID
 62
256
  8
BASEMETAL
 10
1251.3818463442499
 20
30073.63492720391
 30
0.0
 11
1253.690787884955
 21
30074.811391680294
 31
0.0
 13
1145.8466709575107
 23
30300.911284723843
 33
0.0
 12
1131.8523719221168
 22
30293.780833217475
 32
0.0
  0
SOLID
 62
256
  8
BASEMETAL
 10
1253.690787884955
 20
30074.811391680294
 30
0.0
 11
1256.0581364948823
 21
30075.86540318956
 31
0.0
 13
1160.1949702904724
 23
30307.299559172272
 33
0.0
 12
1145.8466709575107
 22
30300.911284723843
 32
0.0
  0
SOLID
 62
256
  8
BASEMETAL
 10
1256.0581364948823
 20
30075.86540318956
 30
0.0
 11
1258.4774034360446
 21
30076.79407275942
 31
0.0
 13
1174.857942229868
 23
30312.92814674654
 33
0.0
 12
1160.1949702904724
 22
30307.299559172272
 32
0.0
  0
SOLID
 62
256
  8
BASEMETAL
 10
1258.4774034360446
 20
30076.79407275942
 30
0.0
 11
1260.9419576659168
 21
30077.594854971143
 31
0.0
 13
1189.7953965888225
 23
30317.781619879344
 33
0.0
 12
1174.857942229868
 22
30312.92814674654
 32
0.0
  0
SOLID
 62
256
  8
BASEMETAL
 10
1260.9419576659168
 20
30077.594854971143
 30
0.0
 11
1263.4450440126643
 21
30078.265554936337
 31
0.0
 13
1204.9663908432276
 23
30321.84667553819
 33
0.0
 12
1189.7953965888225
 22
30317.781619879344
 32
0.0
  0
SOLID
 62
256
  8
BASEMETAL
 10
1263.4450440126643
 20
30078.265554936337
 30
0.0
 11
1265.979801690598
 21
30078.804334313027
 31
0.0
 13
1220.329342352355
 23
30325.112171688073
 33
0.0
 12
1204.9663908432276
 22
30321.84667553819
 32
0.0
  0
SOLID
 62
256
  8
BASEMETAL
 10
1265.979801690598
 20
30078.804334313027
 30
0.0
 11
1268.5392831051113
 21
30079.209716344383
 31
0.0
 13
1235.8421423339837
 23
30327.56915783103
 33
0.0
 12
1220.329342352355
 22
30325.112171688073
 32
0.0
  0
SOLID
 62
256
  8
BASEMETAL
 10
1268.5392831051113
 20
30079.209716344383
 30
0.0
 11
1271.1164728955546
 21
30079.480589906445
 31
0.0
 13
1251.4622712816458
 23
30329.210899538826
 33
0.0
 12
1235.8421423339837
 22
30327.56915783103
 32
0.0
  0
SOLID
 62
256
  8
BASEMETAL
 10
1271.1164728955546
 20
30079.480589906445
 30
0.0
 11
1273.7043071638507
 21
30079.6162125536
 31
0.0
 13
1267.1469155076372
 23
30330.032896911554
 33
0.0
 12
1251.4622712816458
 22
30329.210899538826
 32
0.0
  0
SOLID
 62
256
  8
BASEMETAL
 10
1273.7043071638507
 20
30079.6162125536
 30
0.0
 11
1276.295692836148
 21
30079.6162125536
 31
0.0
 13
1282.8530844923612
 23
30330.032896911554
 33
0.0
 12
1267.1469155076372
 22
30330.032896911554
 32
0.0
  0
SOLID
 62
256
  8
BASEMETAL
 10
1276.295692836148
 20
30079.6162125536
 30
0.0
 11
1278.883527104444
 21
30079.480589906445
 31
0.0
 13
1298.5377287183528
 23
30329.210899538826
 33
0.0
 12
1282.8530844923612
 22
30330.032896911554
 32
0.0
  0
SOLID
 62
256
  8
BASEMETAL
 10
1278.883527104444
 20
30079.480589906445
 30
0.0
 11
1281.4607168948874
 21
30079.209716344383
 31
0.0
 13
1314.1578576660147
 23
30327.56915783103
 33
0.0
 12
1298.5377287183528
 22
30329.210899538826
 32
0.0
  0
SOLID
 62
256
  8
BASEMETAL
 10
1281.4607168948874
 20
30079.209716344383
 30
0.0
 11
1284.0201983094007
 21
30078.804334313027
 31
0.0
 13
1329.6706576476436
 23
30325.112171688073
 33
0.0
 12
1314.1578576660147
 22
30327.56915783103
 32
0.0
  0
SOLID
 62
256
  8
BASEMETAL
 10
1284.0201983094007
 20
30078.804334313027
 30
0.0
 11
1286.5549559873343
 21
30078.265554936337
 31
0.0
 13
1345.0336091567708
 23
30321.84667553819
 33
0.0
 12
1329.6706576476436
 22
30325.112171688073
 32
0.0
  0
SOLID
 62
256
  8
BASEMETAL
 10
1286.5549559873343
 20
30078.265554936337
 30
0.0
 11
1289.0580423340818
 21
30077.594854971143
 31
0.0
 13
1360.204603411176
 23
30317.781619879344
 33
0.0
 12
1345.0336091567708
 22
30321.84667553819
 32
0.0
  0
SOLID
 62
256
  8
BASEMETAL
 10
1289.0580423340818
 20
30077.594854971143
 30
0.0
 11
1291.522596563954
 21
30076.79407275942
 31
0.0
 13
1375.1420577701306
 23
30312.92814674654
 33
0.0
 12
1360.204603411176
 22
30317.781619879344
 32
0.0
  0
SOLID
 62
256
  8
BASEMETAL
 10
1291.522596563954
 20
30076.79407275942
 30
0.0
 11
1293.941863505116
 21
30075.86540318956
 31
0.0
 13
1389.8050297095263
 23
30307.299559172272
 33
0.0
 12
1375.1420577701306
 22
30312.92814674654
 32
0.0
  0
SOLID
 62
256
  8
BASEMETAL
 10
1293.941863505116
 20
30075.86540318956
 30
0.0
 11
1296.3092121150435
 21
30074.811391680294
 31
0.0
 13
1404.1533290424877
 23
30300.911284723843
 33
0.0
 12
1389.8050297095263
 22
30307.299559172272
 32
0.0
  0
SOLID
 62
256
  8
BASEMETAL
 10
1296.3092121150435
 20
30074.811391680294
 30
0.0
 11
1298.6181536557488
 21
30073.63492720391
 31
0.0
 13
1418.1476280778818
 23
30293.780833217475
 33
0.0
 12
1404.1533290424877
 22
30300.911284723843
 32
0.0
  0
SOLID
 62
256
  8
BASEMETAL
 10
1298.6181536557488
 20
30073.63492720391
 30
0.0
 11
1300.8623594789613
 21
30072.339234367762
 31
0.0
 13
1431.749569414784
 23
30285.927748725113
 33
0.0
 12
1418.1476280778818
 22
30293.780833217475
 32
0.0
  0
SOLID
 62
256
  8
BASEMETAL
 10
1300.8623594789613
 20
30072.339234367762
 30
0.0
 11
1303.0356783725126
 21
30070.92786457585
 31
0.0
 13
1444.9218710774492
 23
30277.373556005492
 33
0.0
 12
1431.749569414784
 22
30285.927748725113
 32
0.0
  0
SOLID
 62
256
  8
BASEMETAL
 10
1303.0356783725126
 20
30070.92786457585
 30
0.0
 11
1305.1321534203807
 21
30069.40468629467
 31
0.0
 13
1457.6284287026153
 23
30268.141701506258
 33
0.0
 12
1444.9218710774492
 22
30277.373556005492
 32
0.0
  0
SOLID
 62
256
  8
BASEMETAL
 10
1305.1321534203807
 20
30069.40468629467
 30
0.0
 11
1307.1460383301842
 21
30067.77387445002
 31
0.0
 13
1469.8344144990544
 23
30258.257489098894
 33
0.0
 12
1457.6284287026153
 22
30268.141701506258
 32
0.0
  0
SOLID
 62
256
  8
BASEMETAL
 10
1307.1460383301842
 20
30067.77387445002
 30
0.0
 11
1309.0718131833682
 21
30066.039898983807
 31
0.0
 13
1481.5063727081256
 23
30247.74801072257
 33
0.0
 12
1469.8344144990544
 22
30258.257489098894
 32
0.0
  0
SOLID
 62
256
  8
BASEMETAL
 10
1309.0718131833682
 20
30066.039898983807
 30
0.0
 11
1309.9999999999993
 21
30065.135699418886
 31
0.0
 13
1487.1320343559635
 23
30242.26773377485
 33
0.0
 12
1481.5063727081256
 22
30247.74801072257
 32
0.0
  0
POLYLINE
 62
256
  8
BASEMETAL
 66
1
 10
0.0
 20
0.0
 30
0.0
 70
1
  0
VERTEX
  8
BASEMETAL
 10
3415.0
 20
27500.0
 30
0.0
  0
VERTEX
  8
BASEMETAL
 10
3415.0
 20
25000.0
 30
0.0
  0
VERTEX
  8
BASEMETAL
 10
3485.0
 20
25000.0
 30
0.0
  0
VERTEX
  8
BASEMETAL
 10
3485.0
 20
27500.0
 30
0.0
  0
SEQEND
  0
SOLID
 62
256
  8
BASEMETAL
 10
3415.0
 20
27500.0
 30
0.0
 11
3415.0
 21
25000.0
 31
0.0
 13
3485.0
 23
25000.0
 33
0.0
 12
3485.0
 22
27500.0
 32
0.0
  0
POLYLINE
 62
256
  8
BASEMETAL
 66
1
 10
0.0
 20
0.0
 30
0.0
 70
1
  0
VERTEX
  8
BASEMETAL
 10
3450.0
 20
24965.0
 30
0.0
  0
VERTEX
  8
BASEMETAL
 10
4450.0
 20
24965.0
 30
0.0
  0
VERTEX
  8
BASEMETAL
 10
4450.0
 20
25035.0
 30
0.0
  0
VERTEX
  8
BASEMETAL
 10
3450.0
 20
25035.0
 30
0.0
  0
SEQEND
  0
SOLID
 62
256
  8
BASEMETAL
 10
3450.0
 20
24965.0
 30
0.0
 11
4450.0
 21
24965.0
 31
0.0
 13
4450.0
 23
25035.0
 33
0.0
 12
3450.0
 22
25035.0
 32
0.0
  0
POLYLINE
 62
256
  8
BASEMETAL
 66
1
 10
0.0
 20
0.0
 30
0.0
 70
1
  0
VERTEX
  8
BASEMETAL
 10
4450.0
 20
24965.0
 30
0.0
  0
VERTEX
  8
BASEMETAL
 10
4455.235389661575
 20
24964.931464995112
 30
0.0
  0
VERTEX
  8
BASEMETAL
 10
4465.691819145569
 20
24964.383466746625
 30
0.0
  0
VERTEX
  8
BASEMETAL
 10
4476.10523844401
 20
24963.28897227476
 30
0.0
  0
VERTEX
  8
BASEMETAL
 10
4486.447105098429
 20
24961.65098151279
 30
0.0
  0
VERTEX
  8
BASEMETAL
 10
4496.689072771181
 20
24959.473984079534
 30
0.0
  0
VERTEX
  8
BASEMETAL
 10
4506.803068940784
 20
24956.76394697364
 30
0.0
  0
VERTEX
  8
BASEMETAL
 10
4516.761371846755
 20
24953.528298218436
 30
0.0
  0
VERTEX
  8
BASEMETAL
 10
4526.536686473018
 20
24949.77590650226
 30
0.0
  0
VERTEX
  8
BASEMETAL
 10
4536.102219361659
 20
24945.517056869972
 30
0.0
  0
VERTEX
  8
BASEMETAL
 10
4545.431752051922
 20
24940.763422532393
 30
0.0
  0
VERTEX
  8
BASEMETAL
 10
4554.4997129431895
 20
24935.528032870818
 30
0.0
  0
VERTEX
  8
BASEMETAL
 10
4563.281247384966
 20
24929.825237724403
 30
0.0
  0
VERTEX
  8
BASEMETAL
 10
4571.752285801744
 20
24923.670668058247
 30
0.0
  0
VERTEX
  8
BASEMETAL
 10
4579.889609666036
 20
24917.081193120008
 30
0.0
  0
VERTEX
  8
BASEMETAL
 10
4587.67091513875
 20
24910.07487420246
 30
0.0
  0
VERTEX
  8
BASEMETAL
 10
4595.074874202457
 20
24902.67091513875
 30
0.0
  0
VERTEX
  8
BASEMETAL
 10
4602.081193120006
 20
24894.889609666036
 30
0.0
  0
VERTEX
  8
BASEMETAL
 10
4608.670668058247
 20
24886.752285801744
 30
0.0
  0
VERTEX
  8
BASEMETAL
 10
4614.825237724403
 20
24878.281247384966
 30
0.0
  0
VERTEX
  8
BASEMETAL
 10
4620.528032870819
 20
24869.49971294319
 30
0.0
  0
VERTEX
  8
BASEMETAL
 10
4625.763422532393
 20
24860.43175205192
 30
0.0
  0
VERTEX
  8
BASEMETAL
 10
4630.517056869972
 20
24851.10221936166
 30
0.0
  0
VERTEX
  8
BASEMETAL
 10
4634.775906502257
 20
24841.536686473017
 30
0.0
  0
VERTEX
  8
BASEMETAL
 10
4638.528298218435
 20
24831.761371846755
 30
0.0
  0
VERTEX
  8
BASEMETAL
 10
4641.763946973639
 20
24821.803068940786
 30
0.0
  0
VERTEX
  8
BASEMETAL
 10
4644.4739840795355
 20
24811.68907277118
 30
0.0
  0
VERTEX
  8
BASEMETAL
 10
4646.650981512791
 20
24801.44710509843
 30
0.0
  0
VERTEX
  8
BASEMETAL
 10
4648.288972274762
 20
24791.10523844401
 30
0.0
  0
VERTEX
  8
BASEMETAL
 10
4649.383466746625
 20
24780.69181914557
 30
0.0
  0
VERTEX
  8
BASEMETAL
 10
4649.931464995111
 20
24770.235389661575
 30
0.0
  0
VERTEX
  8
BASEMETAL
 10
4650.0
 20
24765.0
 30
0.0
  0
VERTEX
  8
BASEMETAL
 10
4720.0
 20
24765.0
 30
0.0
  0
VERTEX
  8
BASEMETAL
 10
4719.907477743401
 20
24772.067776043124
 30
0.0
  0
VERTEX
  8
BASEMETAL
 10
4719.167680107945
 20
24786.183955846518
 30
0.0
  0
VERTEX
  8
BASEMETAL
 10
4717.690112570929
 20
24800.242071899414
 30
0.0
  0
VERTEX
  8
BASEMETAL
 10
4715.478825042268
 20
24814.20359188288
 30
0.0
  0
VERTEX
  8
BASEMETAL
 10
4712.539878507373
 20
24828.030248241095
 30
0.0
  0
VERTEX
  8
BASEMETAL
 10
4708.881328414413
 20
24841.68414307006
 30
0.0
  0
VERTEX
  8
BASEMETAL
 10
4704.513202594888
 20
24855.12785199312
 30
0.0
  0
VERTEX
  8
BASEMETAL
 10
4699.447473778047
 20
24868.324526738576
 30
0.0
  0
VERTEX
  8
BASEMETAL
 10
4693.698026774462
 20
24881.23799613824
 30
0.0
  0
VERTEX
  8
BASEMETAL
 10
4687.280620418731
 20
24893.832865270095
 30
0.0
  0
VERTEX
  8
BASEMETAL
 10
4680.212844375605
 20
24906.074612473305
 30
0.0
  0
VERTEX
  8
BASEMETAL
 10
4672.514070927944
 20
24917.929683969705
 30
0.0
  0
VERTEX
  8
BASEMETAL
 10
4664.205401878634
 20
24929.365585832355
 30
0.0
  0
VERTEX
  8
BASEMETAL
 10
4655.309610712008
 20
24940.35097304915
 30
0.0
  0
VERTEX
  8
BASEMETAL
 10
4645.851080173317
 20
24950.855735437315
 30
0.0
  0
VERTEX
  8
BASEMETAL
 10
4635.855735437313
 20
24960.851080173317
 30
0.0
  0
VERTEX
  8
BASEMETAL
 10
4625.35097304915
 20
24970.309610712007
 30
0.0
  0
VERTEX
  8
BASEMETAL
 10
4614.365585832355
 20
24979.205401878633
 30
0.0
  0
VERTEX
  8
BASEMETAL
 10
4602.9296839697045
 20
24987.514070927944
 30
0.0
  0
VERTEX
  8
BASEMETAL
 10
4591.074612473306
 20
24995.212844375605
 30
0.0
  0
VERTEX
  8
BASEMETAL
 10
4578.832865270094
 20
25002.28062041873
 30
0.0
  0
VERTEX
  8
BASEMETAL
 10
4566.237996138239
 20
25008.698026774462
 30
0.0
  0
VERTEX
  8
BASEMETAL
 10
4553.324526738575
 20
25014.447473778047
 30
0.0
  0
VERTEX
  8
BASEMETAL
 10
4540.127851993118
 20
25019.513202594888
 30
0.0
  0
VERTEX
  8
BASEMETAL
 10
4526.684143070059
 20
25023.881328414413
 30
0.0
  0
VERTEX
  8
BASEMETAL
 10
4513.030248241094
 20
25027.539878507374
 30
0.0
  0
VERTEX
  8
BASEMETAL
 10
4499.20359188288
 20
25030.478825042268
 30
0.0
  0
VERTEX
  8
BASEMETAL
 10
4485.2420718994135
 20
25032.69011257093
 30
0.0
  0
VERTEX
  8
BASEMETAL
 10
4471.183955846518
 20
25034.167680107945
 30
0.0
  0
VERTEX
  8
BASEMETAL
 10
4457.067776043125
 20
25034.9074777434
 30
0.0
  0
VERTEX
  8
BASEMETAL
 10
4450.0
 20
25035.0
 30
0.0
  0
SEQEND
  0
SOLID
 62
256
  8
BASEMETAL
 10
4450.0
 20
24965.0
 30
0.0
 11
4455.235389661575
 21
24964.931464995112
 31
0.0
 13
4457.067776043125
 23
25034.9074777434
 33
0.0
 12
4450.0
 22
25035.0
 32
0.0
  0
SOLID
 62
256
  8
BASEMETAL
 10
4455.235389661575
 20
24964.931464995112
 30
0.0
 11
4465.691819145569
 21
24964.383466746625
 31
0.0
 13
4471.183955846518
 23
25034.167680107945
 33
0.0
 12
4457.067776043125
 22
25034.9074777434
 32
0.0
  0
SOLID
 62
256
  8
BASEMETAL
 10
4465.691819145569
 20
24964.383466746625
 30
0.0
 11
4476.10523844401
 21
24963.28897227476
 31
0.0
 13
4485.2420718994135
 23
25032.69011257093
 33
0.0
 12
4471.183955846518
 22
25034.167680107945
 32
0.0
  0
SOLID
 62
256
  8
BASEMETAL
 10
4476.10523844401
 20
24963.28897227476
 30
0.0
 11
4486.447105098429
 21
24961.65098151279
 31
0.0
 13
4499.20359188288
 23
25030.478825042268
 33
0.0
 12
4485.2420718994135
 22
25032.69011257093
 32
0.0
  0
SOLID
 62
256
  8
BASEMETAL
 10
4486.447105098429
 20
24961.65098151279
 30
0.0
 11
4496.689072771181
 21
24959.473984079534
 31
0.0
 13
4513.030248241094
 23
25027.539878507374
 33
0.0
 12
4499.20359188288
 22
25030.478825042268
 32
0.0
  0
SOLID
 62
256
  8
BASEMETAL
 10
4496.689072771181
 20
24959.473984079534
 30
0.0
 11
4506.803068940784
 21
24956.76394697364
 31
0.0
 13
4526.684143070059
 23
25023.881328414413
 33
0.0
 12
4513.030248241094
 22
25027.539878507374
 32
0.0
  0
SOLID
 62
256
  8
BASEMETAL
 10
4506.803068940784
 20
24956.76394697364
 30
0.0
 11
4516.761371846755
 21
24953.528298218436
 31
0.0
 13
4540.127851993118
 23
25019.513202594888
 33
0.0
 12
4526.684143070059
 22
25023.881328414413
 32
0.0
  0
SOLID
 62
256
  8
BASEMETAL
 10
4516.761371846755
 20
24953.528298218436
 30
0.0
 11
4526.536686473018
 21
24949.77590650226
 31
0.0
 13
4553.324526738575
 23
25014.447473778047
 33
0.0
 12
4540.127851993118
 22
25019.513202594888
 32
0.0
  0
SOLID
 62
256
  8
BASEMETAL
 10
4526.536686473018
 20
24949.77590650226
 30
0.0
 11
4536.102219361659
 21
24945.517056869972
 31
0.0
 13
4566.237996138239
 23
25008.698026774462
 33
0.0
 12
4553.324526738575
 22
25014.447473778047
 32
0.0
  0
SOLID
 62
256
  8
BASEMETAL
 10
4536.102219361659
 20
24945.517056869972
 30
0.0
 11
4545.431752051922
 21
24940.763422532393
 31
0.0
 13
4578.832865270094
 23
25002.28062041873
 33
0.0
 12
4566.237996138239
 22
25008.698026774462
 32
0.0
  0
SOLID
 62
256
  8
BASEMETAL
 10
4545.431752051922
 20
24940.763422532393
 30
0.0
 11
4554.4997129431895
 21
24935.528032870818
 31
0.0
 13
4591.074612473306
 23
24995.212844375605
 33
0.0
 12
4578.832865270094
 22
25002.28062041873
 32
0.0
  0
SOLID
 62
256
  8
BASEMETAL
 10
4554.4997129431895
 20
24935.528032870818
 30
0.0
 11
4563.281247384966
 21
24929.825237724403
 31
0.0
 13
4602.9296839697045
 23
24987.514070927944
 33
0.0
 12
4591.074612473306
 22
24995.212844375605
 32
0.0
  0
SOLID
 62
256
  8
BASEMETAL
 10
4563.281247384966
 20
24929.825237724403
 30
0.0
 11
4571.752285801744
 21
24923.670668058247
 31
0.0
 13
4614.365585832355
 23
24979.205401878633
 33
0.0
 12
4602.9296839697045
 22
24987.514070927944
 32
0.0
  0
SOLID
 62
256
  8
BASEMETAL
 10
4571.752285801744
 20
24923.670668058247
 30
0.0
 11
4579.889609666036
 21
24917.081193120008
 31
0.0
 13
4625.35097304915
 23
24970.309610712007
 33
0.0
 12
4614.365585832355
 22
24979.205401878633
 32
0.0
  0
SOLID
 62
256
  8
BASEMETAL
 10
4579.889609666036
 20
24917.081193120008
 30
0.0
 11
4587.67091513875
 21
24910.07487420246
 31
0.0
 13
4635.855735437313
 23
24960.851080173317
 33
0.0
 12
4625.35097304915
 22
24970.309610712007
 32
0.0
  0
SOLID
 62
256
  8
BASEMETAL
 10
4587.67091513875
 20
24910.07487420246
 30
0.0
 11
4595.074874202457
 21
24902.67091513875
 31
0.0
 13
4645.851080173317
 23
24950.855735437315
 33
0.0
 12
4635.855735437313
 22
24960.851080173317
 32
0.0
  0
SOLID
 62
256
  8
BASEMETAL
 10
4595.074874202457
 20
24902.67091513875
 30
0.0
 11
4602.081193120006
 21
24894.889609666036
 31
0.0
 13
4655.309610712008
 23
24940.35097304915
 33
0.0
 12
4645.851080173317
 22
24950.855735437315
 32
0.0
  0
SOLID
 62
256
  8
BASEMETAL
 10
4602.081193120006
 20
24894.889609666036
 30
0.0
 11
4608.670668058247
 21
24886.752285801744
 31
0.0
 13
4664.205401878634
 23
24929.365585832355
 33
0.0
 12
4655.309610712008
 22
24940.35097304915
 32
0.0
  0
SOLID
 62
256
  8
BASEMETAL
 10
4608.670668058247
 20
24886.752285801744
 30
0.0
 11
4614.825237724403
 21
24878.281247384966
 31
0.0
 13
4672.514070927944
 23
24917.929683969705
 33
0.0
 12
4664.205401878634
 22
24929.365585832355
 32
0.0
  0
SOLID
 62
256
  8
BASEMETAL
 10
4614.825237724403
 20
24878.281247384966
 30
0.0
 11
4620.528032870819
 21
24869.49971294319
 31
0.0
 13
4680.212844375605
 23
24906.074612473305
 33
0.0
 12
4672.514070927944
 22
24917.929683969705
 32
0.0
  0
SOLID
 62
256
  8
BASEMETAL
 10
4620.528032870819
 20
24869.49971294319
 30
0.0
 11
4625.763422532393
 21
24860.43175205192
 31
0.0
 13
4687.280620418731
 23
24893.832865270095
 33
0.0
 12
4680.212844375605
 22
24906.074612473305
 32
0.0
  0
SOLID
 62
256
  8
BASEMETAL
 10
4625.763422532393
 20
24860.43175205192
 30
0.0
 11
4630.517056869972
 21
24851.10221936166
 31
0.0
 13
4693.698026774462
 23
24881.23799613824
 33
0.0
 12
4687.280620418731
 22
24893.832865270095
 32
0.0
  0
SOLID
 62
256
  8
BASEMETAL
 10
4630.517056869972
 20
24851.10221936166
 30
0.0
 11
4634.775906502257
 21
24841.536686473017
 31
0.0
 13
4699.447473778047
 23
24868.324526738576
 33
0.0
 12
4693.698026774462
 22
24881.23799613824
 32
0.0
  0
SOLID
 62
256
  8
BASEMETAL
 10
4634.775906502257
 20
24841.536686473017
 30
0.0
 11
4638.528298218435
 21
24831.761371846755
 31
0.0
 13
4704.513202594888
 23
24855.12785199312
 33
0.0
 12
4699.447473778047
 22
24868.324526738576
 32
0.0
  0
SOLID
 62
256
  8
BASEMETAL
 10
4638.528298218435
 20
24831.761371846755
 30
0.0
 11
4641.763946973639
 21
24821.803068940786
 31
0.0
 13
4708.881328414413
 23
24841.68414307006
 33
0.0
 12
4704.513202594888
 22
24855.12785199312
 32
0.0
  0
SOLID
 62
256
  8
BASEMETAL
 10
4641.763946973639
 20
24821.803068940786
 30
0.0
 11
4644.4739840795355
 21
24811.68907277118
 31
0.0
 13
4712.539878507373
 23
24828.030248241095
 33
0.0
 12
4708.881328414413
 22
24841.68414307006
 32
0.0
  0
SOLID
 62
256
  8
BASEMETAL
 10
4644.4739840795355
 20
24811.68907277118
 30
0.0
 11
4646.650981512791
 21
24801.44710509843
 31
0.0
 13
4715.478825042268
 23
24814.20359188288
 33
0.0
 12
4712.539878507373
 22
24828.030248241095
 32
0.0
  0
SOLID
 62
256
  8
BASEMETAL
 10
4646.650981512791
 20
24801.44710509843
 30
0.0
 11
4648.288972274762
 21
24791.10523844401
 31
0.0
 13
4717.690112570929
 23
24800.242071899414
 33
0.0
 12
4715.478825042268
 22
24814.20359188288
 32
0.0
  0
SOLID
 62
256
  8
BASEMETAL
 10
4648.288972274762
 20
24791.10523844401
 30
0.0
 11
4649.383466746625
 21
24780.69181914557
 31
0.0
 13
4719.167680107945
 23
24786.183955846518
 33
0.0
 12
4717.690112570929
 22
24800.242071899414
 32
0.0
  0
SOLID
 62
256
  8
BASEMETAL
 10
4649.383466746625
 20
24780.69181914557
 30
0.0
 11
4649.931464995111
 21
24770.235389661575
 31
0.0
 13
4719.907477743401
 23
24772.067776043124
 33
0.0
 12
4719.167680107945
 22
24786.183955846518
 32
0.0
  0
SOLID
 62
256
  8
BASEMETAL
 10
4649.931464995111
 20
24770.235389661575
 30
0.0
 11
4650.0
 21
24765.0
 31
0.0
 13
4720.0
 23
24765.0
 33
0.0
 12
4719.907477743401
 22
24772.067776043124
 32
0.0
  0
POLYLINE
 62
256
  8
BASEMETAL
 66
1
 10
0.0
 20
0.0
 30
0.0
 70
1
  0
VERTEX
  8
BASEMETAL
 10
4650.0
 20
24765.0
 30
0.0
  0
VERTEX
  8
BASEMETAL
 10
4650.0
 20
22121.059288245586
 30
0.0
  0
VERTEX
  8
BASEMETAL
 10
4720.0
 20
22121.059288245586
 30
0.0
  0
VERTEX
  8
BASEMETAL
 10
4720.0
 20
24765.0
 30
0.0
  0
SEQEND
  0
SOLID
 62
256
  8
BASEMETAL
 10
4650.0
 20
24765.0
 30
0.0
 11
4650.0
 21
22121.059288245586
 31
0.0
 13
4720.0
 23
22121.059288245586
 33
0.0
 12
4720.0
 22
24765.0
 32
0.0
  0
POLYLINE
 62
256
  8
BASEMETAL
 66
1
 10
0.0
 20
0.0
 30
0.0
 70
1
  0
VERTEX
  8
BASEMETAL
 10
4720.0
 20
22121.059288245586
 30
0.0
  0
VERTEX
  8
BASEMETAL
 10
4720.068535004889
 20
22115.82389858401
 30
0.0
  0
VERTEX
  8
BASEMETAL
 10
4720.616533253375
 20
22105.367469100016
 30
0.0
  0
VERTEX
  8
BASEMETAL
 10
4721.711027725238
 20
22094.954049801574
 30
0.0
  0
VERTEX
  8
BASEMETAL
 10
4723.349018487209
 20
22084.612183147157
 30
0.0
  0
VERTEX
  8
BASEMETAL
 10
4725.5260159204645
 20
22074.370215474406
 30
0.0
  0
VERTEX
  8
BASEMETAL
 10
4728.236053026361
 20
22064.2562193048
 30
0.0
  0
VERTEX
  8
BASEMETAL
 10
4731.471701781565
 20
22054.29791639883
 30
0.0
  0
VERTEX
  8
BASEMETAL
 10
4735.224093497743
 20
22044.52260177257
 30
0.0
  0
VERTEX
  8
BASEMETAL
 10
4739.482943130028
 20
22034.957068883927
 30
0.0
  0
VERTEX
  8
BASEMETAL
 10
4744.236577467607
 20
22025.627536193664
 30
0.0
  0
VERTEX
  8
BASEMETAL
 10
4749.471967129181
 20
22016.559575302395
 30
0.0
  0
VERTEX
  8
BASEMETAL
 10
4755.174762275597
 20
22007.77804086062
 30
0.0
  0
VERTEX
  8
BASEMETAL
 10
4761.329331941753
 20
21999.307002443842
 30
0.0
  0
VERTEX
  8
BASEMETAL
 10
4767.918806879994
 20
21991.16967857955
 30
0.0
  0
VERTEX
  8
BASEMETAL
 10
4774.925125797542
 20
21983.388373106834
 30
0.0
  0
VERTEX
  8
BASEMETAL
 10
4782.32908486125
 20
21975.984414043127
 30
0.0
  0
VERTEX
  8
BASEMETAL
 10
4790.110390333964
 20
21968.978095125578
 30
0.0
  0
VERTEX
  8
BASEMETAL
 10
4798.247714198256
 20
21962.38862018734
 30
0.0
  0
VERTEX
  8
BASEMETAL
 10
4806.718752615034
 20
21956.234050521183
 30
0.0
  0
VERTEX
  8
BASEMETAL
 10
4815.5002870568105
 20
21950.531255374768
 30
0.0
  0
VERTEX
  8
BASEMETAL
 10
4824.568247948078
 20
21945.295865713193
 30
0.0
  0
VERTEX
  8
BASEMETAL
 10
4833.897780638341
 20
21940.542231375613
 30
0.0
  0
VERTEX
  8
BASEMETAL
 10
4843.463313526982
 20
21936.283381743327
 30
0.0
  0
VERTEX
  8
BASEMETAL
 10
4853.238628153245
 20
21932.53099002715
 30
0.0
  0
VERTEX
  8
BASEMETAL
 10
4863.196931059216
 20
21929.295341271947
 30
0.0
  0
VERTEX
  8
BASEMETAL
 10
4873.310927228819
 20
21926.585304166052
 30
0.0
  0
VERTEX
  8
BASEMETAL
 10
4883.552894901571
 20
21924.408306732796
 30
0.0
  0
VERTEX
  8
BASEMETAL
 10
4893.89476155599
 20
21922.770315970825
 30
0.0
  0
VERTEX
  8
BASEMETAL
 10
4904.308180854431
 20
21921.67582149896
 30
0.0
  0
VERTEX
  8
BASEMETAL
 10
4914.764610338425
 20
21921.127823250474
 30
0.0
  0
VERTEX
  8
BASEMETAL
 10
4925.235389661575
 20
21921.127823250474
 30
0.0
  0
VERTEX
  8
BASEMETAL
 10
4935.691819145569
 20
21921.67582149896
 30
0.0
  0
VERTEX
  8
BASEMETAL
 10
4946.10523844401
 20
21922.770315970825
 30
0.0
  0
VERTEX
  8
BASEMETAL
 10
4956.447105098429
 20
21924.408306732796
 30
0.0
  0
VERTEX
  8
BASEMETAL
 10
4966.689072771181
 20
21926.585304166052
 30
0.0
  0
VERTEX
  8
BASEMETAL
 10
4976.803068940784
 20
21929.295341271947
 30
0.0
  0
VERTEX
  8
BASEMETAL
 10
4986.761371846755
 20
21932.53099002715
 30
0.0
  0
VERTEX
  8
BASEMETAL
 10
4996.536686473018
 20
21936.283381743327
 30
0.0
  0
VERTEX
  8
BASEMETAL
 10
5006.102219361659
 20
21940.542231375613
 30
0.0
  0
VERTEX
  8
BASEMETAL
 10
5015.431752051922
 20
21945.295865713193
 30
0.0
  0
VERTEX
  8
BASEMETAL
 10
5024.4997129431895
 20
21950.531255374768
 30
0.0
  0
VERTEX
  8
BASEMETAL
 10
5033.281247384966
 20
21956.234050521183
 30
0.0
  0
VERTEX
  8
BASEMETAL
 10
5041.752285801744
 20
21962.38862018734
 30
0.0
  0
VERTEX
  8
BASEMETAL
 10
5049.889609666036
 20
21968.978095125578
 30
0.0
  0
VERTEX
  8
BASEMETAL
 10
5057.67091513875
 20
21975.984414043127
 30
0.0
  0
VERTEX
  8
BASEMETAL
 10
5065.074874202457
 20
21983.388373106834
 30
0.0
  0
VERTEX
  8
BASEMETAL
 10
5072.081193120006
 20
21991.16967857955
 30
0.0
  0
VERTEX
  8
BASEMETAL
 10
5078.6706680582465
 20
21999.307002443842
 30
0.0
  0
VERTEX
  8
BASEMETAL
 10
5084.825237724403
 20
22007.77804086062
 30
0.0
  0
VERTEX
  8
BASEMETAL
 10
5090.528032870819
 20
22016.559575302395
 30
0.0
  0
VERTEX
  8
BASEMETAL
 10
5095.763422532393
 20
22025.627536193664
 30
0.0
  0
VERTEX
  8
BASEMETAL
 10
5100.517056869972
 20
22034.957068883927
 30
0.0
  0
VERTEX
  8
BASEMETAL
 10
5104.775906502257
 20
22044.52260177257
 30
0.0
  0
VERTEX
  8
BASEMETAL
 10
5108.528298218435
 20
22054.29791639883
 30
0.0
  0
VERTEX
  8
BASEMETAL
 10
5111.763946973639
 20
22064.2562193048
 30
0.0
  0
VERTEX
  8
BASEMETAL
 10
5114.4739840795355
 20
22074.370215474406
 30
0.0
  0
VERTEX
  8
BASEMETAL
 10
5116.650981512791
 20
22084.612183147157
 30
0.0
  0
VERTEX
  8
BASEMETAL
 10
5118.288972274762
 20
22094.954049801574
 30
0.0
  0
VERTEX
  8
BASEMETAL
 10
5119.383466746625
 20
22105.367469100016
 30
0.0
  0
VERTEX
  8
BASEMETAL
 10
5119.931464995111
 20
22115.82389858401
 30
0.0
  0
VERTEX
  8
BASEMETAL
 10
5120.0
 20
22121.059288245586
 30
0.0
  0
VERTEX
  8
BASEMETAL
 10
5190.0
 20
22121.059288245586
 30
0.0
  0
VERTEX
  8
BASEMETAL
 10
5189.907477743401
 20
22113.99151220246
 30
0.0
  0
VERTEX
  8
BASEMETAL
 10
5189.167680107945
 20
22099.875332399068
 30
0.0
  0
VERTEX
  8
BASEMETAL
 10
5187.690112570929
 20
22085.81721634617
 30
0.0
  0
VERTEX
  8
BASEMETAL
 10
5185.478825042268
 20
22071.855696362705
 30
0.0
  0
VERTEX
  8
BASEMETAL
 10
5182.539878507373
 20
22058.02904000449
 30
0.0
  0
VERTEX
  8
BASEMETAL
 10
5178.881328414413
 20
22044.375145175527
 30
0.0
  0
VERTEX
  8
BASEMETAL
 10
5174.513202594888
 20
22030.931436252467
 30
0.0
  0
VERTEX
  8
BASEMETAL
 10
5169.447473778047
 20
22017.73476150701
 30
0.0
  0
VERTEX
  8
BASEMETAL
 10
5163.698026774462
 20
22004.821292107346
 30
0.0
  0
VERTEX
  8
BASEMETAL
 10
5157.280620418731
 20
21992.22642297549
 30
0.0
  0
VERTEX
  8
BASEMETAL
 10
5150.212844375605
 20
21979.98467577228
 30
0.0
  0
VERTEX
  8
BASEMETAL
 10
5142.514070927944
 20
21968.12960427588
 30
0.0
  0
VERTEX
  8
BASEMETAL
 10
5134.205401878633
 20
21956.69370241323
 30
0.0
  0
VERTEX
  8
BASEMETAL
 10
5125.309610712008
 20
21945.708315196436
 30
0.0
  0
VERTEX
  8
BASEMETAL
 10
5115.851080173317
 20
21935.20355280827
 30
0.0
  0
VERTEX
  8
BASEMETAL
 10
5105.855735437313
 20
21925.20820807227
 30
0.0
  0
VERTEX
  8
BASEMETAL
 10
5095.35097304915
 20
21915.74967753358
 30
0.0
  0
VERTEX
  8
BASEMETAL
 10
5084.365585832355
 20
21906.853886366953
 30
0.0
  0
VERTEX
  8
BASEMETAL
 10
5072.9296839697045
 20
21898.54521731764
 30
0.0
  0
VERTEX
  8
BASEMETAL
 10
5061.074612473306
 20
21890.84644386998
 30
0.0
  0
VERTEX
  8
BASEMETAL
 10
5048.832865270095
 20
21883.778667826857
 30
0.0
  0
VERTEX
  8
BASEMETAL
 10
5036.237996138239
 20
21877.361261471124
 30
0.0
  0
VERTEX
  8
BASEMETAL
 10
5023.324526738575
 20
21871.61181446754
 30
0.0
  0
VERTEX
  8
BASEMETAL
 10
5010.127851993118
 20
21866.546085650698
 30
0.0
  0
VERTEX
  8
BASEMETAL
 10
4996.684143070059
 20
21862.177959831173
 30
0.0
  0
VERTEX
  8
BASEMETAL
 10
4983.030248241094
 20
21858.519409738212
 30
0.0
  0
VERTEX
  8
BASEMETAL
 10
4969.20359188288
 20
21855.580463203318
 30
0.0
  0
VERTEX
  8
BASEMETAL
 10
4955.2420718994135
 20
21853.369175674656
 30
0.0
  0
VERTEX
  8
BASEMETAL
 10
4941.183955846518
 20
21851.89160813764
 30
0.0
  0
VERTEX
  8
BASEMETAL
 10
4927.067776043125
 20
21851.151810502186
 30
0.0
  0
VERTEX
  8
BASEMETAL
 10
4912.932223956875
 20
21851.151810502186
 30
0.0
  0
VERTEX
  8
BASEMETAL
 10
4898.816044153482
 20
21851.89160813764
 30
0.0
  0
VERTEX
  8
BASEMETAL
 10
4884.7579281005865
 20
21853.369175674656
 30
0.0
  0
VERTEX
  8
BASEMETAL
 10
4870.79640811712
 20
21855.580463203318
 30
0.0
  0
VERTEX
  8
BASEMETAL
 10
4856.969751758906
 20
21858.519409738212
 30
0.0
  0
VERTEX
  8
BASEMETAL
 10
4843.315856929941
 20
21862.177959831173
 30
0.0
  0
VERTEX
  8
BASEMETAL
 10
4829.872148006882
 20
21866.546085650698
 30
0.0
  0
VERTEX
  8
BASEMETAL
 10
4816.675473261425
 20
21871.61181446754
 30
0.0
  0
VERTEX
  8
BASEMETAL
 10
4803.762003861761
 20
21877.361261471124
 30
0.0
  0
VERTEX
  8
BASEMETAL
 10
4791.167134729906
 20
21883.778667826857
 30
0.0
  0
VERTEX
  8
BASEMETAL
 10
4778.925387526694
 20
21890.84644386998
 30
0.0
  0
VERTEX
  8
BASEMETAL
 10
4767.0703160302955
 20
21898.54521731764
 30
0.0
  0
VERTEX
  8
BASEMETAL
 10
4755.634414167645
 20
21906.853886366953
 30
0.0
  0
VERTEX
  8
BASEMETAL
 10
4744.64902695085
 20
21915.74967753358
 30
0.0
  0
VERTEX
  8
BASEMETAL
 10
4734.144264562687
 20
21925.20820807227
 30
0.0
  0
VERTEX
  8
BASEMETAL
 10
4724.148919826683
 20
21935.20355280827
 30
0.0
  0
VERTEX
  8
BASEMETAL
 10
4714.690389287992
 20
21945.708315196436
 30
0.0
  0
VERTEX
  8
BASEMETAL
 10
4705.794598121366
 20
21956.69370241323
 30
0.0
  0
VERTEX
  8
BASEMETAL
 10
4697.485929072056
 20
21968.12960427588
 30
0.0
  0
VERTEX
  8
BASEMETAL
 10
4689.787155624395
 20
21979.98467577228
 30
0.0
  0
VERTEX
  8
BASEMETAL
 10
4682.719379581269
 20
21992.22642297549
 30
0.0
  0
VERTEX
  8
BASEMETAL
 10
4676.301973225538
 20
22004.821292107346
 30
0.0
  0
VERTEX
  8
BASEMETAL
 10
4670.552526221953
 20
22017.73476150701
 30
0.0
  0
VERTEX
  8
BASEMETAL
 10
4665.486797405112
 20
22030.931436252467
 30
0.0
  0
VERTEX
  8
BASEMETAL
 10
4661.118671585588
 20
22044.375145175527
 30
0.0
  0
VERTEX
  8
BASEMETAL
 10
4657.460121492627
 20
22058.02904000449
 30
0.0
  0
VERTEX
  8
BASEMETAL
 10
4654.521174957732
 20
22071.855696362705
 30
0.0
  0
VERTEX
  8
BASEMETAL
 10
4652.309887429071
 20
22085.81721634617
 30
0.0
  0
VERTEX
  8
BASEMETAL
 10
4650.832319892055
 20
22099.875332399068
 30
0.0
  0
VERTEX
  8
BASEMETAL
 10
4650.092522256599
 20
22113.99151220246
 30
0.0
  0
VERTEX
  8
BASEMETAL
 10
4650.0
 20
22121.059288245586
 30
0.0
  0
SEQEND
  0
SOLID
 62
256
  8
BASEMETAL
 10
4720.0
 20
22121.059288245586
 30
0.0
 11
4720.068535004889
 21
22115.82389858401
 31
0.0
 13
4650.092522256599
 23
22113.99151220246
 33
0.0
 12
4650.0
 22
22121.059288245586
 32
0.0
  0
SOLID
 62
256
  8
BASEMETAL
 10
4720.068535004889
 20
22115.82389858401
 30
0.0
 11
4720.616533253375
 21
22105.367469100016
 31
0.0
 13
4650.832319892055
 23
22099.875332399068
 33
0.0
 12
4650.092522256599
 22
22113.99151220246
 32
0.0
  0
SOLID
 62
256
  8
BASEMETAL
 10
4720.616533253375
 20
22105.367469100016
 30
0.0
 11
4721.711027725238
 21
22094.954049801574
 31
0.0
 13
4652.309887429071
 23
22085.81721634617
 33
0.0
 12
4650.832319892055
 22
22099.875332399068
 32
0.0
  0
SOLID
 62
256
  8
BASEMETAL
 10
4721.711027725238
 20
22094.954049801574
 30
0.0
 11
4723.349018487209
 21
22084.612183147157
 31
0.0
 13
4654.521174957732
 23
22071.855696362705
 33
0.0
 12
4652.309887429071
 22
22085.81721634617
 32
0.0
  0
SOLID
 62
256
  8
BASEMETAL
 10
4723.349018487209
 20
22084.612183147157
 30
0.0
 11
4725.5260159204645
 21
22074.370215474406
 31
0.0
 13
4657.460121492627
 23
22058.02904000449
 33
0.0
 12
4654.521174957732
 22
22071.855696362705
 32
0.0
  0
SOLID
 62
256
  8
BASEMETAL
 10
4725.5260159204645
 20
22074.370215474406
 30
0.0
 11
4728.236053026361
 21
22064.2562193048
 31
0.0
 13
4661.118671585588
 23
22044.375145175527
 33
0.0
 12
4657.460121492627
 22
22058.02904000449
 32
0.0
  0
SOLID
 62
256
  8
BASEMETAL
 10
4728.236053026361
 20
22064.2562193048
 30
0.0
 11
4731.471701781565
 21
22054.29791639883
 31
0.0
 13
4665.486797405112
 23
22030.931436252467
 33
0.0
 12
4661.118671585588
 22
22044.375145175527
 32
0.0
  0
SOLID
 62
256
  8
BASEMETAL
 10
4731.471701781565
 20
22054.29791639883
 30
0.0
 11
4735.224093497743
 21
22044.52260177257
 31
0.0
 13
4670.552526221953
 23
22017.73476150701
 33
0.0
 12
4665.486797405112
 22
22030.931436252467
 32
0.0
  0
SOLID
 62
256
  8
BASEMETAL
 10
4735.224093497743
 20
22044.52260177257
 30
0.0
 11
4739.482943130028
 21
22034.957068883927
 31
0.0
 13
4676.301973225538
 23
22004.821292107346
 33
0.0
 12
4670.552526221953
 22
22017.73476150701
 32
0.0
  0
SOLID
 62
256
  8
BASEMETAL
 10
4739.482943130028
 20
22034.957068883927
 30
0.0
 11
4744.236577467607
 21
22025.627536193664
 31
0.0
 13
4682.719379581269
 23
21992.22642297549
 33
0.0
 12
4676.301973225538
 22
22004.821292107346
 32
0.0
  0
SOLID
 62
256
  8
BASEMETAL
 10
4744.236577467607
 20
22025.627536193664
 30
0.0
 11
4749.471967129181
 21
22016.559575302395
 31
0.0
 13
4689.787155624395
 23
21979.98467577228
 33
0.0
 12
4682.719379581269
 22
21992.22642297549
 32
0.0
  0
SOLID
 62
256
  8
BASEMETAL
 10
4749.471967129181
 20
22016.559575302395
 30
0.0
 11
4755.174762275597
 21
22007.77804086062
 31
0.0
 13
4697.485929072056
 23
21968.12960427588
 33
0.0
 12
4689.787155624395
 22
21979.98467577228
 32
0.0
  0
SOLID
 62
256
  8
BASEMETAL
 10
4755.174762275597
 20
22007.77804086062
 30
0.0
 11
4761.329331941753
 21
21999.307002443842
 31
0.0
 13
4705.794598121366
 23
21956.69370241323
 33
0.0
 12
4697.485929072056
 22
21968.12960427588
 32
0.0
  0
SOLID
 62
256
  8
BASEMETAL
 10
4761.329331941753
 20
21999.307002443842
 30
0.0
 11
4767.918806879994
 21
21991.16967857955
 31
0.0
 13
4714.690389287992
 23
21945.708315196436
 33
0.0
 12
4705.794598121366
 22
21956.69370241323
 32
0.0
  0
SOLID
 62
256
  8
BASEMETAL
 10
4767.918806879994
 20
21991.16967857955
 30
0.0
 11
4774.925125797542
 21
21983.388373106834
 31
0.0
 13
4724.148919826683
 23
21935.20355280827
 33
0.0
 12
4714.690389287992
 22
21945.708315196436
 32
0.0
  0
SOLID
 62
256
  8
BASEMETAL
 10
4774.925125797542
 20
21983.388373106834
 30
0.0
 11
4782.32908486125
 21
21975.984414043127
 31
0.0
 13
4734.144264562687
 23
21925.20820807227
 33
0.0
 12
4724.148919826683
 22
21935.20355280827
 32
0.0
  0
SOLID
 62
256
  8
BASEMETAL
 10
4782.32908486125
 20
21975.984414043127
 30
0.0
 11
4790.110390333964
 21
21968.978095125578
 31
0.0
 13
4744.64902695085
 23
21915.74967753358
 33
0.0
 12
4734.144264562687
 22
21925.20820807227
 32
0.0
  0
SOLID
 62
256
  8
BASEMETAL
 10
4790.110390333964
 20
21968.978095125578
 30
0.0
 11
4798.247714198256
 21
21962.38862018734
 31
0.0
 13
4755.634414167645
 23
21906.853886366953
 33
0.0
 12
4744.64902695085
 22
21915.74967753358
 32
0.0
  0
SOLID
 62
256
  8
BASEMETAL
 10
4798.247714198256
 20
21962.38862018734
 30
0.0
 11
4806.718752615034
 21
21956.234050521183
 31
0.0
 13
4767.0703160302955
 23
21898.54521731764
 33
0.0
 12
4755.634414167645
 22
21906.853886366953
 32
0.0
  0
SOLID
 62
256
  8
BASEMETAL
 10
4806.718752615034
 20
21956.234050521183
 30
0.0
 11
4815.5002870568105
 21
21950.531255374768
 31
0.0
 13
4778.925387526694
 23
21890.84644386998
 33
0.0
 12
4767.0703160302955
 22
21898.54521731764
 32
0.0
  0
SOLID
 62
256
  8
BASEMETAL
 10
4815.5002870568105
 20
21950.531255374768
 30
0.0
 11
4824.568247948078
 21
21945.295865713193
 31
0.0
 13
4791.167134729906
 23
21883.778667826857
 33
0.0
 12
4778.925387526694
 22
21890.84644386998
 32
0.0
  0
SOLID
 62
256
  8
BASEMETAL
 10
4824.568247948078
 20
21945.295865713193
 30
0.0
 11
4833.897780638341
 21
21940.542231375613
 31
0.0
 13
4803.762003861761
 23
21877.361261471124
 33
0.0
 12
4791.167134729906
 22
21883.778667826857
 32
0.0
  0
SOLID
 62
256
  8
BASEMETAL
 10
4833.897780638341
 20
21940.542231375613
 30
0.0
 11
4843.463313526982
 21
21936.283381743327
 31
0.0
 13
4816.675473261425
 23
21871.61181446754
 33
0.0
 12
4803.762003861761
 22
21877.361261471124
 32
0.0
  0
SOLID
 62
256
  8
BASEMETAL
 10
4843.463313526982
 20
21936.283381743327
 30
0.0
 11
4853.238628153245
 21
21932.53099002715
 31
0.0
 13
4829.872148006882
 23
21866.546085650698
 33
0.0
 12
4816.675473261425
 22
21871.61181446754
 32
0.0
  0
SOLID
 62
256
  8
BASEMETAL
 10
4853.238628153245
 20
21932.53099002715
 30
0.0
 11
4863.196931059216
 21
21929.295341271947
 31
0.0
 13
4843.315856929941
 23
21862.177959831173
 33
0.0
 12
4829.872148006882
 22
21866.546085650698
 32
0.0
  0
SOLID
 62
256
  8
BASEMETAL
 10
4863.196931059216
 20
21929.295341271947
 30
0.0
 11
4873.310927228819
 21
21926.585304166052
 31
0.0
 13
4856.969751758906
 23
21858.519409738212
 33
0.0
 12
4843.315856929941
 22
21862.177959831173
 32
0.0
  0
SOLID
 62
256
  8
BASEMETAL
 10
4873.310927228819
 20
21926.585304166052
 30
0.0
 11
4883.552894901571
 21
21924.408306732796
 31
0.0
 13
4870.79640811712
 23
21855.580463203318
 33
0.0
 12
4856.969751758906
 22
21858.519409738212
 32
0.0
  0
SOLID
 62
256
  8
BASEMETAL
 10
4883.552894901571
 20
21924.408306732796
 30
0.0
 11
4893.89476155599
 21
21922.770315970825
 31
0.0
 13
4884.7579281005865
 23
21853.369175674656
 33
0.0
 12
4870.79640811712
 22
21855.580463203318
 32
0.0
  0
SOLID
 62
256
  8
BASEMETAL
 10
4893.89476155599
 20
21922.770315970825
 30
0.0
 11
4904.308180854431
 21
21921.67582149896
 31
0.0
 13
4898.816044153482
 23
21851.89160813764
 33
0.0
 12
4884.7579281005865
 22
21853.369175674656
 32
0.0
  0
SOLID
 62
256
  8
BASEMETAL
 10
4904.308180854431
 20
21921.67582149896
 30
0.0
 11
4914.764610338425
 21
21921.127823250474
 31
0.0
 13
4912.932223956875
 23
21851.151810502186
 33
0.0
 12
4898.816044153482
 22
21851.89160813764
 32
0.0
  0
SOLID
 62
256
  8
BASEMETAL
 10
4914.764610338425
 20
21921.127823250474
 30
0.0
 11
4925.235389661575
 21
21921.127823250474
 31
0.0
 13
4927.067776043125
 23
21851.151810502186
 33
0.0
 12
4912.932223956875
 22
21851.151810502186
 32
0.0
  0
SOLID
 62
256
  8
BASEMETAL
 10
4925.235389661575
 20
21921.127823250474
 30
0.0
 11
4935.691819145569
 21
21921.67582149896
 31
0.0
 13
4941.183955846518
 23
21851.89160813764
 33
0.0
 12
4927.067776043125
 22
21851.151810502186
 32
0.0
  0
SOLID
 62
256
  8
BASEMETAL
 10
4935.691819145569
 20
21921.67582149896
 30
0.0
 11
4946.10523844401
 21
21922.770315970825
 31
0.0
 13
4955.2420718994135
 23
21853.369175674656
 33
0.0
 12
4941.183955846518
 22
21851.89160813764
 32
0.0
  0
SOLID
 62
256
  8
BASEMETAL
 10
4946.10523844401
 20
21922.770315970825
 30
0.0
 11
4956.447105098429
 21
21924.408306732796
 31
0.0
 13
4969.20359188288
 23
21855.580463203318
 33
0.0
 12
4955.2420718994135
 22
21853.369175674656
 32
0.0
  0
SOLID
 62
256
  8
BASEMETAL
 10
4956.447105098429
 20
21924.408306732796
 30
0.0
 11
4966.689072771181
 21
21926.585304166052
 31
0.0
 13
4983.030248241094
 23
21858.519409738212
 33
0.0
 12
4969.20359188288
 22
21855.580463203318
 32
0.0
  0
SOLID
 62
256
  8
BASEMETAL
 10
4966.689072771181
 20
21926.585304166052
 30
0.0
 11
4976.803068940784
 21
21929.295341271947
 31
0.0
 13
4996.684143070059
 23
21862.177959831173
 33
0.0
 12
4983.030248241094
 22
21858.519409738212
 32
0.0
  0
SOLID
 62
256
  8
BASEMETAL
 10
4976.803068940784
 20
21929.295341271947
 30
0.0
 11
4986.761371846755
 21
21932.53099002715
 31
0.0
 13
5010.127851993118
 23
21866.546085650698
 33
0.0
 12
4996.684143070059
 22
21862.177959831173
 32
0.0
  0
SOLID
 62
256
  8
BASEMETAL
 10
4986.761371846755
 20
21932.53099002715
 30
0.0
 11
4996.536686473018
 21
21936.283381743327
 31
0.0
 13
5023.324526738575
 23
21871.61181446754
 33
0.0
 12
5010.127851993118
 22
21866.546085650698
 32
0.0
  0
SOLID
 62
256
  8
BASEMETAL
 10
4996.536686473018
 20
21936.283381743327
 30
0.0
 11
5006.102219361659
 21
21940.542231375613
 31
0.0
 13
5036.237996138239
 23
21877.361261471124
 33
0.0
 12
5023.324526738575
 22
21871.61181446754
 32
0.0
  0
SOLID
 62
256
  8
BASEMETAL
 10
5006.102219361659
 20
21940.542231375613
 30
0.0
 11
5015.431752051922
 21
21945.295865713193
 31
0.0
 13
5048.832865270095
 23
21883.778667826857
 33
0.0
 12
5036.237996138239
 22
21877.361261471124
 32
0.0
  0
SOLID
 62
256
  8
BASEMETAL
 10
5015.431752051922
 20
21945.295865713193
 30
0.0
 11
5024.4997129431895
 21
21950.531255374768
 31
0.0
 13
5061.074612473306
 23
21890.84644386998
 33
0.0
 12
5048.832865270095
 22
21883.778667826857
 32
0.0
  0
SOLID
 62
256
  8
BASEMETAL
 10
5024.4997129431895
 20
21950.531255374768
 30
0.0
 11
5033.281247384966
 21
21956.234050521183
 31
0.0
 13
5072.9296839697045
 23
21898.54521731764
 33
0.0
 12
5061.074612473306
 22
21890.84644386998
 32
0.0
  0
SOLID
 62
256
  8
BASEMETAL
 10
5033.281247384966
 20
21956.234050521183
 30
0.0
 11
5041.752285801744
 21
21962.38862018734
 31
0.0
 13
5084.365585832355
 23
21906.853886366953
 33
0.0
 12
5072.9296839697045
 22
21898.54521731764
 32
0.0
  0
SOLID
 62
256
  8
BASEMETAL
 10
5041.752285801744
 20
21962.38862018734
 30
0.0
 11
5049.889609666036
 21
21968.978095125578
 31
0.0
 13
5095.35097304915
 23
21915.74967753358
 33
0.0
 12
5084.365585832355
 22
21906.853886366953
 32
0.0
  0
SOLID
 62
256
  8
BASEMETAL
 10
5049.889609666036
 20
21968.978095125578
 30
0.0
 11
5057.67091513875
 21
21975.984414043127
 31
0.0
 13
5105.855735437313
 23
21925.20820807227
 33
0.0
 12
5095.35097304915
 22
21915.74967753358
 32
0.0
  0
SOLID
 62
256
  8
BASEMETAL
 10
5057.67091513875
 20
21975.984414043127
 30
0.0
 11
5065.074874202457
 21
21983.388373106834
 31
0.0
 13
5115.851080173317
 23
21935.20355280827
 33
0.0
 12
5105.855735437313
 22
21925.20820807227
 32
0.0
  0
SOLID
 62
256
  8
BASEMETAL
 10
5065.074874202457
 20
21983.388373106834
 30
0.0
 11
5072.081193120006
 21
21991.16967857955
 31
0.0
 13
5125.309610712008
 23
21945.708315196436
 33
0.0
 12
5115.851080173317
 22
21935.20355280827
 32
0.0
  0
SOLID
 62
256
  8
BASEMETAL
 10
5072.081193120006
 20
21991.16967857955
 30
0.0
 11
5078.6706680582465
 21
21999.307002443842
 31
0.0
 13
5134.205401878633
 23
21956.69370241323
 33
0.0
 12
5125.309610712008
 22
21945.708315196436
 32
0.0
  0
SOLID
 62
256
  8
BASEMETAL
 10
5078.6706680582465
 20
21999.307002443842
 30
0.0
 11
5084.825237724403
 21
22007.77804086062
 31
0.0
 13
5142.514070927944
 23
21968.12960427588
 33
0.0
 12
5134.205401878633
 22
21956.69370241323
 32
0.0
  0
SOLID
 62
256
  8
BASEMETAL
 10
5084.825237724403
 20
22007.77804086062
 30
0.0
 11
5090.528032870819
 21
22016.559575302395
 31
0.0
 13
5150.212844375605
 23
21979.98467577228
 33
0.0
 12
5142.514070927944
 22
21968.12960427588
 32
0.0
  0
SOLID
 62
256
  8
BASEMETAL
 10
5090.528032870819
 20
22016.559575302395
 30
0.0
 11
5095.763422532393
 21
22025.627536193664
 31
0.0
 13
5157.280620418731
 23
21992.22642297549
 33
0.0
 12
5150.212844375605
 22
21979.98467577228
 32
0.0
  0
SOLID
 62
256
  8
BASEMETAL
 10
5095.763422532393
 20
22025.627536193664
 30
0.0
 11
5100.517056869972
 21
22034.957068883927
 31
0.0
 13
5163.698026774462
 23
22004.821292107346
 33
0.0
 12
5157.280620418731
 22
21992.22642297549
 32
0.0
  0
SOLID
 62
256
  8
BASEMETAL
 10
5100.517056869972
 20
22034.957068883927
 30
0.0
 11
5104.775906502257
 21
22044.52260177257
 31
0.0
 13
5169.447473778047
 23
22017.73476150701
 33
0.0
 12
5163.698026774462
 22
22004.821292107346
 32
0.0
  0
SOLID
 62
256
  8
BASEMETAL
 10
5104.775906502257
 20
22044.52260177257
 30
0.0
 11
5108.528298218435
 21
22054.29791639883
 31
0.0
 13
5174.513202594888
 23
22030.931436252467
 33
0.0
 12
5169.447473778047
 22
22017.73476150701
 32
0.0
  0
SOLID
 62
256
  8
BASEMETAL
 10
5108.528298218435
 20
22054.29791639883
 30
0.0
 11
5111.763946973639
 21
22064.2562193048
 31
0.0
 13
5178.881328414413
 23
22044.375145175527
 33
0.0
 12
5174.513202594888
 22
22030.931436252467
 32
0.0
  0
SOLID
 62
256
  8
BASEMETAL
 10
5111.763946973639
 20
22064.2562193048
 30
0.0
 11
5114.4739840795355
 21
22074.370215474406
 31
0.0
 13
5182.539878507373
 23
22058.02904000449
 33
0.0
 12
5178.881328414413
 22
22044.375145175527
 32
0.0
  0
SOLID
 62
256
  8
BASEMETAL
 10
5114.4739840795355
 20
22074.370215474406
 30
0.0
 11
5116.650981512791
 21
22084.612183147157
 31
0.0
 13
5185.478825042268
 23
22071.855696362705
 33
0.0
 12
5182.539878507373
 22
22058.02904000449
 32
0.0
  0
SOLID
 62
256
  8
BASEMETAL
 10
5116.650981512791
 20
22084.612183147157
 30
0.0
 11
5118.288972274762
 21
22094.954049801574
 31
0.0
 13
5187.690112570929
 23
22085.81721634617
 33
0.0
 12
5185.478825042268
 22
22071.855696362705
 32
0.0
  0
SOLID
 62
256
  8
BASEMETAL
 10
5118.288972274762
 20
22094.954049801574
 30
0.0
 11
5119.383466746625
 21
22105.367469100016
 31
0.0
 13
5189.167680107945
 23
22099.875332399068
 33
0.0
 12
5187.690112570929
 22
22085.81721634617
 32
0.0
  0
SOLID
 62
256
  8
BASEMETAL
 10
5119.383466746625
 20
22105.367469100016
 30
0.0
 11
5119.931464995111
 21
22115.82389858401
 31
0.0
 13
5189.907477743401
 23
22113.99151220246
 33
0.0
 12
5189.167680107945
 22
22099.875332399068
 32
0.0
  0
SOLID
 62
256
  8
BASEMETAL
 10
5119.931464995111
 20
22115.82389858401
 30
0.0
 11
5120.0
 21
22121.059288245586
 31
0.0
 13
5190.0
 23
22121.059288245586
 33
0.0
 12
5189.907477743401
 22
22113.99151220246
 32
0.0
  0
POLYLINE
 62
256
  8
BASEMETAL
 66
1
 10
0.0
 20
0.0
 30
0.0
 70
1
  0
VERTEX
  8
BASEMETAL
 10
5190.0
 20
22121.059288245586
 30
0.0
  0
VERTEX
  8
BASEMETAL
 10
5190.0
 20
24765.0
 30
0.0
  0
VERTEX
  8
BASEMETAL
 10
5120.0
 20
24765.0
 30
0.0
  0
VERTEX
  8
BASEMETAL
 10
5120.0
 20
22121.059288245586
 30
0.0
  0
SEQEND
  0
SOLID
 62
256
  8
BASEMETAL
 10
5190.0
 20
22121.059288245586
 30
0.0
 11
5190.0
 21
24765.0
 31
0.0
 13
5120.0
 23
24765.0
 33
0.0
 12
5120.0
 22
22121.059288245586
 32
0.0
  0
POLYLINE
 62
256
  8
BASEMETAL
 66
1
 10
0.0
 20
0.0
 30
0.0
 70
1
  0
VERTEX
  8
BASEMETAL
 10
5190.0
 20
24765.0
 30
0.0
  0
VERTEX
  8
BASEMETAL
 10
5190.0
 20
24783.0
 30
0.0
  0
VERTEX
  8
BASEMETAL
 10
5120.0
 20
24783.0
 30
0.0
  0
VERTEX
  8
BASEMETAL
 10
5120.0
 20
24765.0
 30
0.0
  0
SEQEND
  0
SOLID
 62
256
  8
BASEMETAL
 10
5190.0
 20
24765.0
 30
0.0
 11
5190.0
 21
24783.0
 31
0.0
 13
5120.0
 23
24783.0
 33
0.0
 12
5120.0
 22
24765.0
 32
0.0
  0
POLYLINE
 62
256
  8
BASEMETAL
 66
1
 10
0.0
 20
0.0
 30
0.0
 70
1
  0
VERTEX
  8
BASEMETAL
 10
5190.0
 20
24783.0
 30
0.0
  0
VERTEX
  8
BASEMETAL
 10
5190.0
 20
24819.49747468306
 30
0.0
  0
VERTEX
  8
BASEMETAL
 10
5120.0
 20
24819.49747468306
 30
0.0
  0
VERTEX
  8
BASEMETAL
 10
5120.0
 20
24783.0
 30
0.0
  0
SEQEND
  0
SOLID
 62
256
  8
BASEMETAL
 10
5190.0
 20
24783.0
 30
0.0
 11
5190.0
 21
24819.49747468306
 31
0.0
 13
5120.0
 23
24819.49747468306
 33
0.0
 12
5120.0
 22
24783.0
 32
0.0
  0
POLYLINE
 62
256
  8
BASEMETAL
 66
1
 10
0.0
 20
0.0
 30
0.0
 70
1
  0
VERTEX
  8
BASEMETAL
 10
5120.0
 20
24785.0
 30
0.0
  0
VERTEX
  8
BASEMETAL
 10
5120.928186816631
 20
24785.90419956492
 30
0.0
  0
VERTEX
  8
BASEMETAL
 10
5122.853961669815
 20
24787.638175031134
 30
0.0
  0
VERTEX
  8
BASEMETAL
 10
5124.867846579618
 20
24789.268986875784
 30
0.0
  0
VERTEX
  8
BASEMETAL
 10
5126.964321627487
 20
24790.792165156963
 30
0.0
  0
VERTEX
  8
BASEMETAL
 10
5129.137640521038
 20
24792.203534948876
 30
0.0
  0
VERTEX
  8
BASEMETAL
 10
5131.38184634425
 20
24793.499227785025
 30
0.0
  0
VERTEX
  8
BASEMETAL
 10
5133.690787884956
 20
24794.675692261408
 30
0.0
  0
VERTEX
  8
BASEMETAL
 10
5136.058136494883
 20
24795.729703770674
 30
0.0
  0
VERTEX
  8
BASEMETAL
 10
5138.477403436045
 20
24796.658373340535
 30
0.0
  0
VERTEX
  8
BASEMETAL
 10
5140.9419576659175
 20
24797.459155552257
 30
0.0
  0
VERTEX
  8
BASEMETAL
 10
5143.445044012665
 20
24798.12985551745
 30
0.0
  0
VERTEX
  8
BASEMETAL
 10
5145.979801690599
 20
24798.66863489414
 30
0.0
  0
VERTEX
  8
BASEMETAL
 10
5148.539283105112
 20
24799.074016925497
 30
0.0
  0
VERTEX
  8
BASEMETAL
 10
5151.1164728955555
 20
24799.34489048756
 30
0.0
  0
VERTEX
  8
BASEMETAL
 10
5153.704307163851
 20
24799.480513134713
 30
0.0
  0
VERTEX
  8
BASEMETAL
 10
5156.295692836149
 20
24799.480513134713
 30
0.0
  0
VERTEX
  8
BASEMETAL
 10
5158.8835271044445
 20
24799.34489048756
 30
0.0
  0
VERTEX
  8
BASEMETAL
 10
5161.460716894888
 20
24799.074016925497
 30
0.0
  0
VERTEX
  8
BASEMETAL
 10
5164.020198309401
 20
24798.66863489414
 30
0.0
  0
VERTEX
  8
BASEMETAL
 10
5166.554955987335
 20
24798.12985551745
 30
0.0
  0
VERTEX
  8
BASEMETAL
 10
5169.0580423340825
 20
24797.459155552257
 30
0.0
  0
VERTEX
  8
BASEMETAL
 10
5171.522596563955
 20
24796.658373340535
 30
0.0
  0
VERTEX
  8
BASEMETAL
 10
5173.941863505117
 20
24795.729703770674
 30
0.0
  0
VERTEX
  8
BASEMETAL
 10
5176.309212115044
 20
24794.675692261408
 30
0.0
  0
VERTEX
  8
BASEMETAL
 10
5178.61815365575
 20
24793.499227785025
 30
0.0
  0
VERTEX
  8
BASEMETAL
 10
5180.862359478962
 20
24792.203534948876
 30
0.0
  0
VERTEX
  8
BASEMETAL
 10
5183.035678372513
 20
24790.792165156963
 30
0.0
  0
VERTEX
  8
BASEMETAL
 10
5185.132153420382
 20
24789.268986875784
 30
0.0
  0
VERTEX
  8
BASEMETAL
 10
5187.146038330185
 20
24787.638175031134
 30
0.0
  0
VERTEX
  8
BASEMETAL
 10
5189.071813183369
 20
24785.90419956492
 30
0.0
  0
VERTEX
  8
BASEMETAL
 10
5190.0
 20
24785.0
 30
0.0
  0
VERTEX
  8
BASEMETAL
 10
5367.132034355965
 20
24962.132034355964
 30
0.0
  0
VERTEX
  8
BASEMETAL
 10
5361.506372708126
 20
24967.612311303685
 30
0.0
  0
VERTEX
  8
BASEMETAL
 10
5349.834414499055
 20
24978.121789680008
 30
0.0
  0
VERTEX
  8
BASEMETAL
 10
5337.6284287026165
 20
24988.00600208737
 30
0.0
  0
VERTEX
  8
BASEMETAL
 10
5324.921871077449
 20
24997.237856586606
 30
0.0
  0
VERTEX
  8
BASEMETAL
 10
5311.749569414785
 20
25005.792049306227
 30
0.0
  0
VERTEX
  8
BASEMETAL
 10
5298.1476280778825
 20
25013.64513379859
 30
0.0
  0
VERTEX
  8
BASEMETAL
 10
5284.153329042489
 20
25020.775585304957
 30
0.0
  0
VERTEX
  8
BASEMETAL
 10
5269.805029709527
 20
25027.163859753386
 30
0.0
  0
VERTEX
  8
BASEMETAL
 10
5255.142057770131
 20
25032.792447327654
 30
0.0
  0
VERTEX
  8
BASEMETAL
 10
5240.204603411177
 20
25037.645920460458
 30
0.0
  0
VERTEX
  8
BASEMETAL
 10
5225.0336091567715
 20
25041.710976119302
 30
0.0
  0
VERTEX
  8
BASEMETAL
 10
5209.6706576476445
 20
25044.976472269187
 30
0.0
  0
VERTEX
  8
BASEMETAL
 10
5194.157857666016
 20
25047.433458412142
 30
0.0
  0
VERTEX
  8
BASEMETAL
 10
5178.537728718354
 20
25049.07520011994
 30
0.0
  0
VERTEX
  8
BASEMETAL
 10
5162.853084492362
 20
25049.897197492668
 30
0.0
  0
VERTEX
  8
BASEMETAL
 10
5147.146915507638
 20
25049.897197492668
 30
0.0
  0
VERTEX
  8
BASEMETAL
 10
5131.462271281646
 20
25049.07520011994
 30
0.0
  0
VERTEX
  8
BASEMETAL
 10
5115.842142333984
 20
25047.433458412142
 30
0.0
  0
VERTEX
  8
BASEMETAL
 10
5100.3293423523555
 20
25044.976472269187
 30
0.0
  0
VERTEX
  8
BASEMETAL
 10
5084.9663908432285
 20
25041.710976119302
 30
0.0
  0
VERTEX
  8
BASEMETAL
 10
5069.795396588824
 20
25037.645920460458
 30
0.0
  0
VERTEX
  8
BASEMETAL
 10
5054.857942229869
 20
25032.792447327654
 30
0.0
  0
VERTEX
  8
BASEMETAL
 10
5040.194970290473
 20
25027.163859753386
 30
0.0
  0
VERTEX
  8
BASEMETAL
 10
5025.846670957511
 20
25020.775585304957
 30
0.0
  0
VERTEX
  8
BASEMETAL
 10
5011.8523719221175
 20
25013.64513379859
 30
0.0
  0
VERTEX
  8
BASEMETAL
 10
4998.250430585215
 20
25005.792049306227
 30
0.0
  0
VERTEX
  8
BASEMETAL
 10
4985.078128922551
 20
24997.237856586606
 30
0.0
  0
VERTEX
  8
BASEMETAL
 10
4972.3715712973835
 20
24988.00600208737
 30
0.0
  0
VERTEX
  8
BASEMETAL
 10
4960.165585500945
 20
24978.121789680008
 30
0.0
  0
VERTEX
  8
BASEMETAL
 10
4948.493627291874
 20
24967.612311303685
 30
0.0
  0
VERTEX
  8
BASEMETAL
 10
4942.867965644035
 20
24962.132034355964
 30
0.0
  0
SEQEND
  0
SOLID
 62
256
  8
BASEMETAL
 10
5120.0
 20
24785.0
 30
0.0
 11
5120.928186816631
 21
24785.90419956492
 31
0.0
 13
4948.493627291874
 23
24967.612311303685
 33
0.0
 12
4942.867965644035
 22
24962.132034355964
 32
0.0
  0
SOLID
 62
256
  8
BASEMETAL
 10
5120.928186816631
 20
24785.90419956492
 30
0.0
 11
5122.853961669815
 21
24787.638175031134
 31
0.0
 13
4960.165585500945
 23
24978.121789680008
 33
0.0
 12
4948.493627291874
 22
24967.612311303685
 32
0.0
  0
SOLID
 62
256
  8
BASEMETAL
 10
5122.853961669815
 20
24787.638175031134
 30
0.0
 11
5124.867846579618
 21
24789.268986875784
 31
0.0
 13
4972.3715712973835
 23
24988.00600208737
 33
0.0
 12
4960.165585500945
 22
24978.121789680008
 32
0.0
  0
SOLID
 62
256
  8
BASEMETAL
 10
5124.867846579618
 20
24789.268986875784
 30
0.0
 11
5126.964321627487
 21
24790.792165156963
 31
0.0
 13
4985.078128922551
 23
24997.237856586606
 33
0.0
 12
4972.3715712973835
 22
24988.00600208737
 32
0.0
  0
SOLID
 62
256
  8
BASEMETAL
 10
5126.964321627487
 20
24790.792165156963
 30
0.0
 11
5129.137640521038
 21
24792.203534948876
 31
0.0
 13
4998.250430585215
 23
25005.792049306227
 33
0.0
 12
4985.078128922551
 22
24997.237856586606
 32
0.0
  0
SOLID
 62
256
  8
BASEMETAL
 10
5129.137640521038
 20
24792.203534948876
 30
0.0
 11
5131.38184634425
 21
24793.499227785025
 31
0.0
 13
5011.8523719221175
 23
25013.64513379859
 33
0.0
 12
4998.250430585215
 22
25005.792049306227
 32
0.0
  0
SOLID
 62
256
  8
BASEMETAL
 10
5131.38184634425
 20
24793.499227785025
 30
0.0
 11
5133.690787884956
 21
24794.675692261408
 31
0.0
 13
5025.846670957511
 23
25020.775585304957
 33
0.0
 12
5011.8523719221175
 22
25013.64513379859
 32
0.0
  0
SOLID
 62
256
  8
BASEMETAL
 10
5133.690787884956
 20
24794.675692261408
 30
0.0
 11
5136.058136494883
 21
24795.729703770674
 31
0.0
 13
5040.194970290473
 23
25027.163859753386
 33
0.0
 12
5025.846670957511
 22
25020.775585304957
 32
0.0
  0
SOLID
 62
256
  8
BASEMETAL
 10
5136.058136494883
 20
24795.729703770674
 30
0.0
 11
5138.477403436045
 21
24796.658373340535
 31
0.0
 13
5054.857942229869
 23
25032.792447327654
 33
0.0
 12
5040.194970290473
 22
25027.163859753386
 32
0.0
  0
SOLID
 62
256
  8
BASEMETAL
 10
5138.477403436045
 20
24796.658373340535
 30
0.0
 11
5140.9419576659175
 21
24797.459155552257
 31
0.0
 13
5069.795396588824
 23
25037.645920460458
 33
0.0
 12
5054.857942229869
 22
25032.792447327654
 32
0.0
  0
SOLID
 62
256
  8
BASEMETAL
 10
5140.9419576659175
 20
24797.459155552257
 30
0.0
 11
5143.445044012665
 21
24798.12985551745
 31
0.0
 13
5084.9663908432285
 23
25041.710976119302
 33
0.0
 12
5069.795396588824
 22
25037.645920460458
 32
0.0
  0
SOLID
 62
256
  8
BASEMETAL
 10
5143.445044012665
 20
24798.12985551745
 30
0.0
 11
5145.979801690599
 21
24798.66863489414
 31
0.0
 13
5100.3293423523555
 23
25044.976472269187
 33
0.0
 12
5084.9663908432285
 22
25041.710976119302
 32
0.0
  0
SOLID
 62
256
  8
BASEMETAL
 10
5145.979801690599
 20
24798.66863489414
 30
0.0
 11
5148.539283105112
 21
24799.074016925497
 31
0.0
 13
5115.842142333984
 23
25047.433458412142
 33
0.0
 12
5100.3293423523555
 22
25044.976472269187
 32
0.0
  0
SOLID
 62
256
  8
BASEMETAL
 10
5148.539283105112
 20
24799.074016925497
 30
0.0
 11
5151.1164728955555
 21
24799.34489048756
 31
0.0
 13
5131.462271281646
 23
25049.07520011994
 33
0.0
 12
5115.842142333984
 22
25047.433458412142
 32
0.0
  0
SOLID
 62
256
  8
BASEMETAL
 10
5151.1164728955555
 20
24799.34489048756
 30
0.0
 11
5153.704307163851
 21
24799.480513134713
 31
0.0
 13
5147.146915507638
 23
25049.897197492668
 33
0.0
 12
5131.462271281646
 22
25049.07520011994
 32
0.0
  0
SOLID
 62
256
  8
BASEMETAL
 10
5153.704307163851
 20
24799.480513134713
 30
0.0
 11
5156.295692836149
 21
24799.480513134713
 31
0.0
 13
5162.853084492362
 23
25049.897197492668
 33
0.0
 12
5147.146915507638
 22
25049.897197492668
 32
0.0
  0
SOLID
 62
256
  8
BASEMETAL
 10
5156.295692836149
 20
24799.480513134713
 30
0.0
 11
5158.8835271044445
 21
24799.34489048756
 31
0.0
 13
5178.537728718354
 23
25049.07520011994
 33
0.0
 12
5162.853084492362
 22
25049.897197492668
 32
0.0
  0
SOLID
 62
256
  8
BASEMETAL
 10
5158.8835271044445
 20
24799.34489048756
 30
0.0
 11
5161.460716894888
 21
24799.074016925497
 31
0.0
 13
5194.157857666016
 23
25047.433458412142
 33
0.0
 12
5178.537728718354
 22
25049.07520011994
 32
0.0
  0
SOLID
 62
256
  8
BASEMETAL
 10
5161.460716894888
 20
24799.074016925497
 30
0.0
 11
5164.020198309401
 21
24798.66863489414
 31
0.0
 13
5209.6706576476445
 23
25044.976472269187
 33
0.0
 12
5194.157857666016
 22
25047.433458412142
 32
0.0
  0
SOLID
 62
256
  8
BASEMETAL
 10
5164.020198309401
 20
24798.66863489414
 30
0.0
 11
5166.554955987335
 21
24798.12985551745
 31
0.0
 13
5225.0336091567715
 23
25041.710976119302
 33
0.0
 12
5209.6706576476445
 22
25044.976472269187
 32
0.0
  0
SOLID
 62
256
  8
BASEMETAL
 10
5166.554955987335
 20
24798.12985551745
 30
0.0
 11
5169.0580423340825
 21
24797.459155552257
 31
0.0
 13
5240.204603411177
 23
25037.645920460458
 33
0.0
 12
5225.0336091567715
 22
25041.710976119302
 32
0.0
  0
SOLID
 62
256
  8
BASEMETAL
 10
5169.0580423340825
 20
24797.459155552257
 30
0.0
 11
5171.522596563955
 21
24796.658373340535
 31
0.0
 13
5255.142057770131
 23
25032.792447327654
 33
0.0
 12
5240.204603411177
 22
25037.645920460458
 32
0.0
  0
SOLID
 62
256
  8
BASEMETAL
 10
5171.522596563955
 20
24796.658373340535
 30
0.0
 11
5173.941863505117
 21
24795.729703770674
 31
0.0
 13
5269.805029709527
 23
25027.163859753386
 33
0.0
 12
5255.142057770131
 22
25032.792447327654
 32
0.0
  0
SOLID
 62
256
  8
BASEMETAL
 10
5173.941863505117
 20
24795.729703770674
 30
0.0
 11
5176.309212115044
 21
24794.675692261408
 31
0.0
 13
5284.153329042489
 23
25020.775585304957
 33
0.0
 12
5269.805029709527
 22
25027.163859753386
 32
0.0
  0
SOLID
 62
256
  8
BASEMETAL
 10
5176.309212115044
 20
24794.675692261408
 30
0.0
 11
5178.61815365575
 21
24793.499227785025
 31
0.0
 13
5298.1476280778825
 23
25013.64513379859
 33
0.0
 12
5284.153329042489
 22
25020.775585304957
 32
0.0
  0
SOLID
 62
256
  8
BASEMETAL
 10
5178.61815365575
 20
24793.499227785025
 30
0.0
 11
5180.862359478962
 21
24792.203534948876
 31
0.0
 13
5311.749569414785
 23
25005.792049306227
 33
0.0
 12
5298.1476280778825
 22
25013.64513379859
 32
0.0
  0
SOLID
 62
256
  8
BASEMETAL
 10
5180.862359478962
 20
24792.203534948876
 30
0.0
 11
5183.035678372513
 21
24790.792165156963
 31
0.0
 13
5324.921871077449
 23
24997.237856586606
 33
0.0
 12
5311.749569414785
 22
25005.792049306227
 32
0.0
  0
SOLID
 62
256
  8
BASEMETAL
 10
5183.035678372513
 20
24790.792165156963
 30
0.0
 11
5185.132153420382
 21
24789.268986875784
 31
0.0
 13
5337.6284287026165
 23
24988.00600208737
 33
0.0
 12
5324.921871077449
 22
24997.237856586606
 32
0.0
  0
SOLID
 62
256
  8
BASEMETAL
 10
5185.132153420382
 20
24789.268986875784
 30
0.0
 11
5187.146038330185
 21
24787.638175031134
 31
0.0
 13
5349.834414499055
 23
24978.121789680008
 33
0.0
 12
5337.6284287026165
 22
24988.00600208737
 32
0.0
  0
SOLID
 62
256
  8
BASEMETAL
 10
5187.146038330185
 20
24787.638175031134
 30
0.0
 11
5189.071813183369
 21
24785.90419956492
 31
0.0
 13
5361.506372708126
 23
24967.612311303685
 33
0.0
 12
5349.834414499055
 22
24978.121789680008
 32
0.0
  0
SOLID
 62
256
  8
BASEMETAL
 10
5189.071813183369
 20
24785.90419956492
 30
0.0
 11
5190.0
 21
24785.0
 31
0.0
 13
5367.132034355965
 23
24962.132034355964
 33
0.0
 12
5361.506372708126
 22
24967.612311303685
 32
0.0
  0
POLYLINE
 62
256
  8
BASEMETAL
 66
1
 10
0.0
 20
0.0
 30
0.0
 70
1
  0
VERTEX
  8
BASEMETAL
 10
3415.0
 20
25000.0
 30
0.0
  0
VERTEX
  8
BASEMETAL
 10
3415.0
 20
22500.0
 30
0.0
  0
VERTEX
  8
BASEMETAL
 10
3485.0
 20
22500.0
 30
0.0
  0
VERTEX
  8
BASEMETAL
 10
3485.0
 20
25000.0
 30
0.0
  0
SEQEND
  0
SOLID
 62
256
  8
BASEMETAL
 10
3415.0
 20
25000.0
 30
0.0
 11
3415.0
 21
22500.0
 31
0.0
 13
3485.0
 23
22500.0
 33
0.0
 12
3485.0
 22
25000.0
 32
0.0
  0
POLYLINE
 62
256
  8
BASEMETAL
 66
1
 10
0.0
 20
0.0
 30
0.0
 70
1
  0
VERTEX
  8
BASEMETAL
 10
3450.0
 20
22535.0
 30
0.0
  0
VERTEX
  8
BASEMETAL
 10
2450.0
 20
22535.0
 30
0.0
  0
VERTEX
  8
BASEMETAL
 10
2450.0
 20
22465.0
 30
0.0
  0
VERTEX
  8
BASEMETAL
 10
3450.0
 20
22465.0
 30
0.0
  0
SEQEND
  0
SOLID
 62
256
  8
BASEMETAL
 10
3450.0
 20
22535.0
 30
0.0
 11
2450.0
 21
22535.0
 31
0.0
 13
2450.0
 23
22465.0
 33
0.0
 12
3450.0
 22
22465.0
 32
0.0
  0
POLYLINE
 62
256
  8
BASEMETAL
 66
1
 10
0.0
 20
0.0
 30
0.0
 70
1
  0
VERTEX
  8
BASEMETAL
 10
2450.0
 20
22465.0
 30
0.0
  0
VERTEX
  8
BASEMETAL
 10
2444.7646103384254
 20
22464.931464995112
 30
0.0
  0
VERTEX
  8
BASEMETAL
 10
2434.308180854431
 20
22464.383466746625
 30
0.0
  0
VERTEX
  8
BASEMETAL
 10
2423.8947615559896
 20
22463.28897227476
 30
0.0
  0
VERTEX
  8
BASEMETAL
 10
2413.5528949015707
 20
22461.65098151279
 30
0.0
  0
VERTEX
  8
BASEMETAL
 10
2403.310927228819
 20
22459.473984079534
 30
0.0
  0
VERTEX
  8
BASEMETAL
 10
2393.1969310592153
 20
22456.76394697364
 30
0.0
  0
VERTEX
  8
BASEMETAL
 10
2383.238628153246
 20
22453.528298218436
 30
0.0
  0
VERTEX
  8
BASEMETAL
 10
2373.463313526982
 20
22449.77590650226
 30
0.0
  0
VERTEX
  8
BASEMETAL
 10
2363.897780638341
 20
22445.517056869972
 30
0.0
  0
VERTEX
  8
BASEMETAL
 10
2354.5682479480784
 20
22440.763422532393
 30
0.0
  0
VERTEX
  8
BASEMETAL
 10
2345.50028705681
 20
22435.528032870818
 30
0.0
  0
VERTEX
  8
BASEMETAL
 10
2336.7187526150333
 20
22429.825237724403
 30
0.0
  0
VERTEX
  8
BASEMETAL
 10
2328.247714198256
 20
22423.670668058247
 30
0.0
  0
VERTEX
  8
BASEMETAL
 10
2320.110390333963
 20
22417.081193120008
 30
0.0
  0
VERTEX
  8
BASEMETAL
 10
2312.329084861249
 20
22410.07487420246
 30
0.0
  0
VERTEX
  8
BASEMETAL
 10
2304.9251257975425
 20
22402.67091513875
 30
0.0
  0
VERTEX
  8
BASEMETAL
 10
2297.918806879994
 20
22394.889609666036
 30
0.0
  0
VERTEX
  8
BASEMETAL
 10
2291.329331941753
 20
22386.752285801744
 30
0.0
  0
VERTEX
  8
BASEMETAL
 10
2285.174762275597
 20
22378.281247384966
 30
0.0
  0
VERTEX
  8
BASEMETAL
 10
2279.4719671291814
 20
22369.49971294319
 30
0.0
  0
VERTEX
  8
BASEMETAL
 10
2274.236577467607
 20
22360.43175205192
 30
0.0
  0
VERTEX
  8
BASEMETAL
 10
2269.4829431300277
 20
22351.10221936166
 30
0.0
  0
VERTEX
  8
BASEMETAL
 10
2265.2240934977426
 20
22341.536686473017
 30
0.0
  0
VERTEX
  8
BASEMETAL
 10
2261.471701781564
 20
22331.761371846755
 30
0.0
  0
VERTEX
  8
BASEMETAL
 10
2258.2360530263613
 20
22321.803068940786
 30
0.0
  0
VERTEX
  8
BASEMETAL
 10
2255.5260159204645
 20
22311.68907277118
 30
0.0
  0
VERTEX
  8
BASEMETAL
 10
2253.349018487209
 20
22301.44710509843
 30
0.0
  0
VERTEX
  8
BASEMETAL
 10
2251.7110277252377
 20
22291.10523844401
 30
0.0
  0
VERTEX
  8
BASEMETAL
 10
2250.6165332533747
 20
22280.69181914557
 30
0.0
  0
VERTEX
  8
BASEMETAL
 10
2250.0685350048884
 20
22270.235389661575
 30
0.0
  0
VERTEX
  8
BASEMETAL
 10
2250.0
 20
22265.0
 30
0.0
  0
VERTEX
  8
BASEMETAL
 10
2180.0
 20
22265.0
 30
0.0
  0
VERTEX
  8
BASEMETAL
 10
2180.0925222565993
 20
22272.067776043124
 30
0.0
  0
VERTEX
  8
BASEMETAL
 10
2180.8323198920552
 20
22286.183955846518
 30
0.0
  0
VERTEX
  8
BASEMETAL
 10
2182.3098874290713
 20
22300.242071899414
 30
0.0
  0
VERTEX
  8
BASEMETAL
 10
2184.521174957732
 20
22314.20359188288
 30
0.0
  0
VERTEX
  8
BASEMETAL
 10
2187.4601214926274
 20
22328.030248241095
 30
0.0
  0
VERTEX
  8
BASEMETAL
 10
2191.118671585588
 20
22341.68414307006
 30
0.0
  0
VERTEX
  8
BASEMETAL
 10
2195.4867974051117
 20
22355.12785199312
 30
0.0
  0
VERTEX
  8
BASEMETAL
 10
2200.5525262219526
 20
22368.324526738576
 30
0.0
  0
VERTEX
  8
BASEMETAL
 10
2206.3019732255375
 20
22381.23799613824
 30
0.0
  0
VERTEX
  8
BASEMETAL
 10
2212.7193795812695
 20
22393.832865270095
 30
0.0
  0
VERTEX
  8
BASEMETAL
 10
2219.787155624395
 20
22406.074612473305
 30
0.0
  0
VERTEX
  8
BASEMETAL
 10
2227.4859290720556
 20
22417.929683969705
 30
0.0
  0
VERTEX
  8
BASEMETAL
 10
2235.7945981213666
 20
22429.365585832355
 30
0.0
  0
VERTEX
  8
BASEMETAL
 10
2244.690389287992
 20
22440.35097304915
 30
0.0
  0
VERTEX
  8
BASEMETAL
 10
2254.1489198266822
 20
22450.855735437315
 30
0.0
  0
VERTEX
  8
BASEMETAL
 10
2264.144264562686
 20
22460.851080173317
 30
0.0
  0
VERTEX
  8
BASEMETAL
 10
2274.6490269508504
 20
22470.309610712007
 30
0.0
  0
VERTEX
  8
BASEMETAL
 10
2285.6344141676454
 20
22479.205401878633
 30
0.0
  0
VERTEX
  8
BASEMETAL
 10
2297.070316030295
 20
22487.514070927944
 30
0.0
  0
VERTEX
  8
BASEMETAL
 10
2308.9253875266936
 20
22495.212844375605
 30
0.0
  0
VERTEX
  8
BASEMETAL
 10
2321.1671347299057
 20
22502.28062041873
 30
0.0
  0
VERTEX
  8
BASEMETAL
 10
2333.76200386176
 20
22508.698026774462
 30
0.0
  0
VERTEX
  8
BASEMETAL
 10
2346.675473261426
 20
22514.447473778047
 30
0.0
  0
VERTEX
  8
BASEMETAL
 10
2359.8721480068816
 20
22519.513202594888
 30
0.0
  0
VERTEX
  8
BASEMETAL
 10
2373.3158569299408
 20
22523.881328414413
 30
0.0
  0
VERTEX
  8
BASEMETAL
 10
2386.9697517589057
 20
22527.539878507374
 30
0.0
  0
VERTEX
  8
BASEMETAL
 10
2400.7964081171203
 20
22530.478825042268
 30
0.0
  0
VERTEX
  8
BASEMETAL
 10
2414.757928100586
 20
22532.69011257093
 30
0.0
  0
VERTEX
  8
BASEMETAL
 10
2428.816044153482
 20
22534.167680107945
 30
0.0
  0
VERTEX
  8
BASEMETAL
 10
2442.932223956874
 20
22534.9074777434
 30
0.0
  0
VERTEX
  8
BASEMETAL
 10
2450.0
 20
22535.0
 30
0.0
  0
SEQEND
  0
SOLID
 62
256
  8
BASEMETAL
 10
2450.0
 20
22465.0
 30
0.0
 11
2444.7646103384254
 21
22464.931464995112
 31
0.0
 13
2442.932223956874
 23
22534.9074777434
 33
0.0
 12
2450.0
 22
22535.0
 32
0.0
  0
SOLID
 62
256
  8
BASEMETAL
 10
2444.7646103384254
 20
22464.931464995112
 30
0.0
 11
2434.308180854431
 21
22464.383466746625
 31
0.0
 13
2428.816044153482
 23
22534.167680107945
 33
0.0
 12
2442.932223956874
 22
22534.9074777434
 32
0.0
  0
SOLID
 62
256
  8
BASEMETAL
 10
2434.308180854431
 20
22464.383466746625
 30
0.0
 11
2423.8947615559896
 21
22463.28897227476
 31
0.0
 13
2414.757928100586
 23
22532.69011257093
 33
0.0
 12
2428.816044153482
 22
22534.167680107945
 32
0.0
  0
SOLID
 62
256
  8
BASEMETAL
 10
2423.8947615559896
 20
22463.28897227476
 30
0.0
 11
2413.5528949015707
 21
22461.65098151279
 31
0.0
 13
2400.7964081171203
 23
22530.478825042268
 33
0.0
 12
2414.757928100586
 22
22532.69011257093
 32
0.0
  0
SOLID
 62
256
  8
BASEMETAL
 10
2413.5528949015707
 20
22461.65098151279
 30
0.0
 11
2403.310927228819
 21
22459.473984079534
 31
0.0
 13
2386.9697517589057
 23
22527.539878507374
 33
0.0
 12
2400.7964081171203
 22
22530.478825042268
 32
0.0
  0
SOLID
 62
256
  8
BASEMETAL
 10
2403.310927228819
 20
22459.473984079534
 30
0.0
 11
2393.1969310592153
 21
22456.76394697364
 31
0.0
 13
2373.3158569299408
 23
22523.881328414413
 33
0.0
 12
2386.9697517589057
 22
22527.539878507374
 32
0.0
  0
SOLID
 62
256
  8
BASEMETAL
 10
2393.1969310592153
 20
22456.76394697364
 30
0.0
 11
2383.238628153246
 21
22453.528298218436
 31
0.0
 13
2359.8721480068816
 23
22519.513202594888
 33
0.0
 12
2373.3158569299408
 22
22523.881328414413
 32
0.0
  0
SOLID
 62
256
  8
BASEMETAL
 10
2383.238628153246
 20
22453.528298218436
 30
0.0
 11
2373.463313526982
 21
22449.77590650226
 31
0.0
 13
2346.675473261426
 23
22514.447473778047
 33
0.0
 12
2359.8721480068816
 22
22519.513202594888
 32
0.0
  0
SOLID
 62
256
  8
BASEMETAL
 10
2373.463313526982
 20
22449.77590650226
 30
0.0
 11
2363.897780638341
 21
22445.517056869972
 31
0.0
 13
2333.76200386176
 23
22508.698026774462
 33
0.0
 12
2346.675473261426
 22
22514.447473778047
 32
0.0
  0
SOLID
 62
256
  8
BASEMETAL
 10
2363.897780638341
 20
22445.517056869972
 30
0.0
 11
2354.5682479480784
 21
22440.763422532393
 31
0.0
 13
2321.1671347299057
 23
22502.28062041873
 33
0.0
 12
2333.76200386176
 22
22508.698026774462
 32
0.0
  0
SOLID
 62
256
  8
BASEMETAL
 10
2354.5682479480784
 20
22440.763422532393
 30
0.0
 11
2345.50028705681
 21
22435.528032870818
 31
0.0
 13
2308.9253875266936
 23
22495.212844375605
 33
0.0
 12
2321.1671347299057
 22
22502.28062041873
 32
0.0
  0
SOLID
 62
256
  8
BASEMETAL
 10
2345.50028705681
 20
22435.528032870818
 30
0.0
 11
2336.7187526150333
 21
22429.825237724403
 31
0.0
 13
2297.070316030295
 23
22487.514070927944
 33
0.0
 12
2308.9253875266936
 22
22495.212844375605
 32
0.0
  0
SOLID
 62
256
  8
BASEMETAL
 10
2336.7187526150333
 20
22429.825237724403
 30
0.0
 11
2328.247714198256
 21
22423.670668058247
 31
0.0
 13
2285.6344141676454
 23
22479.205401878633
 33
0.0
 12
2297.070316030295
 22
22487.514070927944
 32
0.0
  0
SOLID
 62
256
  8
BASEMETAL
 10
2328.247714198256
 20
22423.670668058247
 30
0.0
 11
2320.110390333963
 21
22417.081193120008
 31
0.0
 13
2274.6490269508504
 23
22470.309610712007
 33
0.0
 12
2285.6344141676454
 22
22479.205401878633
 32
0.0
  0
SOLID
 62
256
  8
BASEMETAL
 10
2320.110390333963
 20
22417.081193120008
 30
0.0
 11
2312.329084861249
 21
22410.07487420246
 31
0.0
 13
2264.144264562686
 23
22460.851080173317
 33
0.0
 12
2274.6490269508504
 22
22470.309610712007
 32
0.0
  0
SOLID
 62
256
  8
BASEMETAL
 10
2312.329084861249
 20
22410.07487420246
 30
0.0
 11
2304.9251257975425
 21
22402.67091513875
 31
0.0
 13
2254.1489198266822
 23
22450.855735437315
 33
0.0
 12
2264.144264562686
 22
22460.851080173317
 32
0.0
  0
SOLID
 62
256
  8
BASEMETAL
 10
2304.9251257975425
 20
22402.67091513875
 30
0.0
 11
2297.918806879994
 21
22394.889609666036
 31
0.0
 13
2244.690389287992
 23
22440.35097304915
 33
0.0
 12
2254.1489198266822
 22
22450.855735437315
 32
0.0
  0
SOLID
 62
256
  8
BASEMETAL
 10
2297.918806879994
 20
22394.889609666036
 30
0.0
 11
2291.329331941753
 21
22386.752285801744
 31
0.0
 13
2235.7945981213666
 23
22429.365585832355
 33
0.0
 12
2244.690389287992
 22
22440.35097304915
 32
0.0
  0
SOLID
 62
256
  8
BASEMETAL
 10
2291.329331941753
 20
22386.752285801744
 30
0.0
 11
2285.174762275597
 21
22378.281247384966
 31
0.0
 13
2227.4859290720556
 23
22417.929683969705
 33
0.0
 12
2235.7945981213666
 22
22429.365585832355
 32
0.0
  0
SOLID
 62
256
  8
BASEMETAL
 10
2285.174762275597
 20
22378.281247384966
 30
0.0
 11
2279.4719671291814
 21
22369.49971294319
 31
0.0
 13
2219.787155624395
 23
22406.074612473305
 33
0.0
 12
2227.4859290720556
 22
22417.929683969705
 32
0.0
  0
SOLID
 62
256
  8
BASEMETAL
 10
2279.4719671291814
 20
22369.49971294319
 30
0.0
 11
2274.236577467607
 21
22360.43175205192
 31
0.0
 13
2212.7193795812695
 23
22393.832865270095
 33
0.0
 12
2219.787155624395
 22
22406.074612473305
 32
0.0
  0
SOLID
 62
256
  8
BASEMETAL
 10
2274.236577467607
 20
22360.43175205192
 30
0.0
 11
2269.4829431300277
 21
22351.10221936166
 31
0.0
 13
2206.3019732255375
 23
22381.23799613824
 33
0.0
 12
2212.7193795812695
 22
22393.832865270095
 32
0.0
  0
SOLID
 62
256
  8
BASEMETAL
 10
2269.4829431300277
 20
22351.10221936166
 30
0.0
 11
2265.2240934977426
 21
22341.536686473017
 31
0.0
 13
2200.5525262219526
 23
22368.324526738576
 33
0.0
 12
2206.3019732255375
 22
22381.23799613824
 32
0.0
  0
SOLID
 62
256
  8
BASEMETAL
 10
2265.2240934977426
 20
22341.536686473017
 30
0.0
 11
2261.471701781564
 21
22331.761371846755
 31
0.0
 13
2195.4867974051117
 23
22355.12785199312
 33
0.0
 12
2200.5525262219526
 22
22368.324526738576
 32
0.0
  0
SOLID
 62
256
  8
BASEMETAL
 10
2261.471701781564
 20
22331.761371846755
 30
0.0
 11
2258.2360530263613
 21
22321.803068940786
 31
0.0
 13
2191.118671585588
 23
22341.68414307006
 33
0.0
 12
2195.4867974051117
 22
22355.12785199312
 32
0.0
  0
SOLID
 62
256
  8
BASEMETAL
 10
2258.2360530263613
 20
22321.803068940786
 30
0.0
 11
2255.5260159204645
 21
22311.68907277118
 31
0.0
 13
2187.4601214926274
 23
22328.030248241095
 33
0.0
 12
2191.118671585588
 22
22341.68414307006
 32
0.0
  0
SOLID
 62
256
  8
BASEMETAL
 10
2255.5260159204645
 20
22311.68907277118
 30
0.0
 11
2253.349018487209
 21
22301.44710509843
 31
0.0
 13
2184.521174957732
 23
22314.20359188288
 33
0.0
 12
2187.4601214926274
 22
22328.030248241095
 32
0.0
  0
SOLID
 62
256
  8
BASEMETAL
 10
2253.349018487209
 20
22301.44710509843
 30
0.0
 11
2251.7110277252377
 21
22291.10523844401
 31
0.0
 13
2182.3098874290713
 23
22300.242071899414
 33
0.0
 12
2184.521174957732
 22
22314.20359188288
 32
0.0
  0
SOLID
 62
256
  8
BASEMETAL
 10
2251.7110277252377
 20
22291.10523844401
 30
0.0
 11
2250.6165332533747
 21
22280.69181914557
 31
0.0
 13
2180.8323198920552
 23
22286.183955846518
 33
0.0
 12
2182.3098874290713
 22
22300.242071899414
 32
0.0
  0
SOLID
 62
256
  8
BASEMETAL
 10
2250.6165332533747
 20
22280.69181914557
 30
0.0
 11
2250.0685350048884
 21
22270.235389661575
 31
0.0
 13
2180.0925222565993
 23
22272.067776043124
 33
0.0
 12
2180.8323198920552
 22
22286.183955846518
 32
0.0
  0
SOLID
 62
256
  8
BASEMETAL
 10
2250.0685350048884
 20
22270.235389661575
 30
0.0
 11
2250.0
 21
22265.0
 31
0.0
 13
2180.0
 23
22265.0
 33
0.0
 12
2180.0925222565993
 22
22272.067776043124
 32
0.0
  0
POLYLINE
 62
256
  8
BASEMETAL
 66
1
 10
0.0
 20
0.0
 30
0.0
 70
1
  0
VERTEX
  8
BASEMETAL
 10
2180.0
 20
22265.0
 30
0.0
  0
VERTEX
  8
BASEMETAL
 10
2180.0
 20
20528.04888721677
 30
0.0
  0
VERTEX
  8
BASEMETAL
 10
2250.0
 20
20528.04888721677
 30
0.0
  0
VERTEX
  8
BASEMETAL
 10
2250.0
 20
22265.0
 30
0.0
  0
SEQEND
  0
SOLID
 62
256
  8
BASEMETAL
 10
2180.0
 20
22265.0
 30
0.0
 11
2180.0
 21
20528.04888721677
 31
0.0
 13
2250.0
 23
20528.04888721677
 33
0.0
 12
2250.0
 22
22265.0
 32
0.0
  0
POLYLINE
 62
256
  8
BASEMETAL
 66
1
 10
0.0
 20
0.0
 30
0.0
 70
1
  0
VERTEX
  8
BASEMETAL
 10
2180.0
 20
20528.04888721677
 30
0.0
  0
VERTEX
  8
BASEMETAL
 10
2179.9314649951116
 20
20522.813497555195
 30
0.0
  0
VERTEX
  8
BASEMETAL
 10
2179.383466746626
 20
20512.3570680712
 30
0.0
  0
VERTEX
  8
BASEMETAL
 10
2178.2889722747623
 20
20501.943648772758
 30
0.0
  0
VERTEX
  8
BASEMETAL
 10
2176.650981512791
 20
20491.60178211834
 30
0.0
  0
VERTEX
  8
BASEMETAL
 10
2174.4739840795355
 20
20481.35981444559
 30
0.0
  0
VERTEX
  8
BASEMETAL
 10
2171.7639469736387
 20
20471.245818275984
 30
0.0
  0
VERTEX
  8
BASEMETAL
 10
2168.528298218436
 20
20461.287515370015
 30
0.0
  0
VERTEX
  8
BASEMETAL
 10
2164.7759065022574
 20
20451.512200743753
 30
0.0
  0
VERTEX
  8
BASEMETAL
 10
2160.5170568699723
 20
20441.94666785511
 30
0.0
  0
VERTEX
  8
BASEMETAL
 10
2155.763422532393
 20
20432.617135164848
 30
0.0
  0
VERTEX
  8
BASEMETAL
 10
2150.5280328708186
 20
20423.54917427358
 30
0.0
  0
VERTEX
  8
BASEMETAL
 10
2144.825237724403
 20
20414.767639831804
 30
0.0
  0
VERTEX
  8
BASEMETAL
 10
2138.670668058247
 20
20406.296601415026
 30
0.0
  0
VERTEX
  8
BASEMETAL
 10
2132.081193120006
 20
20398.159277550734
 30
0.0
  0
VERTEX
  8
BASEMETAL
 10
2125.0748742024575
 20
20390.37797207802
 30
0.0
  0
VERTEX
  8
BASEMETAL
 10
2117.670915138751
 20
20382.97401301431
 30
0.0
  0
VERTEX
  8
BASEMETAL
 10
2109.889609666037
 20
20375.967694096762
 30
0.0
  0
VERTEX
  8
BASEMETAL
 10
2101.752285801744
 20
20369.378219158523
 30
0.0
  0
VERTEX
  8
BASEMETAL
 10
2093.2812473849667
 20
20363.223649492367
 30
0.0
  0
VERTEX
  8
BASEMETAL
 10
2084.49971294319
 20
20357.520854345952
 30
0.0
  0
VERTEX
  8
BASEMETAL
 10
2075.4317520519216
 20
20352.285464684377
 30
0.0
  0
VERTEX
  8
BASEMETAL
 10
2066.102219361659
 20
20347.531830346798
 30
0.0
  0
VERTEX
  8
BASEMETAL
 10
2056.536686473018
 20
20343.27298071451
 30
0.0
  0
VERTEX
  8
BASEMETAL
 10
2046.7613718467542
 20
20339.520588998334
 30
0.0
  0
VERTEX
  8
BASEMETAL
 10
2036.8030689407847
 20
20336.28494024313
 30
0.0
  0
VERTEX
  8
BASEMETAL
 10
2026.6890727711811
 20
20333.574903137236
 30
0.0
  0
VERTEX
  8
BASEMETAL
 10
2016.4471050984296
 20
20331.39790570398
 30
0.0
  0
VERTEX
  8
BASEMETAL
 10
2006.1052384440104
 20
20329.75991494201
 30
0.0
  0
VERTEX
  8
BASEMETAL
 10
1995.691819145569
 20
20328.665420470144
 30
0.0
  0
VERTEX
  8
BASEMETAL
 10
1985.2353896615746
 20
20328.117422221658
 30
0.0
  0
VERTEX
  8
BASEMETAL
 10
1974.7646103384254
 20
20328.117422221658
 30
0.0
  0
VERTEX
  8
BASEMETAL
 10
1964.308180854431
 20
20328.665420470144
 30
0.0
  0
VERTEX
  8
BASEMETAL
 10
1953.8947615559896
 20
20329.75991494201
 30
0.0
  0
VERTEX
  8
BASEMETAL
 10
1943.5528949015707
 20
20331.39790570398
 30
0.0
  0
VERTEX
  8
BASEMETAL
 10
1933.3109272288189
 20
20333.574903137236
 30
0.0
  0
VERTEX
  8
BASEMETAL
 10
1923.1969310592156
 20
20336.28494024313
 30
0.0
  0
VERTEX
  8
BASEMETAL
 10
1913.2386281532458
 20
20339.520588998334
 30
0.0
  0
VERTEX
  8
BASEMETAL
 10
1903.4633135269821
 20
20343.27298071451
 30
0.0
  0
VERTEX
  8
BASEMETAL
 10
1893.897780638341
 20
20347.531830346798
 30
0.0
  0
VERTEX
  8
BASEMETAL
 10
1884.5682479480784
 20
20352.285464684377
 30
0.0
  0
VERTEX
  8
BASEMETAL
 10
1875.5002870568103
 20
20357.520854345952
 30
0.0
  0
VERTEX
  8
BASEMETAL
 10
1866.7187526150335
 20
20363.223649492367
 30
0.0
  0
VERTEX
  8
BASEMETAL
 10
1858.2477141982558
 20
20369.378219158523
 30
0.0
  0
VERTEX
  8
BASEMETAL
 10
1850.1103903339633
 20
20375.967694096762
 30
0.0
  0
VERTEX
  8
BASEMETAL
 10
1842.3290848612492
 20
20382.97401301431
 30
0.0
  0
VERTEX
  8
BASEMETAL
 10
1834.9251257975425
 20
20390.37797207802
 30
0.0
  0
VERTEX
  8
BASEMETAL
 10
1827.9188068799938
 20
20398.159277550734
 30
0.0
  0
VERTEX
  8
BASEMETAL
 10
1821.329331941753
 20
20406.296601415026
 30
0.0
  0
VERTEX
  8
BASEMETAL
 10
1815.174762275597
 20
20414.767639831804
 30
0.0
  0
VERTEX
  8
BASEMETAL
 10
1809.4719671291816
 20
20423.54917427358
 30
0.0
  0
VERTEX
  8
BASEMETAL
 10
1804.2365774676068
 20
20432.617135164848
 30
0.0
  0
VERTEX
  8
BASEMETAL
 10
1799.482943130028
 20
20441.94666785511
 30
0.0
  0
VERTEX
  8
BASEMETAL
 10
1795.2240934977426
 20
20451.512200743753
 30
0.0
  0
VERTEX
  8
BASEMETAL
 10
1791.4717017815642
 20
20461.287515370015
 30
0.0
  0
VERTEX
  8
BASEMETAL
 10
1788.2360530263613
 20
20471.245818275984
 30
0.0
  0
VERTEX
  8
BASEMETAL
 10
1785.5260159204647
 20
20481.35981444559
 30
0.0
  0
VERTEX
  8
BASEMETAL
 10
1783.3490184872092
 20
20491.60178211834
 30
0.0
  0
VERTEX
  8
BASEMETAL
 10
1781.711027725238
 20
20501.943648772758
 30
0.0
  0
VERTEX
  8
BASEMETAL
 10
1780.6165332533744
 20
20512.3570680712
 30
0.0
  0
VERTEX
  8
BASEMETAL
 10
1780.0685350048884
 20
20522.813497555195
 30
0.0
  0
VERTEX
  8
BASEMETAL
 10
1780.0
 20
20528.04888721677
 30
0.0
  0
VERTEX
  8
BASEMETAL
 10
1710.0
 20
20528.04888721677
 30
0.0
  0
VERTEX
  8
BASEMETAL
 10
1710.0925222565995
 20
20520.981111173645
 30
0.0
  0
VERTEX
  8
BASEMETAL
 10
1710.8323198920555
 20
20506.86493137025
 30
0.0
  0
VERTEX
  8
BASEMETAL
 10
1712.3098874290713
 20
20492.806815317355
 30
0.0
  0
VERTEX
  8
BASEMETAL
 10
1714.5211749577322
 20
20478.84529533389
 30
0.0
  0
VERTEX
  8
BASEMETAL
 10
1717.4601214926274
 20
20465.018638975675
 30
0.0
  0
VERTEX
  8
BASEMETAL
 10
1721.118671585588
 20
20451.36474414671
 30
0.0
  0
VERTEX
  8
BASEMETAL
 10
1725.4867974051117
 20
20437.92103522365
 30
0.0
  0
VERTEX
  8
BASEMETAL
 10
1730.5525262219526
 20
20424.724360478194
 30
0.0
  0
VERTEX
  8
BASEMETAL
 10
1736.3019732255375
 20
20411.81089107853
 30
0.0
  0
VERTEX
  8
BASEMETAL
 10
1742.7193795812693
 20
20399.216021946675
 30
0.0
  0
VERTEX
  8
BASEMETAL
 10
1749.7871556243952
 20
20386.974274743465
 30
0.0
  0
VERTEX
  8
BASEMETAL
 10
1757.4859290720558
 20
20375.119203247064
 30
0.0
  0
VERTEX
  8
BASEMETAL
 10
1765.7945981213666
 20
20363.683301384415
 30
0.0
  0
VERTEX
  8
BASEMETAL
 10
1774.6903892879916
 20
20352.69791416762
 30
0.0
  0
VERTEX
  8
BASEMETAL
 10
1784.1489198266822
 20
20342.193151779455
 30
0.0
  0
VERTEX
  8
BASEMETAL
 10
1794.1442645626864
 20
20332.197807043452
 30
0.0
  0
VERTEX
  8
BASEMETAL
 10
1804.6490269508504
 20
20322.739276504763
 30
0.0
  0
VERTEX
  8
BASEMETAL
 10
1815.6344141676454
 20
20313.843485338137
 30
0.0
  0
VERTEX
  8
BASEMETAL
 10
1827.070316030295
 20
20305.534816288826
 30
0.0
  0
VERTEX
  8
BASEMETAL
 10
1838.9253875266938
 20
20297.836042841165
 30
0.0
  0
VERTEX
  8
BASEMETAL
 10
1851.1671347299057
 20
20290.76826679804
 30
0.0
  0
VERTEX
  8
BASEMETAL
 10
1863.7620038617604
 20
20284.350860442308
 30
0.0
  0
VERTEX
  8
BASEMETAL
 10
1876.6754732614259
 20
20278.601413438722
 30
0.0
  0
VERTEX
  8
BASEMETAL
 10
1889.8721480068818
 20
20273.535684621882
 30
0.0
  0
VERTEX
  8
BASEMETAL
 10
1903.3158569299408
 20
20269.167558802357
 30
0.0
  0
VERTEX
  8
BASEMETAL
 10
1916.9697517589057
 20
20265.509008709396
 30
0.0
  0
VERTEX
  8
BASEMETAL
 10
1930.79640811712
 20
20262.5700621745
 30
0.0
  0
VERTEX
  8
BASEMETAL
 10
1944.757928100586
 20
20260.35877464584
 30
0.0
  0
VERTEX
  8
BASEMETAL
 10
1958.816044153482
 20
20258.881207108825
 30
0.0
  0
VERTEX
  8
BASEMETAL
 10
1972.9322239568742
 20
20258.14140947337
 30
0.0
  0
VERTEX
  8
BASEMETAL
 10
1987.0677760431258
 20
20258.14140947337
 30
0.0
  0
VERTEX
  8
BASEMETAL
 10
2001.183955846518
 20
20258.881207108825
 30
0.0
  0
VERTEX
  8
BASEMETAL
 10
2015.242071899414
 20
20260.35877464584
 30
0.0
  0
VERTEX
  8
BASEMETAL
 10
2029.20359188288
 20
20262.5700621745
 30
0.0
  0
VERTEX
  8
BASEMETAL
 10
2043.0302482410946
 20
20265.509008709396
 30
0.0
  0
VERTEX
  8
BASEMETAL
 10
2056.6841430700592
 20
20269.167558802357
 30
0.0
  0
VERTEX
  8
BASEMETAL
 10
2070.1278519931184
 20
20273.535684621882
 30
0.0
  0
VERTEX
  8
BASEMETAL
 10
2083.324526738574
 20
20278.601413438722
 30
0.0
  0
VERTEX
  8
BASEMETAL
 10
2096.23799613824
 20
20284.350860442308
 30
0.0
  0
VERTEX
  8
BASEMETAL
 10
2108.8328652700943
 20
20290.76826679804
 30
0.0
  0
VERTEX
  8
BASEMETAL
 10
2121.0746124733064
 20
20297.836042841165
 30
0.0
  0
VERTEX
  8
BASEMETAL
 10
2132.929683969705
 20
20305.534816288826
 30
0.0
  0
VERTEX
  8
BASEMETAL
 10
2144.3655858323546
 20
20313.843485338137
 30
0.0
  0
VERTEX
  8
BASEMETAL
 10
2155.3509730491496
 20
20322.739276504763
 30
0.0
  0
VERTEX
  8
BASEMETAL
 10
2165.855735437314
 20
20332.197807043452
 30
0.0
  0
VERTEX
  8
BASEMETAL
 10
2175.8510801733178
 20
20342.193151779455
 30
0.0
  0
VERTEX
  8
BASEMETAL
 10
2185.309610712008
 20
20352.69791416762
 30
0.0
  0
VERTEX
  8
BASEMETAL
 10
2194.2054018786334
 20
20363.683301384415
 30
0.0
  0
VERTEX
  8
BASEMETAL
 10
2202.514070927944
 20
20375.119203247064
 30
0.0
  0
VERTEX
  8
BASEMETAL
 10
2210.212844375605
 20
20386.974274743465
 30
0.0
  0
VERTEX
  8
BASEMETAL
 10
2217.2806204187305
 20
20399.216021946675
 30
0.0
  0
VERTEX
  8
BASEMETAL
 10
2223.6980267744625
 20
20411.81089107853
 30
0.0
  0
VERTEX
  8
BASEMETAL
 10
2229.4474737780474
 20
20424.724360478194
 30
0.0
  0
VERTEX
  8
BASEMETAL
 10
2234.5132025948883
 20
20437.92103522365
 30
0.0
  0
VERTEX
  8
BASEMETAL
 10
2238.881328414412
 20
20451.36474414671
 30
0.0
  0
VERTEX
  8
BASEMETAL
 10
2242.5398785073726
 20
20465.018638975675
 30
0.0
  0
VERTEX
  8
BASEMETAL
 10
2245.4788250422675
 20
20478.84529533389
 30
0.0
  0
VERTEX
  8
BASEMETAL
 10
2247.6901125709287
 20
20492.806815317355
 30
0.0
  0
VERTEX
  8
BASEMETAL
 10
2249.1676801079448
 20
20506.86493137025
 30
0.0
  0
VERTEX
  8
BASEMETAL
 10
2249.9074777434007
 20
20520.981111173645
 30
0.0
  0
VERTEX
  8
BASEMETAL
 10
2250.0
 20
20528.04888721677
 30
0.0
  0
SEQEND
  0
SOLID
 62
256
  8
BASEMETAL
 10
2180.0
 20
20528.04888721677
 30
0.0
 11
2179.9314649951116
 21
20522.813497555195
 31
0.0
 13
2249.9074777434007
 23
20520.981111173645
 33
0.0
 12
2250.0
 22
20528.04888721677
 32
0.0
  0
SOLID
 62
256
  8
BASEMETAL
 10
2179.9314649951116
 20
20522.813497555195
 30
0.0
 11
2179.383466746626
 21
20512.3570680712
 31
0.0
 13
2249.1676801079448
 23
20506.86493137025
 33
0.0
 12
2249.9074777434007
 22
20520.981111173645
 32
0.0
  0
SOLID
 62
256
  8
BASEMETAL
 10
2179.383466746626
 20
20512.3570680712
 30
0.0
 11
2178.2889722747623
 21
20501.943648772758
 31
0.0
 13
2247.6901125709287
 23
20492.806815317355
 33
0.0
 12
2249.1676801079448
 22
20506.86493137025
 32
0.0
  0
SOLID
 62
256
  8
BASEMETAL
 10
2178.2889722747623
 20
20501.943648772758
 30
0.0
 11
2176.650981512791
 21
20491.60178211834
 31
0.0
 13
2245.4788250422675
 23
20478.84529533389
 33
0.0
 12
2247.6901125709287
 22
20492.806815317355
 32
0.0
  0
SOLID
 62
256
  8
BASEMETAL
 10
2176.650981512791
 20
20491.60178211834
 30
0.0
 11
2174.4739840795355
 21
20481.35981444559
 31
0.0
 13
2242.5398785073726
 23
20465.018638975675
 33
0.0
 12
2245.4788250422675
 22
20478.84529533389
 32
0.0
  0
SOLID
 62
256
  8
BASEMETAL
 10
2174.4739840795355
 20
20481.35981444559
 30
0.0
 11
2171.7639469736387
 21
20471.245818275984
 31
0.0
 13
2238.881328414412
 23
20451.36474414671
 33
0.0
 12
2242.5398785073726
 22
20465.018638975675
 32
0.0
  0
SOLID
 62
256
  8
BASEMETAL
 10
2171.7639469736387
 20
20471.245818275984
 30
0.0
 11
2168.528298218436
 21
20461.287515370015
 31
0.0
 13
2234.5132025948883
 23
20437.92103522365
 33
0.0
 12
2238.881328414412
 22
20451.36474414671
 32
0.0
  0
SOLID
 62
256
  8
BASEMETAL
 10
2168.528298218436
 20
20461.287515370015
 30
0.0
 11
2164.7759065022574
 21
20451.512200743753
 31
0.0
 13
2229.4474737780474
 23
20424.724360478194
 33
0.0
 12
2234.5132025948883
 22
20437.92103522365
 32
0.0
  0
SOLID
 62
256
  8
BASEMETAL
 10
2164.7759065022574
 20
20451.512200743753
 30
0.0
 11
2160.5170568699723
 21
20441.94666785511
 31
0.0
 13
2223.6980267744625
 23
20411.81089107853
 33
0.0
 12
2229.4474737780474
 22
20424.724360478194
 32
0.0
  0
SOLID
 62
256
  8
BASEMETAL
 10
2160.5170568699723
 20
20441.94666785511
 30
0.0
 11
2155.763422532393
 21
20432.617135164848
 31
0.0
 13
2217.2806204187305
 23
20399.216021946675
 33
0.0
 12
2223.6980267744625
 22
20411.81089107853
 32
0.0
  0
SOLID
 62
256
  8
BASEMETAL
 10
2155.763422532393
 20
20432.617135164848
 30
0.0
 11
2150.5280328708186
 21
20423.54917427358
 31
0.0
 13
2210.212844375605
 23
20386.974274743465
 33
0.0
 12
2217.2806204187305
 22
20399.216021946675
 32
0.0
  0
SOLID
 62
256
  8
BASEMETAL
 10
2150.5280328708186
 20
20423.54917427358
 30
0.0
 11
2144.825237724403
 21
20414.767639831804
 31
0.0
 13
2202.514070927944
 23
20375.119203247064
 33
0.0
 12
2210.212844375605
 22
20386.974274743465
 32
0.0
  0
SOLID
 62
256
  8
BASEMETAL
 10
2144.825237724403
 20
20414.767639831804
 30
0.0
 11
2138.670668058247
 21
20406.296601415026
 31
0.0
 13
2194.2054018786334
 23
20363.683301384415
 33
0.0
 12
2202.514070927944
 22
20375.119203247064
 32
0.0
  0
SOLID
 62
256
  8
BASEMETAL
 10
2138.670668058247
 20
20406.296601415026
 30
0.0
 11
2132.081193120006
 21
20398.159277550734
 31
0.0
 13
2185.309610712008
 23
20352.69791416762
 33
0.0
 12
2194.2054018786334
 22
20363.683301384415
 32
0.0
  0
SOLID
 62
256
  8
BASEMETAL
 10
2132.081193120006
 20
20398.159277550734
 30
0.0
 11
2125.0748742024575
 21
20390.37797207802
 31
0.0
 13
2175.8510801733178
 23
20342.193151779455
 33
0.0
 12
2185.309610712008
 22
20352.69791416762
 32
0.0
  0
SOLID
 62
256
  8
BASEMETAL
 10
2125.0748742024575
 20
20390.37797207802
 30
0.0
 11
2117.670915138751
 21
20382.97401301431
 31
0.0
 13
2165.855735437314
 23
20332.197807043452
 33
0.0
 12
2175.8510801733178
 22
20342.193151779455
 32
0.0
  0
SOLID
 62
256
  8
BASEMETAL
 10
2117.670915138751
 20
20382.97401301431
 30
0.0
 11
2109.889609666037
 21
20375.967694096762
 31
0.0
 13
2155.3509730491496
 23
20322.739276504763
 33
0.0
 12
2165.855735437314
 22
20332.197807043452
 32
0.0
  0
SOLID
 62
256
  8
BASEMETAL
 10
2109.889609666037
 20
20375.967694096762
 30
0.0
 11
2101.752285801744
 21
20369.378219158523
 31
0.0
 13
2144.3655858323546
 23
20313.843485338137
 33
0.0
 12
2155.3509730491496
 22
20322.739276504763
 32
0.0
  0
SOLID
 62
256
  8
BASEMETAL
 10
2101.752285801744
 20
20369.378219158523
 30
0.0
 11
2093.2812473849667
 21
20363.223649492367
 31
0.0
 13
2132.929683969705
 23
20305.534816288826
 33
0.0
 12
2144.3655858323546
 22
20313.843485338137
 32
0.0
  0
SOLID
 62
256
  8
BASEMETAL
 10
2093.2812473849667
 20
20363.223649492367
 30
0.0
 11
2084.49971294319
 21
20357.520854345952
 31
0.0
 13
2121.0746124733064
 23
20297.836042841165
 33
0.0
 12
2132.929683969705
 22
20305.534816288826
 32
0.0
  0
SOLID
 62
256
  8
BASEMETAL
 10
2084.49971294319
 20
20357.520854345952
 30
0.0
 11
2075.4317520519216
 21
20352.285464684377
 31
0.0
 13
2108.8328652700943
 23
20290.76826679804
 33
0.0
 12
2121.0746124733064
 22
20297.836042841165
 32
0.0
  0
SOLID
 62
256
  8
BASEMETAL
 10
2075.4317520519216
 20
20352.285464684377
 30
0.0
 11
2066.102219361659
 21
20347.531830346798
 31
0.0
 13
2096.23799613824
 23
20284.350860442308
 33
0.0
 12
2108.8328652700943
 22
20290.76826679804
 32
0.0
  0
SOLID
 62
256
  8
BASEMETAL
 10
2066.102219361659
 20
20347.531830346798
 30
0.0
 11
2056.536686473018
 21
20343.27298071451
 31
0.0
 13
2083.324526738574
 23
20278.601413438722
 33
0.0
 12
2096.23799613824
 22
20284.350860442308
 32
0.0
  0
SOLID
 62
256
  8
BASEMETAL
 10
2056.536686473018
 20
20343.27298071451
 30
0.0
 11
2046.7613718467542
 21
20339.520588998334
 31
0.0
 13
2070.1278519931184
 23
20273.535684621882
 33
0.0
 12
2083.324526738574
 22
20278.601413438722
 32
0.0
  0
SOLID
 62
256
  8
BASEMETAL
 10
2046.7613718467542
 20
20339.520588998334
 30
0.0
 11
2036.8030689407847
 21
20336.28494024313
 31
0.0
 13
2056.6841430700592
 23
20269.167558802357
 33
0.0
 12
2070.1278519931184
 22
20273.535684621882
 32
0.0
  0
SOLID
 62
256
  8
BASEMETAL
 10
2036.8030689407847
 20
20336.28494024313
 30
0.0
 11
2026.6890727711811
 21
20333.574903137236
 31
0.0
 13
2043.0302482410946
 23
20265.509008709396
 33
0.0
 12
2056.6841430700592
 22
20269.167558802357
 32
0.0
  0
SOLID
 62
256
  8
BASEMETAL
 10
2026.6890727711811
 20
20333.574903137236
 30
0.0
 11
2016.4471050984296
 21
20331.39790570398
 31
0.0
 13
2029.20359188288
 23
20262.5700621745
 33
0.0
 12
2043.0302482410946
 22
20265.509008709396
 32
0.0
  0
SOLID
 62
256
  8
BASEMETAL
 10
2016.4471050984296
 20
20331.39790570398
 30
0.0
 11
2006.1052384440104
 21
20329.75991494201
 31
0.0
 13
2015.242071899414
 23
20260.35877464584
 33
0.0
 12
2029.20359188288
 22
20262.5700621745
 32
0.0
  0
SOLID
 62
256
  8
BASEMETAL
 10
2006.1052384440104
 20
20329.75991494201
 30
0.0
 11
1995.691819145569
 21
20328.665420470144
 31
0.0
 13
2001.183955846518
 23
20258.881207108825
 33
0.0
 12
2015.242071899414
 22
20260.35877464584
 32
0.0
  0
SOLID
 62
256
  8
BASEMETAL
 10
1995.691819145569
 20
20328.665420470144
 30
0.0
 11
1985.2353896615746
 21
20328.117422221658
 31
0.0
 13
1987.0677760431258
 23
20258.14140947337
 33
0.0
 12
2001.183955846518
 22
20258.881207108825
 32
0.0
  0
SOLID
 62
256
  8
BASEMETAL
 10
1985.2353896615746
 20
20328.117422221658
 30
0.0
 11
1974.7646103384254
 21
20328.117422221658
 31
0.0
 13
1972.9322239568742
 23
20258.14140947337
 33
0.0
 12
1987.0677760431258
 22
20258.14140947337
 32
0.0
  0
SOLID
 62
256
  8
BASEMETAL
 10
1974.7646103384254
 20
20328.117422221658
 30
0.0
 11
1964.308180854431
 21
20328.665420470144
 31
0.0
 13
1958.816044153482
 23
20258.881207108825
 33
0.0
 12
1972.9322239568742
 22
20258.14140947337
 32
0.0
  0
SOLID
 62
256
  8
BASEMETAL
 10
1964.308180854431
 20
20328.665420470144
 30
0.0
 11
1953.8947615559896
 21
20329.75991494201
 31
0.0
 13
1944.757928100586
 23
20260.35877464584
 33
0.0
 12
1958.816044153482
 22
20258.881207108825
 32
0.0
  0
SOLID
 62
256
  8
BASEMETAL
 10
1953.8947615559896
 20
20329.75991494201
 30
0.0
 11
1943.5528949015707
 21
20331.39790570398
 31
0.0
 13
1930.79640811712
 23
20262.5700621745
 33
0.0
 12
1944.757928100586
 22
20260.35877464584
 32
0.0
  0
SOLID
 62
256
  8
BASEMETAL
 10
1943.5528949015707
 20
20331.39790570398
 30
0.0
 11
1933.3109272288189
 21
20333.574903137236
 31
0.0
 13
1916.9697517589057
 23
20265.509008709396
 33
0.0
 12
1930.79640811712
 22
20262.5700621745
 32
0.0
  0
SOLID
 62
256
  8
BASEMETAL
 10
1933.3109272288189
 20
20333.574903137236
 30
0.0
 11
1923.1969310592156
 21
20336.28494024313
 31
0.0
 13
1903.3158569299408
 23
20269.167558802357
 33
0.0
 12
1916.9697517589057
 22
20265.509008709396
 32
0.0
  0
SOLID
 62
256
  8
BASEMETAL
 10
1923.1969310592156
 20
20336.28494024313
 30
0.0
 11
1913.2386281532458
 21
20339.520588998334
 31
0.0
 13
1889.8721480068818
 23
20273.535684621882
 33
0.0
 12
1903.3158569299408
 22
20269.167558802357
 32
0.0
  0
SOLID
 62
256
  8
BASEMETAL
 10
1913.2386281532458
 20
20339.520588998334
 30
0.0
 11
1903.4633135269821
 21
20343.27298071451
 31
0.0
 13
1876.6754732614259
 23
20278.601413438722
 33
0.0
 12
1889.8721480068818
 22
20273.535684621882
 32
0.0
  0
SOLID
 62
256
  8
BASEMETAL
 10
1903.4633135269821
 20
20343.27298071451
 30
0.0
 11
1893.897780638341
 21
20347.531830346798
 31
0.0
 13
1863.7620038617604
 23
20284.350860442308
 33
0.0
 12
1876.6754732614259
 22
20278.601413438722
 32
0.0
  0
SOLID
 62
256
  8
BASEMETAL
 10
1893.897780638341
 20
20347.531830346798
 30
0.0
 11
1884.5682479480784
 21
20352.285464684377
 31
0.0
 13
1851.1671347299057
 23
20290.76826679804
 33
0.0
 12
1863.7620038617604
 22
20284.350860442308
 32
0.0
  0
SOLID
 62
256
  8
BASEMETAL
 10
1884.5682479480784
 20
20352.285464684377
 30
0.0
 11
1875.5002870568103
 21
20357.520854345952
 31
0.0
 13
1838.9253875266938
 23
20297.836042841165
 33
0.0
 12
1851.1671347299057
 22
20290.76826679804
 32
0.0
  0
SOLID
 62
256
  8
BASEMETAL
 10
1875.5002870568103
 20
20357.520854345952
 30
0.0
 11
1866.7187526150335
 21
20363.223649492367
 31
0.0
 13
1827.070316030295
 23
20305.534816288826
 33
0.0
 12
1838.9253875266938
 22
20297.836042841165
 32
0.0
  0
SOLID
 62
256
  8
BASEMETAL
 10
1866.7187526150335
 20
20363.223649492367
 30
0.0
 11
1858.2477141982558
 21
20369.378219158523
 31
0.0
 13
1815.6344141676454
 23
20313.843485338137
 33
0.0
 12
1827.070316030295
 22
20305.534816288826
 32
0.0
  0
SOLID
 62
256
  8
BASEMETAL
 10
1858.2477141982558
 20
20369.378219158523
 30
0.0
 11
1850.1103903339633
 21
20375.967694096762
 31
0.0
 13
1804.6490269508504
 23
20322.739276504763
 33
0.0
 12
1815.6344141676454
 22
20313.843485338137
 32
0.0
  0
SOLID
 62
256
  8
BASEMETAL
 10
1850.1103903339633
 20
20375.967694096762
 30
0.0
 11
1842.3290848612492
 21
20382.97401301431
 31
0.0
 13
1794.1442645626864
 23
20332.197807043452
 33
0.0
 12
1804.6490269508504
 22
20322.739276504763
 32
0.0
  0
SOLID
 62
256
  8
BASEMETAL
 10
1842.3290848612492
 20
20382.97401301431
 30
0.0
 11
1834.9251257975425
 21
20390.37797207802
 31
0.0
 13
1784.1489198266822
 23
20342.193151779455
 33
0.0
 12
1794.1442645626864
 22
20332.197807043452
 32
0.0
  0
SOLID
 62
256
  8
BASEMETAL
 10
1834.9251257975425
 20
20390.37797207802
 30
0.0
 11
1827.9188068799938
 21
20398.159277550734
 31
0.0
 13
1774.6903892879916
 23
20352.69791416762
 33
0.0
 12
1784.1489198266822
 22
20342.193151779455
 32
0.0
  0
SOLID
 62
256
  8
BASEMETAL
 10
1827.9188068799938
 20
20398.159277550734
 30
0.0
 11
1821.329331941753
 21
20406.296601415026
 31
0.0
 13
1765.7945981213666
 23
20363.683301384415
 33
0.0
 12
1774.6903892879916
 22
20352.69791416762
 32
0.0
  0
SOLID
 62
256
  8
BASEMETAL
 10
1821.329331941753
 20
20406.296601415026
 30
0.0
 11
1815.174762275597
 21
20414.767639831804
 31
0.0
 13
1757.4859290720558
 23
20375.119203247064
 33
0.0
 12
1765.7945981213666
 22
20363.683301384415
 32
0.0
  0
SOLID
 62
256
  8
BASEMETAL
 10
1815.174762275597
 20
20414.767639831804
 30
0.0
 11
1809.4719671291816
 21
20423.54917427358
 31
0.0
 13
1749.7871556243952
 23
20386.974274743465
 33
0.0
 12
1757.4859290720558
 22
20375.119203247064
 32
0.0
  0
SOLID
 62
256
  8
BASEMETAL
 10
1809.4719671291816
 20
20423.54917427358
 30
0.0
 11
1804.2365774676068
 21
20432.617135164848
 31
0.0
 13
1742.7193795812693
 23
20399.216021946675
 33
0.0
 12
1749.7871556243952
 22
20386.974274743465
 32
0.0
  0
SOLID
 62
256
  8
BASEMETAL
 10
1804.2365774676068
 20
20432.617135164848
 30
0.0
 11
1799.482943130028
 21
20441.94666785511
 31
0.0
 13
1736.3019732255375
 23
20411.81089107853
 33
0.0
 12
1742.7193795812693
 22
20399.216021946675
 32
0.0
  0
SOLID
 62
256
  8
BASEMETAL
 10
1799.482943130028
 20
20441.94666785511
 30
0.0
 11
1795.2240934977426
 21
20451.512200743753
 31
0.0
 13
1730.5525262219526
 23
20424.724360478194
 33
0.0
 12
1736.3019732255375
 22
20411.81089107853
 32
0.0
  0
SOLID
 62
256
  8
BASEMETAL
 10
1795.2240934977426
 20
20451.512200743753
 30
0.0
 11
1791.4717017815642
 21
20461.287515370015
 31
0.0
 13
1725.4867974051117
 23
20437.92103522365
 33
0.0
 12
1730.5525262219526
 22
20424.724360478194
 32
0.0
  0
SOLID
 62
256
  8
BASEMETAL
 10
1791.4717017815642
 20
20461.287515370015
 30
0.0
 11
1788.2360530263613
 21
20471.245818275984
 31
0.0
 13
1721.118671585588
 23
20451.36474414671
 33
0.0
 12
1725.4867974051117
 22
20437.92103522365
 32
0.0
  0
SOLID
 62
256
  8
BASEMETAL
 10
1788.2360530263613
 20
20471.245818275984
 30
0.0
 11
1785.5260159204647
 21
20481.35981444559
 31
0.0
 13
1717.4601214926274
 23
20465.018638975675
 33
0.0
 12
1721.118671585588
 22
20451.36474414671
 32
0.0
  0
SOLID
 62
256
  8
BASEMETAL
 10
1785.5260159204647
 20
20481.35981444559
 30
0.0
 11
1783.3490184872092
 21
20491.60178211834
 31
0.0
 13
1714.5211749577322
 23
20478.84529533389
 33
0.0
 12
1717.4601214926274
 22
20465.018638975675
 32
0.0
  0
SOLID
 62
256
  8
BASEMETAL
 10
1783.3490184872092
 20
20491.60178211834
 30
0.0
 11
1781.711027725238
 21
20501.943648772758
 31
0.0
 13
1712.3098874290713
 23
20492.806815317355
 33
0.0
 12
1714.5211749577322
 22
20478.84529533389
 32
0.0
  0
SOLID
 62
256
  8
BASEMETAL
 10
1781.711027725238
 20
20501.943648772758
 30
0.0
 11
1780.6165332533744
 21
20512.3570680712
 31
0.0
 13
1710.8323198920555
 23
20506.86493137025
 33
0.0
 12
1712.3098874290713
 22
20492.806815317355
 32
0.0
  0
SOLID
 62
256
  8
BASEMETAL
 10
1780.6165332533744
 20
20512.3570680712
 30
0.0
 11
1780.0685350048884
 21
20522.813497555195
 31
0.0
 13
1710.0925222565995
 23
20520.981111173645
 33
0.0
 12
1710.8323198920555
 22
20506.86493137025
 32
0.0
  0
SOLID
 62
256
  8
BASEMETAL
 10
1780.0685350048884
 20
20522.813497555195
 30
0.0
 11
1780.0
 21
20528.04888721677
 31
0.0
 13
1710.0
 23
20528.04888721677
 33
0.0
 12
1710.0925222565995
 22
20520.981111173645
 32
0.0
  0
POLYLINE
 62
256
  8
BASEMETAL
 66
1
 10
0.0
 20
0.0
 30
0.0
 70
1
  0
VERTEX
  8
BASEMETAL
 10
1780.0
 20
20528.04888721677
 30
0.0
  0
VERTEX
  8
BASEMETAL
 10
1779.9999999999998
 20
22265.0
 30
0.0
  0
VERTEX
  8
BASEMETAL
 10
1709.9999999999998
 20
22265.0
 30
0.0
  0
VERTEX
  8
BASEMETAL
 10
1710.0
 20
20528.04888721677
 30
0.0
  0
SEQEND
  0
SOLID
 62
256
  8
BASEMETAL
 10
1780.0
 20
20528.04888721677
 30
0.0
 11
1779.9999999999998
 21
22265.0
 31
0.0
 13
1709.9999999999998
 23
22265.0
 33
0.0
 12
1710.0
 22
20528.04888721677
 32
0.0
  0
POLYLINE
 62
256
  8
BASEMETAL
 66
1
 10
0.0
 20
0.0
 30
0.0
 70
1
  0
VERTEX
  8
BASEMETAL
 10
1779.9999999999998
 20
22265.0
 30
0.0
  0
VERTEX
  8
BASEMETAL
 10
1779.9999999999998
 20
22283.0
 30
0.0
  0
VERTEX
  8
BASEMETAL
 10
1709.9999999999998
 20
22283.0
 30
0.0
  0
VERTEX
  8
BASEMETAL
 10
1709.9999999999998
 20
22265.0
 30
0.0
  0
SEQEND
  0
SOLID
 62
256
  8
BASEMETAL
 10
1779.9999999999998
 20
22265.0
 30
0.0
 11
1779.9999999999998
 21
22283.0
 31
0.0
 13
1709.9999999999998
 23
22283.0
 33
0.0
 12
1709.9999999999998
 22
22265.0
 32
0.0
  0
POLYLINE
 62
256
  8
BASEMETAL
 66
1
 10
0.0
 20
0.0
 30
0.0
 70
1
  0
VERTEX
  8
BASEMETAL
 10
1779.9999999999998
 20
22283.0
 30
0.0
  0
VERTEX
  8
BASEMETAL
 10
1779.9999999999998
 20
22319.49747468306
 30
0.0
  0
VERTEX
  8
BASEMETAL
 10
1709.9999999999998
 20
22319.49747468306
 30
0.0
  0
VERTEX
  8
BASEMETAL
 10
1709.9999999999998
 20
22283.0
 30
0.0
  0
SEQEND
  0
SOLID
 62
256
  8
BASEMETAL
 10
1779.9999999999998
 20
22283.0
 30
0.0
 11
1779.9999999999998
 21
22319.49747468306
 31
0.0
 13
1709.9999999999998
 23
22319.49747468306
 33
0.0
 12
1709.9999999999998
 22
22283.0
 32
0.0
  0
POLYLINE
 62
256
  8
BASEMETAL
 66
1
 10
0.0
 20
0.0
 30
0.0
 70
1
  0
VERTEX
  8
BASEMETAL
 10
1709.9999999999998
 20
22285.0
 30
0.0
  0
VERTEX
  8
BASEMETAL
 10
1710.9281868166308
 20
22285.90419956492
 30
0.0
  0
VERTEX
  8
BASEMETAL
 10
1712.853961669815
 20
22287.638175031134
 30
0.0
  0
VERTEX
  8
BASEMETAL
 10
1714.8678465796181
 20
22289.268986875784
 30
0.0
  0
VERTEX
  8
BASEMETAL
 10
1716.9643216274865
 20
22290.792165156963
 30
0.0
  0
VERTEX
  8
BASEMETAL
 10
1719.1376405210378
 20
22292.203534948876
 30
0.0
  0
VERTEX
  8
BASEMETAL
 10
1721.3818463442503
 20
22293.499227785025
 30
0.0
  0
VERTEX
  8
BASEMETAL
 10
1723.6907878849554
 20
22294.675692261408
 30
0.0
  0
VERTEX
  8
BASEMETAL
 10
1726.0581364948828
 20
22295.729703770674
 30
0.0
  0
VERTEX
  8
BASEMETAL
 10
1728.477403436045
 20
22296.658373340535
 30
0.0
  0
VERTEX
  8
BASEMETAL
 10
1730.9419576659172
 20
22297.459155552257
 30
0.0
  0
VERTEX
  8
BASEMETAL
 10
1733.4450440126648
 20
22298.12985551745
 30
0.0
  0
VERTEX
  8
BASEMETAL
 10
1735.9798016905984
 20
22298.66863489414
 30
0.0
  0
VERTEX
  8
BASEMETAL
 10
1738.5392831051117
 20
22299.074016925497
 30
0.0
  0
VERTEX
  8
BASEMETAL
 10
1741.116472895555
 20
22299.34489048756
 30
0.0
  0
VERTEX
  8
BASEMETAL
 10
1743.7043071638511
 20
22299.480513134713
 30
0.0
  0
VERTEX
  8
BASEMETAL
 10
1746.2956928361484
 20
22299.480513134713
 30
0.0
  0
VERTEX
  8
BASEMETAL
 10
1748.8835271044445
 20
22299.34489048756
 30
0.0
  0
VERTEX
  8
BASEMETAL
 10
1751.4607168948878
 20
22299.074016925497
 30
0.0
  0
VERTEX
  8
BASEMETAL
 10
1754.0201983094012
 20
22298.66863489414
 30
0.0
  0
VERTEX
  8
BASEMETAL
 10
1756.5549559873348
 20
22298.12985551745
 30
0.0
  0
VERTEX
  8
BASEMETAL
 10
1759.0580423340823
 20
22297.459155552257
 30
0.0
  0
VERTEX
  8
BASEMETAL
 10
1761.5225965639545
 20
22296.658373340535
 30
0.0
  0
VERTEX
  8
BASEMETAL
 10
1763.9418635051165
 20
22295.729703770674
 30
0.0
  0
VERTEX
  8
BASEMETAL
 10
1766.309212115044
 20
22294.675692261408
 30
0.0
  0
VERTEX
  8
BASEMETAL
 10
1768.6181536557492
 20
22293.499227785025
 30
0.0
  0
VERTEX
  8
BASEMETAL
 10
1770.8623594789617
 20
22292.203534948876
 30
0.0
  0
VERTEX
  8
BASEMETAL
 10
1773.035678372513
 20
22290.792165156963
 30
0.0
  0
VERTEX
  8
BASEMETAL
 10
1775.1321534203812
 20
22289.268986875784
 30
0.0
  0
VERTEX
  8
BASEMETAL
 10
1777.1460383301846
 20
22287.638175031134
 30
0.0
  0
VERTEX
  8
BASEMETAL
 10
1779.0718131833687
 20
22285.90419956492
 30
0.0
  0
VERTEX
  8
BASEMETAL
 10
1779.9999999999998
 20
22285.0
 30
0.0
  0
VERTEX
  8
BASEMETAL
 10
1957.132034355964
 20
22462.132034355964
 30
0.0
  0
VERTEX
  8
BASEMETAL
 10
1951.506372708126
 20
22467.612311303685
 30
0.0
  0
VERTEX
  8
BASEMETAL
 10
1939.834414499055
 20
22478.121789680008
 30
0.0
  0
VERTEX
  8
BASEMETAL
 10
1927.6284287026158
 20
22488.00600208737
 30
0.0
  0
VERTEX
  8
BASEMETAL
 10
1914.9218710774496
 20
22497.237856586606
 30
0.0
  0
VERTEX
  8
BASEMETAL
 10
1901.7495694147844
 20
22505.792049306227
 30
0.0
  0
VERTEX
  8
BASEMETAL
 10
1888.1476280778822
 20
22513.64513379859
 30
0.0
  0
VERTEX
  8
BASEMETAL
 10
1874.1533290424882
 20
22520.775585304957
 30
0.0
  0
VERTEX
  8
BASEMETAL
 10
1859.8050297095267
 20
22527.163859753386
 30
0.0
  0
VERTEX
  8
BASEMETAL
 10
1845.142057770131
 20
22532.792447327654
 30
0.0
  0
VERTEX
  8
BASEMETAL
 10
1830.2046034111765
 20
22537.645920460458
 30
0.0
  0
VERTEX
  8
BASEMETAL
 10
1815.0336091567713
 20
22541.710976119302
 30
0.0
  0
VERTEX
  8
BASEMETAL
 10
1799.670657647644
 20
22544.976472269187
 30
0.0
  0
VERTEX
  8
BASEMETAL
 10
1784.1578576660152
 20
22547.433458412142
 30
0.0
  0
VERTEX
  8
BASEMETAL
 10
1768.5377287183533
 20
22549.07520011994
 30
0.0
  0
VERTEX
  8
BASEMETAL
 10
1752.8530844923616
 20
22549.897197492668
 30
0.0
  0
VERTEX
  8
BASEMETAL
 10
1737.1469155076377
 20
22549.897197492668
 30
0.0
  0
VERTEX
  8
BASEMETAL
 10
1721.4622712816463
 20
22549.07520011994
 30
0.0
  0
VERTEX
  8
BASEMETAL
 10
1705.8421423339842
 20
22547.433458412142
 30
0.0
  0
VERTEX
  8
BASEMETAL
 10
1690.3293423523555
 20
22544.976472269187
 30
0.0
  0
VERTEX
  8
BASEMETAL
 10
1674.966390843228
 20
22541.710976119302
 30
0.0
  0
VERTEX
  8
BASEMETAL
 10
1659.795396588823
 20
22537.645920460458
 30
0.0
  0
VERTEX
  8
BASEMETAL
 10
1644.8579422298685
 20
22532.792447327654
 30
0.0
  0
VERTEX
  8
BASEMETAL
 10
1630.1949702904728
 20
22527.163859753386
 30
0.0
  0
VERTEX
  8
BASEMETAL
 10
1615.8466709575112
 20
22520.775585304957
 30
0.0
  0
VERTEX
  8
BASEMETAL
 10
1601.8523719221173
 20
22513.64513379859
 30
0.0
  0
VERTEX
  8
BASEMETAL
 10
1588.250430585215
 20
22505.792049306227
 30
0.0
  0
VERTEX
  8
BASEMETAL
 10
1575.07812892255
 20
22497.237856586606
 30
0.0
  0
VERTEX
  8
BASEMETAL
 10
1562.3715712973835
 20
22488.00600208737
 30
0.0
  0
VERTEX
  8
BASEMETAL
 10
1550.1655855009446
 20
22478.121789680008
 30
0.0
  0
VERTEX
  8
BASEMETAL
 10
1538.4936272918735
 20
22467.612311303685
 30
0.0
  0
VERTEX
  8
BASEMETAL
 10
1532.8679656440354
 20
22462.132034355964
 30
0.0
  0
SEQEND
  0
SOLID
 62
256
  8
BASEMETAL
 10
1709.9999999999998
 20
22285.0
 30
0.0
 11
1710.9281868166308
 21
22285.90419956492
 31
0.0
 13
1538.4936272918735
 23
22467.612311303685
 33
0.0
 12
1532.8679656440354
 22
22462.132034355964
 32
0.0
  0
SOLID
 62
256
  8
BASEMETAL
 10
1710.9281868166308
 20
22285.90419956492
 30
0.0
 11
1712.853961669815
 21
22287.638175031134
 31
0.0
 13
1550.1655855009446
 23
22478.121789680008
 33
0.0
 12
1538.4936272918735
 22
22467.612311303685
 32
0.0
  0
SOLID
 62
256
  8
BASEMETAL
 10
1712.853961669815
 20
22287.638175031134
 30
0.0
 11
1714.8678465796181
 21
22289.268986875784
 31
0.0
 13
1562.3715712973835
 23
22488.00600208737
 33
0.0
 12
1550.1655855009446
 22
22478.121789680008
 32
0.0
  0
SOLID
 62
256
  8
BASEMETAL
 10
1714.8678465796181
 20
22289.268986875784
 30
0.0
 11
1716.9643216274865
 21
22290.792165156963
 31
0.0
 13
1575.07812892255
 23
22497.237856586606
 33
0.0
 12
1562.3715712973835
 22
22488.00600208737
 32
0.0
  0
SOLID
 62
256
  8
BASEMETAL
 10
1716.9643216274865
 20
22290.792165156963
 30
0.0
 11
1719.1376405210378
 21
22292.203534948876
 31
0.0
 13
1588.250430585215
 23
22505.792049306227
 33
0.0
 12
1575.07812892255
 22
22497.237856586606
 32
0.0
  0
SOLID
 62
256
  8
BASEMETAL
 10
1719.1376405210378
 20
22292.203534948876
 30
0.0
 11
1721.3818463442503
 21
22293.499227785025
 31
0.0
 13
1601.8523719221173
 23
22513.64513379859
 33
0.0
 12
1588.250430585215
 22
22505.792049306227
 32
0.0
  0
SOLID
 62
256
  8
BASEMETAL
 10
1721.3818463442503
 20
22293.499227785025
 30
0.0
 11
1723.6907878849554
 21
22294.675692261408
 31
0.0
 13
1615.8466709575112
 23
22520.775585304957
 33
0.0
 12
1601.8523719221173
 22
22513.64513379859
 32
0.0
  0
SOLID
 62
256
  8
BASEMETAL
 10
1723.6907878849554
 20
22294.675692261408
 30
0.0
 11
1726.0581364948828
 21
22295.729703770674
 31
0.0
 13
1630.1949702904728
 23
22527.163859753386
 33
0.0
 12
1615.8466709575112
 22
22520.775585304957
 32
0.0
  0
SOLID
 62
256
  8
BASEMETAL
 10
1726.0581364948828
 20
22295.729703770674
 30
0.0
 11
1728.477403436045
 21
22296.658373340535
 31
0.0
 13
1644.8579422298685
 23
22532.792447327654
 33
0.0
 12
1630.1949702904728
 22
22527.163859753386
 32
0.0
  0
SOLID
 62
256
  8
BASEMETAL
 10
1728.477403436045
 20
22296.658373340535
 30
0.0
 11
1730.9419576659172
 21
22297.459155552257
 31
0.0
 13
1659.795396588823
 23
22537.645920460458
 33
0.0
 12
1644.8579422298685
 22
22532.792447327654
 32
0.0
  0
SOLID
 62
256
  8
BASEMETAL
 10
1730.9419576659172
 20
22297.459155552257
 30
0.0
 11
1733.4450440126648
 21
22298.12985551745
 31
0.0
 13
1674.966390843228
 23
22541.710976119302
 33
0.0
 12
1659.795396588823
 22
22537.645920460458
 32
0.0
  0
SOLID
 62
256
  8
BASEMETAL
 10
1733.4450440126648
 20
22298.12985551745
 30
0.0
 11
1735.9798016905984
 21
22298.66863489414
 31
0.0
 13
1690.3293423523555
 23
22544.976472269187
 33
0.0
 12
1674.966390843228
 22
22541.710976119302
 32
0.0
  0
SOLID
 62
256
  8
BASEMETAL
 10
1735.9798016905984
 20
22298.66863489414
 30
0.0
 11
1738.5392831051117
 21
22299.074016925497
 31
0.0
 13
1705.8421423339842
 23
22547.433458412142
 33
0.0
 12
1690.3293423523555
 22
22544.976472269187
 32
0.0
  0
SOLID
 62
256
  8
BASEMETAL
 10
1738.5392831051117
 20
22299.074016925497
 30
0.0
 11
1741.116472895555
 21
22299.34489048756
 31
0.0
 13
1721.4622712816463
 23
22549.07520011994
 33
0.0
 12
1705.8421423339842
 22
22547.433458412142
 32
0.0
  0
SOLID
 62
256
  8
BASEMETAL
 10
1741.116472895555
 20
22299.34489048756
 30
0.0
 11
1743.7043071638511
 21
22299.480513134713
 31
0.0
 13
1737.1469155076377
 23
22549.897197492668
 33
0.0
 12
1721.4622712816463
 22
22549.07520011994
 32
0.0
  0
SOLID
 62
256
  8
BASEMETAL
 10
1743.7043071638511
 20
22299.480513134713
 30
0.0
 11
1746.2956928361484
 21
22299.480513134713
 31
0.0
 13
1752.8530844923616
 23
22549.897197492668
 33
0.0
 12
1737.1469155076377
 22
22549.897197492668
 32
0.0
  0
SOLID
 62
256
  8
BASEMETAL
 10
1746.2956928361484
 20
22299.480513134713
 30
0.0
 11
1748.8835271044445
 21
22299.34489048756
 31
0.0
 13
1768.5377287183533
 23
22549.07520011994
 33
0.0
 12
1752.8530844923616
 22
22549.897197492668
 32
0.0
  0
SOLID
 62
256
  8
BASEMETAL
 10
1748.8835271044445
 20
22299.34489048756
 30
0.0
 11
1751.4607168948878
 21
22299.074016925497
 31
0.0
 13
1784.1578576660152
 23
22547.433458412142
 33
0.0
 12
1768.5377287183533
 22
22549.07520011994
 32
0.0
  0
SOLID
 62
256
  8
BASEMETAL
 10
1751.4607168948878
 20
22299.074016925497
 30
0.0
 11
1754.0201983094012
 21
22298.66863489414
 31
0.0
 13
1799.670657647644
 23
22544.976472269187
 33
0.0
 12
1784.1578576660152
 22
22547.433458412142
 32
0.0
  0
SOLID
 62
256
  8
BASEMETAL
 10
1754.0201983094012
 20
22298.66863489414
 30
0.0
 11
1756.5549559873348
 21
22298.12985551745
 31
0.0
 13
1815.0336091567713
 23
22541.710976119302
 33
0.0
 12
1799.670657647644
 22
22544.976472269187
 32
0.0
  0
SOLID
 62
256
  8
BASEMETAL
 10
1756.5549559873348
 20
22298.12985551745
 30
0.0
 11
1759.0580423340823
 21
22297.459155552257
 31
0.0
 13
1830.2046034111765
 23
22537.645920460458
 33
0.0
 12
1815.0336091567713
 22
22541.710976119302
 32
0.0
  0
SOLID
 62
256
  8
BASEMETAL
 10
1759.0580423340823
 20
22297.459155552257
 30
0.0
 11
1761.5225965639545
 21
22296.658373340535
 31
0.0
 13
1845.142057770131
 23
22532.792447327654
 33
0.0
 12
1830.2046034111765
 22
22537.645920460458
 32
0.0
  0
SOLID
 62
256
  8
BASEMETAL
 10
1761.5225965639545
 20
22296.658373340535
 30
0.0
 11
1763.9418635051165
 21
22295.729703770674
 31
0.0
 13
1859.8050297095267
 23
22527.163859753386
 33
0.0
 12
1845.142057770131
 22
22532.792447327654
 32
0.0
  0
SOLID
 62
256
  8
BASEMETAL
 10
1763.9418635051165
 20
22295.729703770674
 30
0.0
 11
1766.309212115044
 21
22294.675692261408
 31
0.0
 13
1874.1533290424882
 23
22520.775585304957
 33
0.0
 12
1859.8050297095267
 22
22527.163859753386
 32
0.0
  0
SOLID
 62
256
  8
BASEMETAL
 10
1766.309212115044
 20
22294.675692261408
 30
0.0
 11
1768.6181536557492
 21
22293.499227785025
 31
0.0
 13
1888.1476280778822
 23
22513.64513379859
 33
0.0
 12
1874.1533290424882
 22
22520.775585304957
 32
0.0
  0
SOLID
 62
256
  8
BASEMETAL
 10
1768.6181536557492
 20
22293.499227785025
 30
0.0
 11
1770.8623594789617
 21
22292.203534948876
 31
0.0
 13
1901.7495694147844
 23
22505.792049306227
 33
0.0
 12
1888.1476280778822
 22
22513.64513379859
 32
0.0
  0
SOLID
 62
256
  8
BASEMETAL
 10
1770.8623594789617
 20
22292.203534948876
 30
0.0
 11
1773.035678372513
 21
22290.792165156963
 31
0.0
 13
1914.9218710774496
 23
22497.237856586606
 33
0.0
 12
1901.7495694147844
 22
22505.792049306227
 32
0.0
  0
SOLID
 62
256
  8
BASEMETAL
 10
1773.035678372513
 20
22290.792165156963
 30
0.0
 11
1775.1321534203812
 21
22289.268986875784
 31
0.0
 13
1927.6284287026158
 23
22488.00600208737
 33
0.0
 12
1914.9218710774496
 22
22497.237856586606
 32
0.0
  0
SOLID
 62
256
  8
BASEMETAL
 10
1775.1321534203812
 20
22289.268986875784
 30
0.0
 11
1777.1460383301846
 21
22287.638175031134
 31
0.0
 13
1939.834414499055
 23
22478.121789680008
 33
0.0
 12
1927.6284287026158
 22
22488.00600208737
 32
0.0
  0
SOLID
 62
256
  8
BASEMETAL
 10
1777.1460383301846
 20
22287.638175031134
 30
0.0
 11
1779.0718131833687
 21
22285.90419956492
 31
0.0
 13
1951.506372708126
 23
22467.612311303685
 33
0.0
 12
1939.834414499055
 22
22478.121789680008
 32
0.0
  0
SOLID
 62
256
  8
BASEMETAL
 10
1779.0718131833687
 20
22285.90419956492
 30
0.0
 11
1779.9999999999998
 21
22285.0
 31
0.0
 13
1957.132034355964
 23
22462.132034355964
 33
0.0
 12
1951.506372708126
 22
22467.612311303685
 32
0.0
  0
POLYLINE
 62
256
  8
BASEMETAL
 66
1
 10
0.0
 20
0.0
 30
0.0
 70
1
  0
VERTEX
  8
BASEMETAL
 10
3415.0
 20
22500.0
 30
0.0
  0
VERTEX
  8
BASEMETAL
 10
3415.0
 20
20000.0
 30
0.0
  0
VERTEX
  8
BASEMETAL
 10
3485.0
 20
20000.0
 30
0.0
  0
VERTEX
  8
BASEMETAL
 10
3485.0
 20
22500.0
 30
0.0
  0
SEQEND
  0
SOLID
 62
256
  8
BASEMETAL
 10
3415.0
 20
22500.0
 30
0.0
 11
3415.0
 21
20000.0
 31
0.0
 13
3485.0
 23
20000.0
 33
0.0
 12
3485.0
 22
22500.0
 32
0.0
  0
POLYLINE
 62
256
  8
BASEMETAL
 66
1
 10
0.0
 20
0.0
 30
0.0
 70
1
  0
VERTEX
  8
BASEMETAL
 10
3450.0
 20
19965.0
 30
0.0
  0
VERTEX
  8
BASEMETAL
 10
4450.0
 20
19965.0
 30
0.0
  0
VERTEX
  8
BASEMETAL
 10
4450.0
 20
20035.0
 30
0.0
  0
VERTEX
  8
BASEMETAL
 10
3450.0
 20
20035.0
 30
0.0
  0
SEQEND
  0
SOLID
 62
256
  8
BASEMETAL
 10
3450.0
 20
19965.0
 30
0.0
 11
4450.0
 21
19965.0
 31
0.0
 13
4450.0
 23
20035.0
 33
0.0
 12
3450.0
 22
20035.0
 32
0.0
  0
POLYLINE
 62
256
  8
BASEMETAL
 66
1
 10
0.0
 20
0.0
 30
0.0
 70
1
  0
VERTEX
  8
BASEMETAL
 10
4450.0
 20
19965.0
 30
0.0
  0
VERTEX
  8
BASEMETAL
 10
4455.235389661575
 20
19964.931464995112
 30
0.0
  0
VERTEX
  8
BASEMETAL
 10
4465.691819145569
 20
19964.383466746625
 30
0.0
  0
VERTEX
  8
BASEMETAL
 10
4476.10523844401
 20
19963.28897227476
 30
0.0
  0
VERTEX
  8
BASEMETAL
 10
4486.447105098429
 20
19961.65098151279
 30
0.0
  0
VERTEX
  8
BASEMETAL
 10
4496.689072771181
 20
19959.473984079534
 30
0.0
  0
VERTEX
  8
BASEMETAL
 10
4506.803068940784
 20
19956.76394697364
 30
0.0
  0
VERTEX
  8
BASEMETAL
 10
4516.761371846755
 20
19953.528298218436
 30
0.0
  0
VERTEX
  8
BASEMETAL
 10
4526.536686473018
 20
19949.77590650226
 30
0.0
  0
VERTEX
  8
BASEMETAL
 10
4536.102219361659
 20
19945.517056869972
 30
0.0
  0
VERTEX
  8
BASEMETAL
 10
4545.431752051922
 20
19940.763422532393
 30
0.0
  0
VERTEX
  8
BASEMETAL
 10
4554.4997129431895
 20
19935.528032870818
 30
0.0
  0
VERTEX
  8
BASEMETAL
 10
4563.281247384966
 20
19929.825237724403
 30
0.0
  0
VERTEX
  8
BASEMETAL
 10
4571.752285801744
 20
19923.670668058247
 30
0.0
  0
VERTEX
  8
BASEMETAL
 10
4579.889609666036
 20
19917.081193120008
 30
0.0
  0
VERTEX
  8
BASEMETAL
 10
4587.67091513875
 20
19910.07487420246
 30
0.0
  0
VERTEX
  8
BASEMETAL
 10
4595.074874202457
 20
19902.67091513875
 30
0.0
  0
VERTEX
  8
BASEMETAL
 10
4602.081193120006
 20
19894.889609666036
 30
0.0
  0
VERTEX
  8
BASEMETAL
 10
4608.670668058247
 20
19886.752285801744
 30
0.0
  0
VERTEX
  8
BASEMETAL
 10
4614.825237724403
 20
19878.281247384966
 30
0.0
  0
VERTEX
  8
BASEMETAL
 10
4620.528032870819
 20
19869.49971294319
 30
0.0
  0
VERTEX
  8
BASEMETAL
 10
4625.763422532393
 20
19860.43175205192
 30
0.0
  0
VERTEX
  8
BASEMETAL
 10
4630.517056869972
 20
19851.10221936166
 30
0.0
  0
VERTEX
  8
BASEMETAL
 10
4634.775906502257
 20
19841.536686473017
 30
0.0
  0
VERTEX
  8
BASEMETAL
 10
4638.528298218435
 20
19831.761371846755
 30
0.0
  0
VERTEX
  8
BASEMETAL
 10
4641.763946973639
 20
19821.803068940786
 30
0.0
  0
VERTEX
  8
BASEMETAL
 10
4644.4739840795355
 20
19811.68907277118
 30
0.0
  0
VERTEX
  8
BASEMETAL
 10
4646.650981512791
 20
19801.44710509843
 30
0.0
  0
VERTEX
  8
BASEMETAL
 10
4648.288972274762
 20
19791.10523844401
 30
0.0
  0
VERTEX
  8
BASEMETAL
 10
4649.383466746625
 20
19780.69181914557
 30
0.0
  0
VERTEX
  8
BASEMETAL
 10
4649.931464995111
 20
19770.235389661575
 30
0.0
  0
VERTEX
  8
BASEMETAL
 10
4650.0
 20
19765.0
 30
0.0
  0
VERTEX
  8
BASEMETAL
 10
4720.0
 20
19765.0
 30
0.0
  0
VERTEX
  8
BASEMETAL
 10
4719.907477743401
 20
19772.067776043124
 30
0.0
  0
VERTEX
  8
BASEMETAL
 10
4719.167680107945
 20
19786.183955846518
 30
0.0
  0
VERTEX
  8
BASEMETAL
 10
4717.690112570929
 20
19800.242071899414
 30
0.0
  0
VERTEX
  8
BASEMETAL
 10
4715.478825042268
 20
19814.20359188288
 30
0.0
  0
VERTEX
  8
BASEMETAL
 10
4712.539878507373
 20
19828.030248241095
 30
0.0
  0
VERTEX
  8
BASEMETAL
 10
4708.881328414413
 20
19841.68414307006
 30
0.0
  0
VERTEX
  8
BASEMETAL
 10
4704.513202594888
 20
19855.12785199312
 30
0.0
  0
VERTEX
  8
BASEMETAL
 10
4699.447473778047
 20
19868.324526738576
 30
0.0
  0
VERTEX
  8
BASEMETAL
 10
4693.698026774462
 20
19881.23799613824
 30
0.0
  0
VERTEX
  8
BASEMETAL
 10
4687.280620418731
 20
19893.832865270095
 30
0.0
  0
VERTEX
  8
BASEMETAL
 10
4680.212844375605
 20
19906.074612473305
 30
0.0
  0
VERTEX
  8
BASEMETAL
 10
4672.514070927944
 20
19917.929683969705
 30
0.0
  0
VERTEX
  8
BASEMETAL
 10
4664.205401878634
 20
19929.365585832355
 30
0.0
  0
VERTEX
  8
BASEMETAL
 10
4655.309610712008
 20
19940.35097304915
 30
0.0
  0
VERTEX
  8
BASEMETAL
 10
4645.851080173317
 20
19950.855735437315
 30
0.0
  0
VERTEX
  8
BASEMETAL
 10
4635.855735437313
 20
19960.851080173317
 30
0.0
  0
VERTEX
  8
BASEMETAL
 10
4625.35097304915
 20
19970.309610712007
 30
0.0
  0
VERTEX
  8
BASEMETAL
 10
4614.365585832355
 20
19979.205401878633
 30
0.0
  0
VERTEX
  8
BASEMETAL
 10
4602.9296839697045
 20
19987.514070927944
 30
0.0
  0
VERTEX
  8
BASEMETAL
 10
4591.074612473306
 20
19995.212844375605
 30
0.0
  0
VERTEX
  8
BASEMETAL
 10
4578.832865270094
 20
20002.28062041873
 30
0.0
  0
VERTEX
  8
BASEMETAL
 10
4566.237996138239
 20
20008.698026774462
 30
0.0
  0
VERTEX
  8
BASEMETAL
 10
4553.324526738575
 20
20014.447473778047
 30
0.0
  0
VERTEX
  8
BASEMETAL
 10
4540.127851993118
 20
20019.513202594888
 30
0.0
  0
VERTEX
  8
BASEMETAL
 10
4526.684143070059
 20
20023.881328414413
 30
0.0
  0
VERTEX
  8
BASEMETAL
 10
4513.030248241094
 20
20027.539878507374
 30
0.0
  0
VERTEX
  8
BASEMETAL
 10
4499.20359188288
 20
20030.478825042268
 30
0.0
  0
VERTEX
  8
BASEMETAL
 10
4485.2420718994135
 20
20032.69011257093
 30
0.0
  0
VERTEX
  8
BASEMETAL
 10
4471.183955846518
 20
20034.167680107945
 30
0.0
  0
VERTEX
  8
BASEMETAL
 10
4457.067776043125
 20
20034.9074777434
 30
0.0
  0
VERTEX
  8
BASEMETAL
 10
4450.0
 20
20035.0
 30
0.0
  0
SEQEND
  0
SOLID
 62
256
  8
BASEMETAL
 10
4450.0
 20
19965.0
 30
0.0
 11
4455.235389661575
 21
19964.931464995112
 31
0.0
 13
4457.067776043125
 23
20034.9074777434
 33
0.0
 12
4450.0
 22
20035.0
 32
0.0
  0
SOLID
 62
256
  8
BASEMETAL
 10
4455.235389661575
 20
19964.931464995112
 30
0.0
 11
4465.691819145569
 21
19964.383466746625
 31
0.0
 13
4471.183955846518
 23
20034.167680107945
 33
0.0
 12
4457.067776043125
 22
20034.9074777434
 32
0.0
  0
SOLID
 62
256
  8
BASEMETAL
 10
4465.691819145569
 20
19964.383466746625
 30
0.0
 11
4476.10523844401
 21
19963.28897227476
 31
0.0
 13
4485.2420718994135
 23
20032.69011257093
 33
0.0
 12
4471.183955846518
 22
20034.167680107945
 32
0.0
  0
SOLID
 62
256
  8
BASEMETAL
 10
4476.10523844401
 20
19963.28897227476
 30
0.0
 11
4486.447105098429
 21
19961.65098151279
 31
0.0
 13
4499.20359188288
 23
20030.478825042268
 33
0.0
 12
4485.2420718994135
 22
20032.69011257093
 32
0.0
  0
SOLID
 62
256
  8
BASEMETAL
 10
4486.447105098429
 20
19961.65098151279
 30
0.0
 11
4496.689072771181
 21
19959.473984079534
 31
0.0
 13
4513.030248241094
 23
20027.539878507374
 33
0.0
 12
4499.20359188288
 22
20030.478825042268
 32
0.0
  0
SOLID
 62
256
  8
BASEMETAL
 10
4496.689072771181
 20
19959.473984079534
 30
0.0
 11
4506.803068940784
 21
19956.76394697364
 31
0.0
 13
4526.684143070059
 23
20023.881328414413
 33
0.0
 12
4513.030248241094
 22
20027.539878507374
 32
0.0
  0
SOLID
 62
256
  8
BASEMETAL
 10
4506.803068940784
 20
19956.76394697364
 30
0.0
 11
4516.761371846755
 21
19953.528298218436
 31
0.0
 13
4540.127851993118
 23
20019.513202594888
 33
0.0
 12
4526.684143070059
 22
20023.881328414413
 32
0.0
  0
SOLID
 62
256
  8
BASEMETAL
 10
4516.761371846755
 20
19953.528298218436
 30
0.0
 11
4526.536686473018
 21
19949.77590650226
 31
0.0
 13
4553.324526738575
 23
20014.447473778047
 33
0.0
 12
4540.127851993118
 22
20019.513202594888
 32
0.0
  0
SOLID
 62
256
  8
BASEMETAL
 10
4526.536686473018
 20
19949.77590650226
 30
0.0
 11
4536.102219361659
 21
19945.517056869972
 31
0.0
 13
4566.237996138239
 23
20008.698026774462
 33
0.0
 12
4553.324526738575
 22
20014.447473778047
 32
0.0
  0
SOLID
 62
256
  8
BASEMETAL
 10
4536.102219361659
 20
19945.517056869972
 30
0.0
 11
4545.431752051922
 21
19940.763422532393
 31
0.0
 13
4578.832865270094
 23
20002.28062041873
 33
0.0
 12
4566.237996138239
 22
20008.698026774462
 32
0.0
  0
SOLID
 62
256
  8
BASEMETAL
 10
4545.431752051922
 20
19940.763422532393
 30
0.0
 11
4554.4997129431895
 21
19935.528032870818
 31
0.0
 13
4591.074612473306
 23
19995.212844375605
 33
0.0
 12
4578.832865270094
 22
20002.28062041873
 32
0.0
  0
SOLID
 62
256
  8
BASEMETAL
 10
4554.4997129431895
 20
19935.528032870818
 30
0.0
 11
4563.281247384966
 21
19929.825237724403
 31
0.0
 13
4602.9296839697045
 23
19987.514070927944
 33
0.0
 12
4591.074612473306
 22
19995.212844375605
 32
0.0
  0
SOLID
 62
256
  8
BASEMETAL
 10
4563.281247384966
 20
19929.825237724403
 30
0.0
 11
4571.752285801744
 21
19923.670668058247
 31
0.0
 13
4614.365585832355
 23
19979.205401878633
 33
0.0
 12
4602.9296839697045
 22
19987.514070927944
 32
0.0
  0
SOLID
 62
256
  8
BASEMETAL
 10
4571.752285801744
 20
19923.670668058247
 30
0.0
 11
4579.889609666036
 21
19917.081193120008
 31
0.0
 13
4625.35097304915
 23
19970.309610712007
 33
0.0
 12
4614.365585832355
 22
19979.205401878633
 32
0.0
  0
SOLID
 62
256
  8
BASEMETAL
 10
4579.889609666036
 20
19917.081193120008
 30
0.0
 11
4587.67091513875
 21
19910.07487420246
 31
0.0
 13
4635.855735437313
 23
19960.851080173317
 33
0.0
 12
4625.35097304915
 22
19970.309610712007
 32
0.0
  0
SOLID
 62
256
  8
BASEMETAL
 10
4587.67091513875
 20
19910.07487420246
 30
0.0
 11
4595.074874202457
 21
19902.67091513875
 31
0.0
 13
4645.851080173317
 23
19950.855735437315
 33
0.0
 12
4635.855735437313
 22
19960.851080173317
 32
0.0
  0
SOLID
 62
256
  8
BASEMETAL
 10
4595.074874202457
 20
19902.67091513875
 30
0.0
 11
4602.081193120006
 21
19894.889609666036
 31
0.0
 13
4655.309610712008
 23
19940.35097304915
 33
0.0
 12
4645.851080173317
 22
19950.855735437315
 32
0.0
  0
SOLID
 62
256
  8
BASEMETAL
 10
4602.081193120006
 20
19894.889609666036
 30
0.0
 11
4608.670668058247
 21
19886.752285801744
 31
0.0
 13
4664.205401878634
 23
19929.365585832355
 33
0.0
 12
4655.309610712008
 22
19940.35097304915
 32
0.0
  0
SOLID
 62
256
  8
BASEMETAL
 10
4608.670668058247
 20
19886.752285801744
 30
0.0
 11
4614.825237724403
 21
19878.281247384966
 31
0.0
 13
4672.514070927944
 23
19917.929683969705
 33
0.0
 12
4664.205401878634
 22
19929.365585832355
 32
0.0
  0
SOLID
 62
256
  8
BASEMETAL
 10
4614.825237724403
 20
19878.281247384966
 30
0.0
 11
4620.528032870819
 21
19869.49971294319
 31
0.0
 13
4680.212844375605
 23
19906.074612473305
 33
0.0
 12
4672.514070927944
 22
19917.929683969705
 32
0.0
  0
SOLID
 62
256
  8
BASEMETAL
 10
4620.528032870819
 20
19869.49971294319
 30
0.0
 11
4625.763422532393
 21
19860.43175205192
 31
0.0
 13
4687.280620418731
 23
19893.832865270095
 33
0.0
 12
4680.212844375605
 22
19906.074612473305
 32
0.0
  0
SOLID
 62
256
  8
BASEMETAL
 10
4625.763422532393
 20
19860.43175205192
 30
0.0
 11
4630.517056869972
 21
19851.10221936166
 31
0.0
 13
4693.698026774462
 23
19881.23799613824
 33
0.0
 12
4687.280620418731
 22
19893.832865270095
 32
0.0
  0
SOLID
 62
256
  8
BASEMETAL
 10
4630.517056869972
 20
19851.10221936166
 30
0.0
 11
4634.775906502257
 21
19841.536686473017
 31
0.0
 13
4699.447473778047
 23
19868.324526738576
 33
0.0
 12
4693.698026774462
 22
19881.23799613824
 32
0.0
  0
SOLID
 62
256
  8
BASEMETAL
 10
4634.775906502257
 20
19841.536686473017
 30
0.0
 11
4638.528298218435
 21
19831.761371846755
 31
0.0
 13
4704.513202594888
 23
19855.12785199312
 33
0.0
 12
4699.447473778047
 22
19868.324526738576
 32
0.0
  0
SOLID
 62
256
  8
BASEMETAL
 10
4638.528298218435
 20
19831.761371846755
 30
0.0
 11
4641.763946973639
 21
19821.803068940786
 31
0.0
 13
4708.881328414413
 23
19841.68414307006
 33
0.0
 12
4704.513202594888
 22
19855.12785199312
 32
0.0
  0
SOLID
 62
256
  8
BASEMETAL
 10
4641.763946973639
 20
19821.803068940786
 30
0.0
 11
4644.4739840795355
 21
19811.68907277118
 31
0.0
 13
4712.539878507373
 23
19828.030248241095
 33
0.0
 12
4708.881328414413
 22
19841.68414307006
 32
0.0
  0
SOLID
 62
256
  8
BASEMETAL
 10
4644.4739840795355
 20
19811.68907277118
 30
0.0
 11
4646.650981512791
 21
19801.44710509843
 31
0.0
 13
4715.478825042268
 23
19814.20359188288
 33
0.0
 12
4712.539878507373
 22
19828.030248241095
 32
0.0
  0
SOLID
 62
256
  8
BASEMETAL
 10
4646.650981512791
 20
19801.44710509843
 30
0.0
 11
4648.288972274762
 21
19791.10523844401
 31
0.0
 13
4717.690112570929
 23
19800.242071899414
 33
0.0
 12
4715.478825042268
 22
19814.20359188288
 32
0.0
  0
SOLID
 62
256
  8
BASEMETAL
 10
4648.288972274762
 20
19791.10523844401
 30
0.0
 11
4649.383466746625
 21
19780.69181914557
 31
0.0
 13
4719.167680107945
 23
19786.183955846518
 33
0.0
 12
4717.690112570929
 22
19800.242071899414
 32
0.0
  0
SOLID
 62
256
  8
BASEMETAL
 10
4649.383466746625
 20
19780.69181914557
 30
0.0
 11
4649.931464995111
 21
19770.235389661575
 31
0.0
 13
4719.907477743401
 23
19772.067776043124
 33
0.0
 12
4719.167680107945
 22
19786.183955846518
 32
0.0
  0
SOLID
 62
256
  8
BASEMETAL
 10
4649.931464995111
 20
19770.235389661575
 30
0.0
 11
4650.0
 21
19765.0
 31
0.0
 13
4720.0
 23
19765.0
 33
0.0
 12
4719.907477743401
 22
19772.067776043124
 32
0.0
  0
POLYLINE
 62
256
  8
BASEMETAL
 66
1
 10
0.0
 20
0.0
 30
0.0
 70
1
  0
VERTEX
  8
BASEMETAL
 10
4650.0
 20
19765.0
 30
0.0
  0
VERTEX
  8
BASEMETAL
 10
4650.0
 20
18664.801773810428
 30
0.0
  0
VERTEX
  8
BASEMETAL
 10
4720.0
 20
18664.801773810428
 30
0.0
  0
VERTEX
  8
BASEMETAL
 10
4720.0
 20
19765.0
 30
0.0
  0
SEQEND
  0
SOLID
 62
256
  8
BASEMETAL
 10
4650.0
 20
19765.0
 30
0.0
 11
4650.0
 21
18664.801773810428
 31
0.0
 13
4720.0
 23
18664.801773810428
 33
0.0
 12
4720.0
 22
19765.0
 32
0.0
  0
POLYLINE
 62
256
  8
BASEMETAL
 66
1
 10
0.0
 20
0.0
 30
0.0
 70
1
  0
VERTEX
  8
BASEMETAL
 10
4720.0
 20
18664.801773810428
 30
0.0
  0
VERTEX
  8
BASEMETAL
 10
4720.068535004889
 20
18659.566384148853
 30
0.0
  0
VERTEX
  8
BASEMETAL
 10
4720.616533253375
 20
18649.10995466486
 30
0.0
  0
VERTEX
  8
BASEMETAL
 10
4721.711027725238
 20
18638.696535366416
 30
0.0
  0
VERTEX
  8
BASEMETAL
 10
4723.349018487209
 20
18628.354668712
 30
0.0
  0
VERTEX
  8
BASEMETAL
 10
4725.5260159204645
 20
18618.11270103925
 30
0.0
  0
VERTEX
  8
BASEMETAL
 10
4728.236053026361
 20
18607.998704869642
 30
0.0
  0
VERTEX
  8
BASEMETAL
 10
4731.471701781565
 20
18598.040401963674
 30
0.0
  0
VERTEX
  8
BASEMETAL
 10
4735.224093497743
 20
18588.26508733741
 30
0.0
  0
VERTEX
  8
BASEMETAL
 10
4739.482943130028
 20
18578.69955444877
 30
0.0
  0
VERTEX
  8
BASEMETAL
 10
4744.236577467607
 20
18569.370021758506
 30
0.0
  0
VERTEX
  8
BASEMETAL
 10
4749.471967129181
 20
18560.302060867238
 30
0.0
  0
VERTEX
  8
BASEMETAL
 10
4755.174762275597
 20
18551.520526425462
 30
0.0
  0
VERTEX
  8
BASEMETAL
 10
4761.329331941753
 20
18543.049488008684
 30
0.0
  0
VERTEX
  8
BASEMETAL
 10
4767.918806879994
 20
18534.912164144393
 30
0.0
  0
VERTEX
  8
BASEMETAL
 10
4774.925125797542
 20
18527.130858671677
 30
0.0
  0
VERTEX
  8
BASEMETAL
 10
4782.32908486125
 20
18519.72689960797
 30
0.0
  0
VERTEX
  8
BASEMETAL
 10
4790.110390333964
 20
18512.72058069042
 30
0.0
  0
VERTEX
  8
BASEMETAL
 10
4798.247714198256
 20
18506.13110575218
 30
0.0
  0
VERTEX
  8
BASEMETAL
 10
4806.718752615034
 20
18499.976536086026
 30
0.0
  0
VERTEX
  8
BASEMETAL
 10
4815.5002870568105
 20
18494.27374093961
 30
0.0
  0
VERTEX
  8
BASEMETAL
 10
4824.568247948078
 20
18489.038351278035
 30
0.0
  0
VERTEX
  8
BASEMETAL
 10
4833.897780638341
 20
18484.284716940456
 30
0.0
  0
VERTEX
  8
BASEMETAL
 10
4843.463313526982
 20
18480.02586730817
 30
0.0
  0
VERTEX
  8
BASEMETAL
 10
4853.238628153245
 20
18476.273475591992
 30
0.0
  0
VERTEX
  8
BASEMETAL
 10
4863.196931059216
 20
18473.03782683679
 30
0.0
  0
VERTEX
  8
BASEMETAL
 10
4873.310927228819
 20
18470.327789730894
 30
0.0
  0
VERTEX
  8
BASEMETAL
 10
4883.552894901571
 20
18468.150792297638
 30
0.0
  0
VERTEX
  8
BASEMETAL
 10
4893.89476155599
 20
18466.512801535668
 30
0.0
  0
VERTEX
  8
BASEMETAL
 10
4904.308180854431
 20
18465.418307063803
 30
0.0
  0
VERTEX
  8
BASEMETAL
 10
4914.764610338425
 20
18464.870308815316
 30
0.0
  0
VERTEX
  8
BASEMETAL
 10
4925.235389661575
 20
18464.870308815316
 30
0.0
  0
VERTEX
  8
BASEMETAL
 10
4935.691819145569
 20
18465.418307063803
 30
0.0
  0
VERTEX
  8
BASEMETAL
 10
4946.10523844401
 20
18466.512801535668
 30
0.0
  0
VERTEX
  8
BASEMETAL
 10
4956.447105098429
 20
18468.150792297638
 30
0.0
  0
VERTEX
  8
BASEMETAL
 10
4966.689072771181
 20
18470.327789730894
 30
0.0
  0
VERTEX
  8
BASEMETAL
 10
4976.803068940784
 20
18473.03782683679
 30
0.0
  0
VERTEX
  8
BASEMETAL
 10
4986.761371846755
 20
18476.273475591992
 30
0.0
  0
VERTEX
  8
BASEMETAL
 10
4996.536686473018
 20
18480.02586730817
 30
0.0
  0
VERTEX
  8
BASEMETAL
 10
5006.102219361659
 20
18484.284716940456
 30
0.0
  0
VERTEX
  8
BASEMETAL
 10
5015.431752051922
 20
18489.038351278035
 30
0.0
  0
VERTEX
  8
BASEMETAL
 10
5024.4997129431895
 20
18494.27374093961
 30
0.0
  0
VERTEX
  8
BASEMETAL
 10
5033.281247384966
 20
18499.976536086026
 30
0.0
  0
VERTEX
  8
BASEMETAL
 10
5041.752285801744
 20
18506.13110575218
 30
0.0
  0
VERTEX
  8
BASEMETAL
 10
5049.889609666036
 20
18512.72058069042
 30
0.0
  0
VERTEX
  8
BASEMETAL
 10
5057.67091513875
 20
18519.72689960797
 30
0.0
  0
VERTEX
  8
BASEMETAL
 10
5065.074874202457
 20
18527.130858671677
 30
0.0
  0
VERTEX
  8
BASEMETAL
 10
5072.081193120006
 20
18534.912164144393
 30
0.0
  0
VERTEX
  8
BASEMETAL
 10
5078.6706680582465
 20
18543.049488008684
 30
0.0
  0
VERTEX
  8
BASEMETAL
 10
5084.825237724403
 20
18551.520526425462
 30
0.0
  0
VERTEX
  8
BASEMETAL
 10
5090.528032870819
 20
18560.302060867238
 30
0.0
  0
VERTEX
  8
BASEMETAL
 10
5095.763422532393
 20
18569.370021758506
 30
0.0
  0
VERTEX
  8
BASEMETAL
 10
5100.517056869972
 20
18578.69955444877
 30
0.0
  0
VERTEX
  8
BASEMETAL
 10
5104.775906502257
 20
18588.26508733741
 30
0.0
  0
VERTEX
  8
BASEMETAL
 10
5108.528298218435
 20
18598.040401963674
 30
0.0
  0
VERTEX
  8
BASEMETAL
 10
5111.763946973639
 20
18607.998704869642
 30
0.0
  0
VERTEX
  8
BASEMETAL
 10
5114.4739840795355
 20
18618.11270103925
 30
0.0
  0
VERTEX
  8
BASEMETAL
 10
5116.650981512791
 20
18628.354668712
 30
0.0
  0
VERTEX
  8
BASEMETAL
 10
5118.288972274762
 20
18638.696535366416
 30
0.0
  0
VERTEX
  8
BASEMETAL
 10
5119.383466746625
 20
18649.10995466486
 30
0.0
  0
VERTEX
  8
BASEMETAL
 10
5119.931464995111
 20
18659.566384148853
 30
0.0
  0
VERTEX
  8
BASEMETAL
 10
5120.0
 20
18664.801773810428
 30
0.0
  0
VERTEX
  8
BASEMETAL
 10
5190.0
 20
18664.801773810428
 30
0.0
  0
VERTEX
  8
BASEMETAL
 10
5189.907477743401
 20
18657.733997767304
 30
0.0
  0
VERTEX
  8
BASEMETAL
 10
5189.167680107945
 20
18643.61781796391
 30
0.0
  0
VERTEX
  8
BASEMETAL
 10
5187.690112570929
 20
18629.559701911014
 30
0.0
  0
VERTEX
  8
BASEMETAL
 10
5185.478825042268
 20
18615.598181927548
 30
0.0
  0
VERTEX
  8
BASEMETAL
 10
5182.539878507373
 20
18601.771525569333
 30
0.0
  0
VERTEX
  8
BASEMETAL
 10
5178.881328414413
 20
18588.11763074037
 30
0.0
  0
VERTEX
  8
BASEMETAL
 10
5174.513202594888
 20
18574.67392181731
 30
0.0
  0
VERTEX
  8
BASEMETAL
 10
5169.447473778047
 20
18561.477247071853
 30
0.0
  0
VERTEX
  8
BASEMETAL
 10
5163.698026774462
 20
18548.56377767219
 30
0.0
  0
VERTEX
  8
BASEMETAL
 10
5157.280620418731
 20
18535.968908540333
 30
0.0
  0
VERTEX
  8
BASEMETAL
 10
5150.212844375605
 20
18523.727161337123
 30
0.0
  0
VERTEX
  8
BASEMETAL
 10
5142.514070927944
 20
18511.872089840723
 30
0.0
  0
VERTEX
  8
BASEMETAL
 10
5134.205401878633
 20
18500.436187978074
 30
0.0
  0
VERTEX
  8
BASEMETAL
 10
5125.309610712008
 20
18489.45080076128
 30
0.0
  0
VERTEX
  8
BASEMETAL
 10
5115.851080173317
 20
18478.946038373113
 30
0.0
  0
VERTEX
  8
BASEMETAL
 10
5105.855735437313
 20
18468.95069363711
 30
0.0
  0
VERTEX
  8
BASEMETAL
 10
5095.35097304915
 20
18459.49216309842
 30
0.0
  0
VERTEX
  8
BASEMETAL
 10
5084.365585832355
 20
18450.596371931795
 30
0.0
  0
VERTEX
  8
BASEMETAL
 10
5072.9296839697045
 20
18442.287702882484
 30
0.0
  0
VERTEX
  8
BASEMETAL
 10
5061.074612473306
 20
18434.588929434824
 30
0.0
  0
VERTEX
  8
BASEMETAL
 10
5048.832865270095
 20
18427.5211533917
 30
0.0
  0
VERTEX
  8
BASEMETAL
 10
5036.237996138239
 20
18421.103747035966
 30
0.0
  0
VERTEX
  8
BASEMETAL
 10
5023.324526738575
 20
18415.35430003238
 30
0.0
  0
VERTEX
  8
BASEMETAL
 10
5010.127851993118
 20
18410.28857121554
 30
0.0
  0
VERTEX
  8
BASEMETAL
 10
4996.684143070059
 20
18405.920445396016
 30
0.0
  0
VERTEX
  8
BASEMETAL
 10
4983.030248241094
 20
18402.261895303054
 30
0.0
  0
VERTEX
  8
BASEMETAL
 10
4969.20359188288
 20
18399.32294876816
 30
0.0
  0
VERTEX
  8
BASEMETAL
 10
4955.2420718994135
 20
18397.111661239498
 30
0.0
  0
VERTEX
  8
BASEMETAL
 10
4941.183955846518
 20
18395.634093702483
 30
0.0
  0
VERTEX
  8
BASEMETAL
 10
4927.067776043125
 20
18394.89429606703
 30
0.0
  0
VERTEX
  8
BASEMETAL
 10
4912.932223956875
 20
18394.89429606703
 30
0.0
  0
VERTEX
  8
BASEMETAL
 10
4898.816044153482
 20
18395.634093702483
 30
0.0
  0
VERTEX
  8
BASEMETAL
 10
4884.7579281005865
 20
18397.111661239498
 30
0.0
  0
VERTEX
  8
BASEMETAL
 10
4870.79640811712
 20
18399.32294876816
 30
0.0
  0
VERTEX
  8
BASEMETAL
 10
4856.969751758906
 20
18402.261895303054
 30
0.0
  0
VERTEX
  8
BASEMETAL
 10
4843.315856929941
 20
18405.920445396016
 30
0.0
  0
VERTEX
  8
BASEMETAL
 10
4829.872148006882
 20
18410.28857121554
 30
0.0
  0
VERTEX
  8
BASEMETAL
 10
4816.675473261425
 20
18415.35430003238
 30
0.0
  0
VERTEX
  8
BASEMETAL
 10
4803.762003861761
 20
18421.103747035966
 30
0.0
  0
VERTEX
  8
BASEMETAL
 10
4791.167134729906
 20
18427.5211533917
 30
0.0
  0
VERTEX
  8
BASEMETAL
 10
4778.925387526694
 20
18434.588929434824
 30
0.0
  0
VERTEX
  8
BASEMETAL
 10
4767.0703160302955
 20
18442.287702882484
 30
0.0
  0
VERTEX
  8
BASEMETAL
 10
4755.634414167645
 20
18450.596371931795
 30
0.0
  0
VERTEX
  8
BASEMETAL
 10
4744.64902695085
 20
18459.49216309842
 30
0.0
  0
VERTEX
  8
BASEMETAL
 10
4734.144264562687
 20
18468.95069363711
 30
0.0
  0
VERTEX
  8
BASEMETAL
 10
4724.148919826683
 20
18478.946038373113
 30
0.0
  0
VERTEX
  8
BASEMETAL
 10
4714.690389287992
 20
18489.45080076128
 30
0.0
  0
VERTEX
  8
BASEMETAL
 10
4705.794598121366
 20
18500.436187978074
 30
0.0
  0
VERTEX
  8
BASEMETAL
 10
4697.485929072056
 20
18511.872089840723
 30
0.0
  0
VERTEX
  8
BASEMETAL
 10
4689.787155624395
 20
18523.727161337123
 30
0.0
  0
VERTEX
  8
BASEMETAL
 10
4682.719379581269
 20
18535.968908540333
 30
0.0
  0
VERTEX
  8
BASEMETAL
 10
4676.301973225538
 20
18548.56377767219
 30
0.0
  0
VERTEX
  8
BASEMETAL
 10
4670.552526221953
 20
18561.477247071853
 30
0.0
  0
VERTEX
  8
BASEMETAL
 10
4665.486797405112
 20
18574.67392181731
 30
0.0
  0
VERTEX
  8
BASEMETAL
 10
4661.118671585588
 20
18588.11763074037
 30
0.0
  0
VERTEX
  8
BASEMETAL
 10
4657.460121492627
 20
18601.771525569333
 30
0.0
  0
VERTEX
  8
BASEMETAL
 10
4654.521174957732
 20
18615.598181927548
 30
0.0
  0
VERTEX
  8
BASEMETAL
 10
4652.309887429071
 20
18629.559701911014
 30
0.0
  0
VERTEX
  8
BASEMETAL
 10
4650.832319892055
 20
18643.61781796391
 30
0.0
  0
VERTEX
  8
BASEMETAL
 10
4650.092522256599
 20
18657.733997767304
 30
0.0
  0
VERTEX
  8
BASEMETAL
 10
4650.0
 20
18664.801773810428
 30
0.0
  0
SEQEND
  0
SOLID
 62
256
  8
BASEMETAL
 10
4720.0
 20
18664.801773810428
 30
0.0
 11
4720.068535004889
 21
18659.566384148853
 31
0.0
 13
4650.092522256599
 23
18657.733997767304
 33
0.0
 12
4650.0
 22
18664.801773810428
 32
0.0
  0
SOLID
 62
256
  8
BASEMETAL
 10
4720.068535004889
 20
18659.566384148853
 30
0.0
 11
4720.616533253375
 21
18649.10995466486
 31
0.0
 13
4650.832319892055
 23
18643.61781796391
 33
0.0
 12
4650.092522256599
 22
18657.733997767304
 32
0.0
  0
SOLID
 62
256
  8
BASEMETAL
 10
4720.616533253375
 20
18649.10995466486
 30
0.0
 11
4721.711027725238
 21
18638.696535366416
 31
0.0
 13
4652.309887429071
 23
18629.559701911014
 33
0.0
 12
4650.832319892055
 22
18643.61781796391
 32
0.0
  0
SOLID
 62
256
  8
BASEMETAL
 10
4721.711027725238
 20
18638.696535366416
 30
0.0
 11
4723.349018487209
 21
18628.354668712
 31
0.0
 13
4654.521174957732
 23
18615.598181927548
 33
0.0
 12
4652.309887429071
 22
18629.559701911014
 32
0.0
  0
SOLID
 62
256
  8
BASEMETAL
 10
4723.349018487209
 20
18628.354668712
 30
0.0
 11
4725.5260159204645
 21
18618.11270103925
 31
0.0
 13
4657.460121492627
 23
18601.771525569333
 33
0.0
 12
4654.521174957732
 22
18615.598181927548
 32
0.0
  0
SOLID
 62
256
  8
BASEMETAL
 10
4725.5260159204645
 20
18618.11270103925
 30
0.0
 11
4728.236053026361
 21
18607.998704869642
 31
0.0
 13
4661.118671585588
 23
18588.11763074037
 33
0.0
 12
4657.460121492627
 22
18601.771525569333
 32
0.0
  0
SOLID
 62
256
  8
BASEMETAL
 10
4728.236053026361
 20
18607.998704869642
 30
0.0
 11
4731.471701781565
 21
18598.040401963674
 31
0.0
 13
4665.486797405112
 23
18574.67392181731
 33
0.0
 12
4661.118671585588
 22
18588.11763074037
 32
0.0
  0
SOLID
 62
256
  8
BASEMETAL
 10
4731.471701781565
 20
18598.040401963674
 30
0.0
 11
4735.224093497743
 21
18588.26508733741
 31
0.0
 13
4670.552526221953
 23
18561.477247071853
 33
0.0
 12
4665.486797405112
 22
18574.67392181731
 32
0.0
  0
SOLID
 62
256
  8
BASEMETAL
 10
4735.224093497743
 20
18588.26508733741
 30
0.0
 11
4739.482943130028
 21
18578.69955444877
 31
0.0
 13
4676.301973225538
 23
18548.56377767219
 33
0.0
 12
4670.552526221953
 22
18561.477247071853
 32
0.0
  0
SOLID
 62
256
  8
BASEMETAL
 10
4739.482943130028
 20
18578.69955444877
 30
0.0
 11
4744.236577467607
 21
18569.370021758506
 31
0.0
 13
4682.719379581269
 23
18535.968908540333
 33
0.0
 12
4676.301973225538
 22
18548.56377767219
 32
0.0
  0
SOLID
 62
256
  8
BASEMETAL
 10
4744.236577467607
 20
18569.370021758506
 30
0.0
 11
4749.471967129181
 21
18560.302060867238
 31
0.0
 13
4689.787155624395
 23
18523.727161337123
 33
0.0
 12
4682.719379581269
 22
18535.968908540333
 32
0.0
  0
SOLID
 62
256
  8
BASEMETAL
 10
4749.471967129181
 20
18560.302060867238
 30
0.0
 11
4755.174762275597
 21
18551.520526425462
 31
0.0
 13
4697.485929072056
 23
18511.872089840723
 33
0.0
 12
4689.787155624395
 22
18523.727161337123
 32
0.0
  0
SOLID
 62
256
  8
BASEMETAL
 10
4755.174762275597
 20
18551.520526425462
 30
0.0
 11
4761.329331941753
 21
18543.049488008684
 31
0.0
 13
4705.794598121366
 23
18500.436187978074
 33
0.0
 12
4697.485929072056
 22
18511.872089840723
 32
0.0
  0
SOLID
 62
256
  8
BASEMETAL
 10
4761.329331941753
 20
18543.049488008684
 30
0.0
 11
4767.918806879994
 21
18534.912164144393
 31
0.0
 13
4714.690389287992
 23
18489.45080076128
 33
0.0
 12
4705.794598121366
 22
18500.436187978074
 32
0.0
  0
SOLID
 62
256
  8
BASEMETAL
 10
4767.918806879994
 20
18534.912164144393
 30
0.0
 11
4774.925125797542
 21
18527.130858671677
 31
0.0
 13
4724.148919826683
 23
18478.946038373113
 33
0.0
 12
4714.690389287992
 22
18489.45080076128
 32
0.0
  0
SOLID
 62
256
  8
BASEMETAL
 10
4774.925125797542
 20
18527.130858671677
 30
0.0
 11
4782.32908486125
 21
18519.72689960797
 31
0.0
 13
4734.144264562687
 23
18468.95069363711
 33
0.0
 12
4724.148919826683
 22
18478.946038373113
 32
0.0
  0
SOLID
 62
256
  8
BASEMETAL
 10
4782.32908486125
 20
18519.72689960797
 30
0.0
 11
4790.110390333964
 21
18512.72058069042
 31
0.0
 13
4744.64902695085
 23
18459.49216309842
 33
0.0
 12
4734.144264562687
 22
18468.95069363711
 32
0.0
  0
SOLID
 62
256
  8
BASEMETAL
 10
4790.110390333964
 20
18512.72058069042
 30
0.0
 11
4798.247714198256
 21
18506.13110575218
 31
0.0
 13
4755.634414167645
 23
18450.596371931795
 33
0.0
 12
4744.64902695085
 22
18459.49216309842
 32
0.0
  0
SOLID
 62
256
  8
BASEMETAL
 10
4798.247714198256
 20
18506.13110575218
 30
0.0
 11
4806.718752615034
 21
18499.976536086026
 31
0.0
 13
4767.0703160302955
 23
18442.287702882484
 33
0.0
 12
4755.634414167645
 22
18450.596371931795
 32
0.0
  0
SOLID
 62
256
  8
BASEMETAL
 10
4806.718752615034
 20
18499.976536086026
 30
0.0
 11
4815.5002870568105
 21
18494.27374093961
 31
0.0
 13
4778.925387526694
 23
18434.588929434824
 33
0.0
 12
4767.0703160302955
 22
18442.287702882484
 32
0.0
  0
SOLID
 62
256
  8
BASEMETAL
 10
4815.5002870568105
 20
18494.27374093961
 30
0.0
 11
4824.568247948078
 21
18489.038351278035
 31
0.0
 13
4791.167134729906
 23
18427.5211533917
 33
0.0
 12
4778.925387526694
 22
18434.588929434824
 32
0.0
  0
SOLID
 62
256
  8
BASEMETAL
 10
4824.568247948078
 20
18489.038351278035
 30
0.0
 11
4833.897780638341
 21
18484.284716940456
 31
0.0
 13
4803.762003861761
 23
18421.103747035966
 33
0.0
 12
4791.167134729906
 22
18427.5211533917
 32
0.0
  0
SOLID
 62
256
  8
BASEMETAL
 10
4833.897780638341
 20
18484.284716940456
 30
0.0
 11
4843.463313526982
 21
18480.02586730817
 31
0.0
 13
4816.675473261425
 23
18415.35430003238
 33
0.0
 12
4803.762003861761
 22
18421.103747035966
 32
0.0
  0
SOLID
 62
256
  8
BASEMETAL
 10
4843.463313526982
 20
18480.02586730817
 30
0.0
 11
4853.238628153245
 21
18476.273475591992
 31
0.0
 13
4829.872148006882
 23
18410.28857121554
 33
0.0
 12
4816.675473261425
 22
18415.35430003238
 32
0.0
  0
SOLID
 62
256
  8
BASEMETAL
 10
4853.238628153245
 20
18476.273475591992
 30
0.0
 11
4863.196931059216
 21
18473.03782683679
 31
0.0
 13
4843.315856929941
 23
18405.920445396016
 33
0.0
 12
4829.872148006882
 22
18410.28857121554
 32
0.0
  0
SOLID
 62
256
  8
BASEMETAL
 10
4863.196931059216
 20
18473.03782683679
 30
0.0
 11
4873.310927228819
 21
18470.327789730894
 31
0.0
 13
4856.969751758906
 23
18402.261895303054
 33
0.0
 12
4843.315856929941
 22
18405.920445396016
 32
0.0
  0
SOLID
 62
256
  8
BASEMETAL
 10
4873.310927228819
 20
18470.327789730894
 30
0.0
 11
4883.552894901571
 21
18468.150792297638
 31
0.0
 13
4870.79640811712
 23
18399.32294876816
 33
0.0
 12
4856.969751758906
 22
18402.261895303054
 32
0.0
  0
SOLID
 62
256
  8
BASEMETAL
 10
4883.552894901571
 20
18468.150792297638
 30
0.0
 11
4893.89476155599
 21
18466.512801535668
 31
0.0
 13
4884.7579281005865
 23
18397.111661239498
 33
0.0
 12
4870.79640811712
 22
18399.32294876816
 32
0.0
  0
SOLID
 62
256
  8
BASEMETAL
 10
4893.89476155599
 20
18466.512801535668
 30
0.0
 11
4904.308180854431
 21
18465.418307063803
 31
0.0
 13
4898.816044153482
 23
18395.634093702483
 33
0.0
 12
4884.7579281005865
 22
18397.111661239498
 32
0.0
  0
SOLID
 62
256
  8
BASEMETAL
 10
4904.308180854431
 20
18465.418307063803
 30
0.0
 11
4914.764610338425
 21
18464.870308815316
 31
0.0
 13
4912.932223956875
 23
18394.89429606703
 33
0.0
 12
4898.816044153482
 22
18395.634093702483
 32
0.0
  0
SOLID
 62
256
  8
BASEMETAL
 10
4914.764610338425
 20
18464.870308815316
 30
0.0
 11
4925.235389661575
 21
18464.870308815316
 31
0.0
 13
4927.067776043125
 23
18394.89429606703
 33
0.0
 12
4912.932223956875
 22
18394.89429606703
 32
0.0
  0
SOLID
 62
256
  8
BASEMETAL
 10
4925.235389661575
 20
18464.870308815316
 30
0.0
 11
4935.691819145569
 21
18465.418307063803
 31
0.0
 13
4941.183955846518
 23
18395.634093702483
 33
0.0
 12
4927.067776043125
 22
18394.89429606703
 32
0.0
  0
SOLID
 62
256
  8
BASEMETAL
 10
4935.691819145569
 20
18465.418307063803
 30
0.0
 11
4946.10523844401
 21
18466.512801535668
 31
0.0
 13
4955.2420718994135
 23
18397.111661239498
 33
0.0
 12
4941.183955846518
 22
18395.634093702483
 32
0.0
  0
SOLID
 62
256
  8
BASEMETAL
 10
4946.10523844401
 20
18466.512801535668
 30
0.0
 11
4956.447105098429
 21
18468.150792297638
 31
0.0
 13
4969.20359188288
 23
18399.32294876816
 33
0.0
 12
4955.2420718994135
 22
18397.111661239498
 32
0.0
  0
SOLID
 62
256
  8
BASEMETAL
 10
4956.447105098429
 20
18468.150792297638
 30
0.0
 11
4966.689072771181
 21
18470.327789730894
 31
0.0
 13
4983.030248241094
 23
18402.261895303054
 33
0.0
 12
4969.20359188288
 22
18399.32294876816
 32
0.0
  0
SOLID
 62
256
  8
BASEMETAL
 10
4966.689072771181
 20
18470.327789730894
 30
0.0
 11
4976.803068940784
 21
18473.03782683679
 31
0.0
 13
4996.684143070059
 23
18405.920445396016
 33
0.0
 12
4983.030248241094
 22
18402.261895303054
 32
0.0
  0
SOLID
 62
256
  8
BASEMETAL
 10
4976.803068940784
 20
18473.03782683679
 30
0.0
 11
4986.761371846755
 21
18476.273475591992
 31
0.0
 13
5010.127851993118
 23
18410.28857121554
 33
0.0
 12
4996.684143070059
 22
18405.920445396016
 32
0.0
  0
SOLID
 62
256
  8
BASEMETAL
 10
4986.761371846755
 20
18476.273475591992
 30
0.0
 11
4996.536686473018
 21
18480.02586730817
 31
0.0
 13
5023.324526738575
 23
18415.35430003238
 33
0.0
 12
5010.127851993118
 22
18410.28857121554
 32
0.0
  0
SOLID
 62
256
  8
BASEMETAL
 10
4996.536686473018
 20
18480.02586730817
 30
0.0
 11
5006.102219361659
 21
18484.284716940456
 31
0.0
 13
5036.237996138239
 23
18421.103747035966
 33
0.0
 12
5023.324526738575
 22
18415.35430003238
 32
0.0
  0
SOLID
 62
256
  8
BASEMETAL
 10
5006.102219361659
 20
18484.284716940456
 30
0.0
 11
5015.431752051922
 21
18489.038351278035
 31
0.0
 13
5048.832865270095
 23
18427.5211533917
 33
0.0
 12
5036.237996138239
 22
18421.103747035966
 32
0.0
  0
SOLID
 62
256
  8
BASEMETAL
 10
5015.431752051922
 20
18489.038351278035
 30
0.0
 11
5024.4997129431895
 21
18494.27374093961
 31
0.0
 13
5061.074612473306
 23
18434.588929434824
 33
0.0
 12
5048.832865270095
 22
18427.5211533917
 32
0.0
  0
SOLID
 62
256
  8
BASEMETAL
 10
5024.4997129431895
 20
18494.27374093961
 30
0.0
 11
5033.281247384966
 21
18499.976536086026
 31
0.0
 13
5072.9296839697045
 23
18442.287702882484
 33
0.0
 12
5061.074612473306
 22
18434.588929434824
 32
0.0
  0
SOLID
 62
256
  8
BASEMETAL
 10
5033.281247384966
 20
18499.976536086026
 30
0.0
 11
5041.752285801744
 21
18506.13110575218
 31
0.0
 13
5084.365585832355
 23
18450.596371931795
 33
0.0
 12
5072.9296839697045
 22
18442.287702882484
 32
0.0
  0
SOLID
 62
256
  8
BASEMETAL
 10
5041.752285801744
 20
18506.13110575218
 30
0.0
 11
5049.889609666036
 21
18512.72058069042
 31
0.0
 13
5095.35097304915
 23
18459.49216309842
 33
0.0
 12
5084.365585832355
 22
18450.596371931795
 32
0.0
  0
SOLID
 62
256
  8
BASEMETAL
 10
5049.889609666036
 20
18512.72058069042
 30
0.0
 11
5057.67091513875
 21
18519.72689960797
 31
0.0
 13
5105.855735437313
 23
18468.95069363711
 33
0.0
 12
5095.35097304915
 22
18459.49216309842
 32
0.0
  0
SOLID
 62
256
  8
BASEMETAL
 10
5057.67091513875
 20
18519.72689960797
 30
0.0
 11
5065.074874202457
 21
18527.130858671677
 31
0.0
 13
5115.851080173317
 23
18478.946038373113
 33
0.0
 12
5105.855735437313
 22
18468.95069363711
 32
0.0
  0
SOLID
 62
256
  8
BASEMETAL
 10
5065.074874202457
 20
18527.130858671677
 30
0.0
 11
5072.081193120006
 21
18534.912164144393
 31
0.0
 13
5125.309610712008
 23
18489.45080076128
 33
0.0
 12
5115.851080173317
 22
18478.946038373113
 32
0.0
  0
SOLID
 62
256
  8
BASEMETAL
 10
5072.081193120006
 20
18534.912164144393
 30
0.0
 11
5078.6706680582465
 21
18543.049488008684
 31
0.0
 13
5134.205401878633
 23
18500.436187978074
 33
0.0
 12
5125.309610712008
 22
18489.45080076128
 32
0.0
  0
SOLID
 62
256
  8
BASEMETAL
 10
5078.6706680582465
 20
18543.049488008684
 30
0.0
 11
5084.825237724403
 21
18551.520526425462
 31
0.0
 13
5142.514070927944
 23
18511.872089840723
 33
0.0
 12
5134.205401878633
 22
18500.436187978074
 32
0.0
  0
SOLID
 62
256
  8
BASEMETAL
 10
5084.825237724403
 20
18551.520526425462
 30
0.0
 11
5090.528032870819
 21
18560.302060867238
 31
0.0
 13
5150.212844375605
 23
18523.727161337123
 33
0.0
 12
5142.514070927944
 22
18511.872089840723
 32
0.0
  0
SOLID
 62
256
  8
BASEMETAL
 10
5090.528032870819
 20
18560.302060867238
 30
0.0
 11
5095.763422532393
 21
18569.370021758506
 31
0.0
 13
5157.280620418731
 23
18535.968908540333
 33
0.0
 12
5150.212844375605
 22
18523.727161337123
 32
0.0
  0
SOLID
 62
256
  8
BASEMETAL
 10
5095.763422532393
 20
18569.370021758506
 30
0.0
 11
5100.517056869972
 21
18578.69955444877
 31
0.0
 13
5163.698026774462
 23
18548.56377767219
 33
0.0
 12
5157.280620418731
 22
18535.968908540333
 32
0.0
  0
SOLID
 62
256
  8
BASEMETAL
 10
5100.517056869972
 20
18578.69955444877
 30
0.0
 11
5104.775906502257
 21
18588.26508733741
 31
0.0
 13
5169.447473778047
 23
18561.477247071853
 33
0.0
 12
5163.698026774462
 22
18548.56377767219
 32
0.0
  0
SOLID
 62
256
  8
BASEMETAL
 10
5104.775906502257
 20
18588.26508733741
 30
0.0
 11
5108.528298218435
 21
18598.040401963674
 31
0.0
 13
5174.513202594888
 23
18574.67392181731
 33
0.0
 12
5169.447473778047
 22
18561.477247071853
 32
0.0
  0
SOLID
 62
256
  8
BASEMETAL
 10
5108.528298218435
 20
18598.040401963674
 30
0.0
 11
5111.763946973639
 21
18607.998704869642
 31
0.0
 13
5178.881328414413
 23
18588.11763074037
 33
0.0
 12
5174.513202594888
 22
18574.67392181731
 32
0.0
  0
SOLID
 62
256
  8
BASEMETAL
 10
5111.763946973639
 20
18607.998704869642
 30
0.0
 11
5114.4739840795355
 21
18618.11270103925
 31
0.0
 13
5182.539878507373
 23
18601.771525569333
 33
0.0
 12
5178.881328414413
 22
18588.11763074037
 32
0.0
  0
SOLID
 62
256
  8
BASEMETAL
 10
5114.4739840795355
 20
18618.11270103925
 30
0.0
 11
5116.650981512791
 21
18628.354668712
 31
0.0
 13
5185.478825042268
 23
18615.598181927548
 33
0.0
 12
5182.539878507373
 22
18601.771525569333
 32
0.0
  0
SOLID
 62
256
  8
BASEMETAL
 10
5116.650981512791
 20
18628.354668712
 30
0.0
 11
5118.288972274762
 21
18638.696535366416
 31
0.0
 13
5187.690112570929
 23
18629.559701911014
 33
0.0
 12
5185.478825042268
 22
18615.598181927548
 32
0.0
  0
SOLID
 62
256
  8
BASEMETAL
 10
5118.288972274762
 20
18638.696535366416
 30
0.0
 11
5119.383466746625
 21
18649.10995466486
 31
0.0
 13
5189.167680107945
 23
18643.61781796391
 33
0.0
 12
5187.690112570929
 22
18629.559701911014
 32
0.0
  0
SOLID
 62
256
  8
BASEMETAL
 10
5119.383466746625
 20
18649.10995466486
 30
0.0
 11
5119.931464995111
 21
18659.566384148853
 31
0.0
 13
5189.907477743401
 23
18657.733997767304
 33
0.0
 12
5189.167680107945
 22
18643.61781796391
 32
0.0
  0
SOLID
 62
256
  8
BASEMETAL
 10
5119.931464995111
 20
18659.566384148853
 30
0.0
 11
5120.0
 21
18664.801773810428
 31
0.0
 13
5190.0
 23
18664.801773810428
 33
0.0
 12
5189.907477743401
 22
18657.733997767304
 32
0.0
  0
POLYLINE
 62
256
  8
BASEMETAL
 66
1
 10
0.0
 20
0.0
 30
0.0
 70
1
  0
VERTEX
  8
BASEMETAL
 10
5190.0
 20
18664.801773810428
 30
0.0
  0
VERTEX
  8
BASEMETAL
 10
5190.0
 20
19765.0
 30
0.0
  0
VERTEX
  8
BASEMETAL
 10
5120.0
 20
19765.0
 30
0.0
  0
VERTEX
  8
BASEMETAL
 10
5120.0
 20
18664.801773810428
 30
0.0
  0
SEQEND
  0
SOLID
 62
256
  8
BASEMETAL
 10
5190.0
 20
18664.801773810428
 30
0.0
 11
5190.0
 21
19765.0
 31
0.0
 13
5120.0
 23
19765.0
 33
0.0
 12
5120.0
 22
18664.801773810428
 32
0.0
  0
POLYLINE
 62
256
  8
BASEMETAL
 66
1
 10
0.0
 20
0.0
 30
0.0
 70
1
  0
VERTEX
  8
BASEMETAL
 10
5190.0
 20
19765.0
 30
0.0
  0
VERTEX
  8
BASEMETAL
 10
5190.0
 20
19783.0
 30
0.0
  0
VERTEX
  8
BASEMETAL
 10
5120.0
 20
19783.0
 30
0.0
  0
VERTEX
  8
BASEMETAL
 10
5120.0
 20
19765.0
 30
0.0
  0
SEQEND
  0
SOLID
 62
256
  8
BASEMETAL
 10
5190.0
 20
19765.0
 30
0.0
 11
5190.0
 21
19783.0
 31
0.0
 13
5120.0
 23
19783.0
 33
0.0
 12
5120.0
 22
19765.0
 32
0.0
  0
POLYLINE
 62
256
  8
BASEMETAL
 66
1
 10
0.0
 20
0.0
 30
0.0
 70
1
  0
VERTEX
  8
BASEMETAL
 10
5190.0
 20
19783.0
 30
0.0
  0
VERTEX
  8
BASEMETAL
 10
5190.0
 20
19819.49747468306
 30
0.0
  0
VERTEX
  8
BASEMETAL
 10
5120.0
 20
19819.49747468306
 30
0.0
  0
VERTEX
  8
BASEMETAL
 10
5120.0
 20
19783.0
 30
0.0
  0
SEQEND
  0
SOLID
 62
256
  8
BASEMETAL
 10
5190.0
 20
19783.0
 30
0.0
 11
5190.0
 21
19819.49747468306
 31
0.0
 13
5120.0
 23
19819.49747468306
 33
0.0
 12
5120.0
 22
19783.0
 32
0.0
  0
POLYLINE
 62
256
  8
BASEMETAL
 66
1
 10
0.0
 20
0.0
 30
0.0
 70
1
  0
VERTEX
  8
BASEMETAL
 10
5120.0
 20
19785.0
 30
0.0
  0
VERTEX
  8
BASEMETAL
 10
5120.928186816631
 20
19785.90419956492
 30
0.0
  0
VERTEX
  8
BASEMETAL
 10
5122.853961669815
 20
19787.638175031134
 30
0.0
  0
VERTEX
  8
BASEMETAL
 10
5124.867846579618
 20
19789.268986875784
 30
0.0
  0
VERTEX
  8
BASEMETAL
 10
5126.964321627487
 20
19790.792165156963
 30
0.0
  0
VERTEX
  8
BASEMETAL
 10
5129.137640521038
 20
19792.203534948876
 30
0.0
  0
VERTEX
  8
BASEMETAL
 10
5131.38184634425
 20
19793.499227785025
 30
0.0
  0
VERTEX
  8
BASEMETAL
 10
5133.690787884956
 20
19794.675692261408
 30
0.0
  0
VERTEX
  8
BASEMETAL
 10
5136.058136494883
 20
19795.729703770674
 30
0.0
  0
VERTEX
  8
BASEMETAL
 10
5138.477403436045
 20
19796.658373340535
 30
0.0
  0
VERTEX
  8
BASEMETAL
 10
5140.9419576659175
 20
19797.459155552257
 30
0.0
  0
VERTEX
  8
BASEMETAL
 10
5143.445044012665
 20
19798.12985551745
 30
0.0
  0
VERTEX
  8
BASEMETAL
 10
5145.979801690599
 20
19798.66863489414
 30
0.0
  0
VERTEX
  8
BASEMETAL
 10
5148.539283105112
 20
19799.074016925497
 30
0.0
  0
VERTEX
  8
BASEMETAL
 10
5151.1164728955555
 20
19799.34489048756
 30
0.0
  0
VERTEX
  8
BASEMETAL
 10
5153.704307163851
 20
19799.480513134713
 30
0.0
  0
VERTEX
  8
BASEMETAL
 10
5156.295692836149
 20
19799.480513134713
 30
0.0
  0
VERTEX
  8
BASEMETAL
 10
5158.8835271044445
 20
19799.34489048756
 30
0.0
  0
VERTEX
  8
BASEMETAL
 10
5161.460716894888
 20
19799.074016925497
 30
0.0
  0
VERTEX
  8
BASEMETAL
 10
5164.020198309401
 20
19798.66863489414
 30
0.0
  0
VERTEX
  8
BASEMETAL
 10
5166.554955987335
 20
19798.12985551745
 30
0.0
  0
VERTEX
  8
BASEMETAL
 10
5169.0580423340825
 20
19797.459155552257
 30
0.0
  0
VERTEX
  8
BASEMETAL
 10
5171.522596563955
 20
19796.658373340535
 30
0.0
  0
VERTEX
  8
BASEMETAL
 10
5173.941863505117
 20
19795.729703770674
 30
0.0
  0
VERTEX
  8
BASEMETAL
 10
5176.309212115044
 20
19794.675692261408
 30
0.0
  0
VERTEX
  8
BASEMETAL
 10
5178.61815365575
 20
19793.499227785025
 30
0.0
  0
VERTEX
  8
BASEMETAL
 10
5180.862359478962
 20
19792.203534948876
 30
0.0
  0
VERTEX
  8
BASEMETAL
 10
5183.035678372513
 20
19790.792165156963
 30
0.0
  0
VERTEX
  8
BASEMETAL
 10
5185.132153420382
 20
19789.268986875784
 30
0.0
  0
VERTEX
  8
BASEMETAL
 10
5187.146038330185
 20
19787.638175031134
 30
0.0
  0
VERTEX
  8
BASEMETAL
 10
5189.071813183369
 20
19785.90419956492
 30
0.0
  0
VERTEX
  8
BASEMETAL
 10
5190.0
 20
19785.0
 30
0.0
  0
VERTEX
  8
BASEMETAL
 10
5367.132034355965
 20
19962.132034355964
 30
0.0
  0
VERTEX
  8
BASEMETAL
 10
5361.506372708126
 20
19967.612311303685
 30
0.0
  0
VERTEX
  8
BASEMETAL
 10
5349.834414499055
 20
19978.121789680008
 30
0.0
  0
VERTEX
  8
BASEMETAL
 10
5337.6284287026165
 20
19988.00600208737
 30
0.0
  0
VERTEX
  8
BASEMETAL
 10
5324.921871077449
 20
19997.237856586606
 30
0.0
  0
VERTEX
  8
BASEMETAL
 10
5311.749569414785
 20
20005.792049306227
 30
0.0
  0
VERTEX
  8
BASEMETAL
 10
5298.1476280778825
 20
20013.64513379859
 30
0.0
  0
VERTEX
  8
BASEMETAL
 10
5284.153329042489
 20
20020.775585304957
 30
0.0
  0
VERTEX
  8
BASEMETAL
 10
5269.805029709527
 20
20027.163859753386
 30
0.0
  0
VERTEX
  8
BASEMETAL
 10
5255.142057770131
 20
20032.792447327654
 30
0.0
  0
VERTEX
  8
BASEMETAL
 10
5240.204603411177
 20
20037.645920460458
 30
0.0
  0
VERTEX
  8
BASEMETAL
 10
5225.0336091567715
 20
20041.710976119302
 30
0.0
  0
VERTEX
  8
BASEMETAL
 10
5209.6706576476445
 20
20044.976472269187
 30
0.0
  0
VERTEX
  8
BASEMETAL
 10
5194.157857666016
 20
20047.433458412142
 30
0.0
  0
VERTEX
  8
BASEMETAL
 10
5178.537728718354
 20
20049.07520011994
 30
0.0
  0
VERTEX
  8
BASEMETAL
 10
5162.853084492362
 20
20049.897197492668
 30
0.0
  0
VERTEX
  8
BASEMETAL
 10
5147.146915507638
 20
20049.897197492668
 30
0.0
  0
VERTEX
  8
BASEMETAL
 10
5131.462271281646
 20
20049.07520011994
 30
0.0
  0
VERTEX
  8
BASEMETAL
 10
5115.842142333984
 20
20047.433458412142
 30
0.0
  0
VERTEX
  8
BASEMETAL
 10
5100.3293423523555
 20
20044.976472269187
 30
0.0
  0
VERTEX
  8
BASEMETAL
 10
5084.9663908432285
 20
20041.710976119302
 30
0.0
  0
VERTEX
  8
BASEMETAL
 10
5069.795396588824
 20
20037.645920460458
 30
0.0
  0
VERTEX
  8
BASEMETAL
 10
5054.857942229869
 20
20032.792447327654
 30
0.0
  0
VERTEX
  8
BASEMETAL
 10
5040.194970290473
 20
20027.163859753386
 30
0.0
  0
VERTEX
  8
BASEMETAL
 10
5025.846670957511
 20
20020.775585304957
 30
0.0
  0
VERTEX
  8
BASEMETAL
 10
5011.8523719221175
 20
20013.64513379859
 30
0.0
  0
VERTEX
  8
BASEMETAL
 10
4998.250430585215
 20
20005.792049306227
 30
0.0
  0
VERTEX
  8
BASEMETAL
 10
4985.078128922551
 20
19997.237856586606
 30
0.0
  0
VERTEX
  8
BASEMETAL
 10
4972.3715712973835
 20
19988.00600208737
 30
0.0
  0
VERTEX
  8
BASEMETAL
 10
4960.165585500945
 20
19978.121789680008
 30
0.0
  0
VERTEX
  8
BASEMETAL
 10
4948.493627291874
 20
19967.612311303685
 30
0.0
  0
VERTEX
  8
BASEMETAL
 10
4942.867965644035
 20
19962.132034355964
 30
0.0
  0
SEQEND
  0
SOLID
 62
256
  8
BASEMETAL
 10
5120.0
 20
19785.0
 30
0.0
 11
5120.928186816631
 21
19785.90419956492
 31
0.0
 13
4948.493627291874
 23
19967.612311303685
 33
0.0
 12
4942.867965644035
 22
19962.132034355964
 32
0.0
  0
SOLID
 62
256
  8
BASEMETAL
 10
5120.928186816631
 20
19785.90419956492
 30
0.0
 11
5122.853961669815
 21
19787.638175031134
 31
0.0
 13
4960.165585500945
 23
19978.121789680008
 33
0.0
 12
4948.493627291874
 22
19967.612311303685
 32
0.0
  0
SOLID
 62
256
  8
BASEMETAL
 10
5122.853961669815
 20
19787.638175031134
 30
0.0
 11
5124.867846579618
 21
19789.268986875784
 31
0.0
 13
4972.3715712973835
 23
19988.00600208737
 33
0.0
 12
4960.165585500945
 22
19978.121789680008
 32
0.0
  0
SOLID
 62
256
  8
BASEMETAL
 10
5124.867846579618
 20
19789.268986875784
 30
0.0
 11
5126.964321627487
 21
19790.792165156963
 31
0.0
 13
4985.078128922551
 23
19997.237856586606
 33
0.0
 12
4972.3715712973835
 22
19988.00600208737
 32
0.0
  0
SOLID
 62
256
  8
BASEMETAL
 10
5126.964321627487
 20
19790.792165156963
 30
0.0
 11
5129.137640521038
 21
19792.203534948876
 31
0.0
 13
4998.250430585215
 23
20005.792049306227
 33
0.0
 12
4985.078128922551
 22
19997.237856586606
 32
0.0
  0
SOLID
 62
256
  8
BASEMETAL
 10
5129.137640521038
 20
19792.203534948876
 30
0.0
 11
5131.38184634425
 21
19793.499227785025
 31
0.0
 13
5011.8523719221175
 23
20013.64513379859
 33
0.0
 12
4998.250430585215
 22
20005.792049306227
 32
0.0
  0
SOLID
 62
256
  8
BASEMETAL
 10
5131.38184634425
 20
19793.499227785025
 30
0.0
 11
5133.690787884956
 21
19794.675692261408
 31
0.0
 13
5025.846670957511
 23
20020.775585304957
 33
0.0
 12
5011.8523719221175
 22
20013.64513379859
 32
0.0
  0
SOLID
 62
256
  8
BASEMETAL
 10
5133.690787884956
 20
19794.675692261408
 30
0.0
 11
5136.058136494883
 21
19795.729703770674
 31
0.0
 13
5040.194970290473
 23
20027.163859753386
 33
0.0
 12
5025.846670957511
 22
20020.775585304957
 32
0.0
  0
SOLID
 62
256
  8
BASEMETAL
 10
5136.058136494883
 20
19795.729703770674
 30
0.0
 11
5138.477403436045
 21
19796.658373340535
 31
0.0
 13
5054.857942229869
 23
20032.792447327654
 33
0.0
 12
5040.194970290473
 22
20027.163859753386
 32
0.0
  0
SOLID
 62
256
  8
BASEMETAL
 10
5138.477403436045
 20
19796.658373340535
 30
0.0
 11
5140.9419576659175
 21
19797.459155552257
 31
0.0
 13
5069.795396588824
 23
20037.645920460458
 33
0.0
 12
5054.857942229869
 22
20032.792447327654
 32
0.0
  0
SOLID
 62
256
  8
BASEMETAL
 10
5140.9419576659175
 20
19797.459155552257
 30
0.0
 11
5143.445044012665
 21
19798.12985551745
 31
0.0
 13
5084.9663908432285
 23
20041.710976119302
 33
0.0
 12
5069.795396588824
 22
20037.645920460458
 32
0.0
  0
SOLID
 62
256
  8
BASEMETAL
 10
5143.445044012665
 20
19798.12985551745
 30
0.0
 11
5145.979801690599
 21
19798.66863489414
 31
0.0
 13
5100.3293423523555
 23
20044.976472269187
 33
0.0
 12
5084.9663908432285
 22
20041.710976119302
 32
0.0
  0
SOLID
 62
256
  8
BASEMETAL
 10
5145.979801690599
 20
19798.66863489414
 30
0.0
 11
5148.539283105112
 21
19799.074016925497
 31
0.0
 13
5115.842142333984
 23
20047.433458412142
 33
0.0
 12
5100.3293423523555
 22
20044.976472269187
 32
0.0
  0
SOLID
 62
256
  8
BASEMETAL
 10
5148.539283105112
 20
19799.074016925497
 30
0.0
 11
5151.1164728955555
 21
19799.34489048756
 31
0.0
 13
5131.462271281646
 23
20049.07520011994
 33
0.0
 12
5115.842142333984
 22
20047.433458412142
 32
0.0
  0
SOLID
 62
256
  8
BASEMETAL
 10
5151.1164728955555
 20
19799.34489048756
 30
0.0
 11
5153.704307163851
 21
19799.480513134713
 31
0.0
 13
5147.146915507638
 23
20049.897197492668
 33
0.0
 12
5131.462271281646
 22
20049.07520011994
 32
0.0
  0
SOLID
 62
256
  8
BASEMETAL
 10
5153.704307163851
 20
19799.480513134713
 30
0.0
 11
5156.295692836149
 21
19799.480513134713
 31
0.0
 13
5162.853084492362
 23
20049.897197492668
 33
0.0
 12
5147.146915507638
 22
20049.897197492668
 32
0.0
  0
SOLID
 62
256
  8
BASEMETAL
 10
5156.295692836149
 20
19799.480513134713
 30
0.0
 11
5158.8835271044445
 21
19799.34489048756
 31
0.0
 13
5178.537728718354
 23
20049.07520011994
 33
0.0
 12
5162.853084492362
 22
20049.897197492668
 32
0.0
  0
SOLID
 62
256
  8
BASEMETAL
 10
5158.8835271044445
 20
19799.34489048756
 30
0.0
 11
5161.460716894888
 21
19799.074016925497
 31
0.0
 13
5194.157857666016
 23
20047.433458412142
 33
0.0
 12
5178.537728718354
 22
20049.07520011994
 32
0.0
  0
SOLID
 62
256
  8
BASEMETAL
 10
5161.460716894888
 20
19799.074016925497
 30
0.0
 11
5164.020198309401
 21
19798.66863489414
 31
0.0
 13
5209.6706576476445
 23
20044.976472269187
 33
0.0
 12
5194.157857666016
 22
20047.433458412142
 32
0.0
  0
SOLID
 62
256
  8
BASEMETAL
 10
5164.020198309401
 20
19798.66863489414
 30
0.0
 11
5166.554955987335
 21
19798.12985551745
 31
0.0
 13
5225.0336091567715
 23
20041.710976119302
 33
0.0
 12
5209.6706576476445
 22
20044.976472269187
 32
0.0
  0
SOLID
 62
256
  8
BASEMETAL
 10
5166.554955987335
 20
19798.12985551745
 30
0.0
 11
5169.0580423340825
 21
19797.459155552257
 31
0.0
 13
5240.204603411177
 23
20037.645920460458
 33
0.0
 12
5225.0336091567715
 22
20041.710976119302
 32
0.0
  0
SOLID
 62
256
  8
BASEMETAL
 10
5169.0580423340825
 20
19797.459155552257
 30
0.0
 11
5171.522596563955
 21
19796.658373340535
 31
0.0
 13
5255.142057770131
 23
20032.792447327654
 33
0.0
 12
5240.204603411177
 22
20037.645920460458
 32
0.0
  0
SOLID
 62
256
  8
BASEMETAL
 10
5171.522596563955
 20
19796.658373340535
 30
0.0
 11
5173.941863505117
 21
19795.729703770674
 31
0.0
 13
5269.805029709527
 23
20027.163859753386
 33
0.0
 12
5255.142057770131
 22
20032.792447327654
 32
0.0
  0
SOLID
 62
256
  8
BASEMETAL
 10
5173.941863505117
 20
19795.729703770674
 30
0.0
 11
5176.309212115044
 21
19794.675692261408
 31
0.0
 13
5284.153329042489
 23
20020.775585304957
 33
0.0
 12
5269.805029709527
 22
20027.163859753386
 32
0.0
  0
SOLID
 62
256
  8
BASEMETAL
 10
5176.309212115044
 20
19794.675692261408
 30
0.0
 11
5178.61815365575
 21
19793.499227785025
 31
0.0
 13
5298.1476280778825
 23
20013.64513379859
 33
0.0
 12
5284.153329042489
 22
20020.775585304957
 32
0.0
  0
SOLID
 62
256
  8
BASEMETAL
 10
5178.61815365575
 20
19793.499227785025
 30
0.0
 11
5180.862359478962
 21
19792.203534948876
 31
0.0
 13
5311.749569414785
 23
20005.792049306227
 33
0.0
 12
5298.1476280778825
 22
20013.64513379859
 32
0.0
  0
SOLID
 62
256
  8
BASEMETAL
 10
5180.862359478962
 20
19792.203534948876
 30
0.0
 11
5183.035678372513
 21
19790.792165156963
 31
0.0
 13
5324.921871077449
 23
19997.237856586606
 33
0.0
 12
5311.749569414785
 22
20005.792049306227
 32
0.0
  0
SOLID
 62
256
  8
BASEMETAL
 10
5183.035678372513
 20
19790.792165156963
 30
0.0
 11
5185.132153420382
 21
19789.268986875784
 31
0.0
 13
5337.6284287026165
 23
19988.00600208737
 33
0.0
 12
5324.921871077449
 22
19997.237856586606
 32
0.0
  0
SOLID
 62
256
  8
BASEMETAL
 10
5185.132153420382
 20
19789.268986875784
 30
0.0
 11
5187.146038330185
 21
19787.638175031134
 31
0.0
 13
5349.834414499055
 23
19978.121789680008
 33
0.0
 12
5337.6284287026165
 22
19988.00600208737
 32
0.0
  0
SOLID
 62
256
  8
BASEMETAL
 10
5187.146038330185
 20
19787.638175031134
 30
0.0
 11
5189.071813183369
 21
19785.90419956492
 31
0.0
 13
5361.506372708126
 23
19967.612311303685
 33
0.0
 12
5349.834414499055
 22
19978.121789680008
 32
0.0
  0
SOLID
 62
256
  8
BASEMETAL
 10
5189.071813183369
 20
19785.90419956492
 30
0.0
 11
5190.0
 21
19785.0
 31
0.0
 13
5367.132034355965
 23
19962.132034355964
 33
0.0
 12
5361.506372708126
 22
19967.612311303685
 32
0.0
  0
POLYLINE
 62
256
  8
BASEMETAL
 66
1
 10
0.0
 20
0.0
 30
0.0
 70
1
  0
VERTEX
  8
BASEMETAL
 10
3415.0
 20
20000.0
 30
0.0
  0
VERTEX
  8
BASEMETAL
 10
3415.0
 20
17500.0
 30
0.0
  0
VERTEX
  8
BASEMETAL
 10
3485.0
 20
17500.0
 30
0.0
  0
VERTEX
  8
BASEMETAL
 10
3485.0
 20
20000.0
 30
0.0
  0
SEQEND
  0
SOLID
 62
256
  8
BASEMETAL
 10
3415.0
 20
20000.0
 30
0.0
 11
3415.0
 21
17500.0
 31
0.0
 13
3485.0
 23
17500.0
 33
0.0
 12
3485.0
 22
20000.0
 32
0.0
  0
POLYLINE
 62
256
  8
BASEMETAL
 66
1
 10
0.0
 20
0.0
 30
0.0
 70
1
  0
VERTEX
  8
BASEMETAL
 10
3450.0
 20
17535.0
 30
0.0
  0
VERTEX
  8
BASEMETAL
 10
2450.0
 20
17535.0
 30
0.0
  0
VERTEX
  8
BASEMETAL
 10
2450.0
 20
17465.0
 30
0.0
  0
VERTEX
  8
BASEMETAL
 10
3450.0
 20
17465.0
 30
0.0
  0
SEQEND
  0
SOLID
 62
256
  8
BASEMETAL
 10
3450.0
 20
17535.0
 30
0.0
 11
2450.0
 21
17535.0
 31
0.0
 13
2450.0
 23
17465.0
 33
0.0
 12
3450.0
 22
17465.0
 32
0.0
  0
POLYLINE
 62
256
  8
BASEMETAL
 66
1
 10
0.0
 20
0.0
 30
0.0
 70
1
  0
VERTEX
  8
BASEMETAL
 10
2450.0
 20
17465.0
 30
0.0
  0
VERTEX
  8
BASEMETAL
 10
2444.7646103384254
 20
17464.931464995112
 30
0.0
  0
VERTEX
  8
BASEMETAL
 10
2434.308180854431
 20
17464.383466746625
 30
0.0
  0
VERTEX
  8
BASEMETAL
 10
2423.8947615559896
 20
17463.28897227476
 30
0.0
  0
VERTEX
  8
BASEMETAL
 10
2413.5528949015707
 20
17461.65098151279
 30
0.0
  0
VERTEX
  8
BASEMETAL
 10
2403.310927228819
 20
17459.473984079534
 30
0.0
  0
VERTEX
  8
BASEMETAL
 10
2393.1969310592153
 20
17456.76394697364
 30
0.0
  0
VERTEX
  8
BASEMETAL
 10
2383.238628153246
 20
17453.528298218436
 30
0.0
  0
VERTEX
  8
BASEMETAL
 10
2373.463313526982
 20
17449.77590650226
 30
0.0
  0
VERTEX
  8
BASEMETAL
 10
2363.897780638341
 20
17445.517056869972
 30
0.0
  0
VERTEX
  8
BASEMETAL
 10
2354.5682479480784
 20
17440.763422532393
 30
0.0
  0
VERTEX
  8
BASEMETAL
 10
2345.50028705681
 20
17435.528032870818
 30
0.0
  0
VERTEX
  8
BASEMETAL
 10
2336.7187526150333
 20
17429.825237724403
 30
0.0
  0
VERTEX
  8
BASEMETAL
 10
2328.247714198256
 20
17423.670668058247
 30
0.0
  0
VERTEX
  8
BASEMETAL
 10
2320.110390333963
 20
17417.081193120008
 30
0.0
  0
VERTEX
  8
BASEMETAL
 10
2312.329084861249
 20
17410.07487420246
 30
0.0
  0
VERTEX
  8
BASEMETAL
 10
2304.9251257975425
 20
17402.67091513875
 30
0.0
  0
VERTEX
  8
BASEMETAL
 10
2297.918806879994
 20
17394.889609666036
 30
0.0
  0
VERTEX
  8
BASEMETAL
 10
2291.329331941753
 20
17386.752285801744
 30
0.0
  0
VERTEX
  8
BASEMETAL
 10
2285.174762275597
 20
17378.281247384966
 30
0.0
  0
VERTEX
  8
BASEMETAL
 10
2279.4719671291814
 20
17369.49971294319
 30
0.0
  0
VERTEX
  8
BASEMETAL
 10
2274.236577467607
 20
17360.43175205192
 30
0.0
  0
VERTEX
  8
BASEMETAL
 10
2269.4829431300277
 20
17351.10221936166
 30
0.0
  0
VERTEX
  8
BASEMETAL
 10
2265.2240934977426
 20
17341.536686473017
 30
0.0
  0
VERTEX
  8
BASEMETAL
 10
2261.471701781564
 20
17331.761371846755
 30
0.0
  0
VERTEX
  8
BASEMETAL
 10
2258.2360530263613
 20
17321.803068940786
 30
0.0
  0
VERTEX
  8
BASEMETAL
 10
2255.5260159204645
 20
17311.68907277118
 30
0.0
  0
VERTEX
  8
BASEMETAL
 10
2253.349018487209
 20
17301.44710509843
 30
0.0
  0
VERTEX
  8
BASEMETAL
 10
2251.7110277252377
 20
17291.10523844401
 30
0.0
  0
VERTEX
  8
BASEMETAL
 10
2250.6165332533747
 20
17280.69181914557
 30
0.0
  0
VERTEX
  8
BASEMETAL
 10
2250.0685350048884
 20
17270.235389661575
 30
0.0
  0
VERTEX
  8
BASEMETAL
 10
2250.0
 20
17265.0
 30
0.0
  0
VERTEX
  8
BASEMETAL
 10
2180.0
 20
17265.0
 30
0.0
  0
VERTEX
  8
BASEMETAL
 10
2180.0925222565993
 20
17272.067776043124
 30
0.0
  0
VERTEX
  8
BASEMETAL
 10
2180.8323198920552
 20
17286.183955846518
 30
0.0
  0
VERTEX
  8
BASEMETAL
 10
2182.3098874290713
 20
17300.242071899414
 30
0.0
  0
VERTEX
  8
BASEMETAL
 10
2184.521174957732
 20
17314.20359188288
 30
0.0
  0
VERTEX
  8
BASEMETAL
 10
2187.4601214926274
 20
17328.030248241095
 30
0.0
  0
VERTEX
  8
BASEMETAL
 10
2191.118671585588
 20
17341.68414307006
 30
0.0
  0
VERTEX
  8
BASEMETAL
 10
2195.4867974051117
 20
17355.12785199312
 30
0.0
  0
VERTEX
  8
BASEMETAL
 10
2200.5525262219526
 20
17368.324526738576
 30
0.0
  0
VERTEX
  8
BASEMETAL
 10
2206.3019732255375
 20
17381.23799613824
 30
0.0
  0
VERTEX
  8
BASEMETAL
 10
2212.7193795812695
 20
17393.832865270095
 30
0.0
  0
VERTEX
  8
BASEMETAL
 10
2219.787155624395
 20
17406.074612473305
 30
0.0
  0
VERTEX
  8
BASEMETAL
 10
2227.4859290720556
 20
17417.929683969705
 30
0.0
  0
VERTEX
  8
BASEMETAL
 10
2235.7945981213666
 20
17429.365585832355
 30
0.0
  0
VERTEX
  8
BASEMETAL
 10
2244.690389287992
 20
17440.35097304915
 30
0.0
  0
VERTEX
  8
BASEMETAL
 10
2254.1489198266822
 20
17450.855735437315
 30
0.0
  0
VERTEX
  8
BASEMETAL
 10
2264.144264562686
 20
17460.851080173317
 30
0.0
  0
VERTEX
  8
BASEMETAL
 10
2274.6490269508504
 20
17470.309610712007
 30
0.0
  0
VERTEX
  8
BASEMETAL
 10
2285.6344141676454
 20
17479.205401878633
 30
0.0
  0
VERTEX
  8
BASEMETAL
 10
2297.070316030295
 20
17487.514070927944
 30
0.0
  0
VERTEX
  8
BASEMETAL
 10
2308.9253875266936
 20
17495.212844375605
 30
0.0
  0
VERTEX
  8
BASEMETAL
 10
2321.1671347299057
 20
17502.28062041873
 30
0.0
  0
VERTEX
  8
BASEMETAL
 10
2333.76200386176
 20
17508.698026774462
 30
0.0
  0
VERTEX
  8
BASEMETAL
 10
2346.675473261426
 20
17514.447473778047
 30
0.0
  0
VERTEX
  8
BASEMETAL
 10
2359.8721480068816
 20
17519.513202594888
 30
0.0
  0
VERTEX
  8
BASEMETAL
 10
2373.3158569299408
 20
17523.881328414413
 30
0.0
  0
VERTEX
  8
BASEMETAL
 10
2386.9697517589057
 20
17527.539878507374
 30
0.0
  0
VERTEX
  8
BASEMETAL
 10
2400.7964081171203
 20
17530.478825042268
 30
0.0
  0
VERTEX
  8
BASEMETAL
 10
2414.757928100586
 20
17532.69011257093
 30
0.0
  0
VERTEX
  8
BASEMETAL
 10
2428.816044153482
 20
17534.167680107945
 30
0.0
  0
VERTEX
  8
BASEMETAL
 10
2442.932223956874
 20
17534.9074777434
 30
0.0
  0
VERTEX
  8
BASEMETAL
 10
2450.0
 20
17535.0
 30
0.0
  0
SEQEND
  0
SOLID
 62
256
  8
BASEMETAL
 10
2450.0
 20
17465.0
 30
0.0
 11
2444.7646103384254
 21
17464.931464995112
 31
0.0
 13
2442.932223956874
 23
17534.9074777434
 33
0.0
 12
2450.0
 22
17535.0
 32
0.0
  0
SOLID
 62
256
  8
BASEMETAL
 10
2444.7646103384254
 20
17464.931464995112
 30
0.0
 11
2434.308180854431
 21
17464.383466746625
 31
0.0
 13
2428.816044153482
 23
17534.167680107945
 33
0.0
 12
2442.932223956874
 22
17534.9074777434
 32
0.0
  0
SOLID
 62
256
  8
BASEMETAL
 10
2434.308180854431
 20
17464.383466746625
 30
0.0
 11
2423.8947615559896
 21
17463.28897227476
 31
0.0
 13
2414.757928100586
 23
17532.69011257093
 33
0.0
 12
2428.816044153482
 22
17534.167680107945
 32
0.0
  0
SOLID
 62
256
  8
BASEMETAL
 10
2423.8947615559896
 20
17463.28897227476
 30
0.0
 11
2413.5528949015707
 21
17461.65098151279
 31
0.0
 13
2400.7964081171203
 23
17530.478825042268
 33
0.0
 12
2414.757928100586
 22
17532.69011257093
 32
0.0
  0
SOLID
 62
256
  8
BASEMETAL
 10
2413.5528949015707
 20
17461.65098151279
 30
0.0
 11
2403.310927228819
 21
17459.473984079534
 31
0.0
 13
2386.9697517589057
 23
17527.539878507374
 33
0.0
 12
2400.7964081171203
 22
17530.478825042268
 32
0.0
  0
SOLID
 62
256
  8
BASEMETAL
 10
2403.310927228819
 20
17459.473984079534
 30
0.0
 11
2393.1969310592153
 21
17456.76394697364
 31
0.0
 13
2373.3158569299408
 23
17523.881328414413
 33
0.0
 12
2386.9697517589057
 22
17527.539878507374
 32
0.0
  0
SOLID
 62
256
  8
BASEMETAL
 10
2393.1969310592153
 20
17456.76394697364
 30
0.0
 11
2383.238628153246
 21
17453.528298218436
 31
0.0
 13
2359.8721480068816
 23
17519.513202594888
 33
0.0
 12
2373.3158569299408
 22
17523.881328414413
 32
0.0
  0
SOLID
 62
256
  8
BASEMETAL
 10
2383.238628153246
 20
17453.528298218436
 30
0.0
 11
2373.463313526982
 21
17449.77590650226
 31
0.0
 13
2346.675473261426
 23
17514.447473778047
 33
0.0
 12
2359.8721480068816
 22
17519.513202594888
 32
0.0
  0
SOLID
 62
256
  8
BASEMETAL
 10
2373.463313526982
 20
17449.77590650226
 30
0.0
 11
2363.897780638341
 21
17445.517056869972
 31
0.0
 13
2333.76200386176
 23
17508.698026774462
 33
0.0
 12
2346.675473261426
 22
17514.447473778047
 32
0.0
  0
SOLID
 62
256
  8
BASEMETAL
 10
2363.897780638341
 20
17445.517056869972
 30
0.0
 11
2354.5682479480784
 21
17440.763422532393
 31
0.0
 13
2321.1671347299057
 23
17502.28062041873
 33
0.0
 12
2333.76200386176
 22
17508.698026774462
 32
0.0
  0
SOLID
 62
256
  8
BASEMETAL
 10
2354.5682479480784
 20
17440.763422532393
 30
0.0
 11
2345.50028705681
 21
17435.528032870818
 31
0.0
 13
2308.9253875266936
 23
17495.212844375605
 33
0.0
 12
2321.1671347299057
 22
17502.28062041873
 32
0.0
  0
SOLID
 62
256
  8
BASEMETAL
 10
2345.50028705681
 20
17435.528032870818
 30
0.0
 11
2336.7187526150333
 21
17429.825237724403
 31
0.0
 13
2297.070316030295
 23
17487.514070927944
 33
0.0
 12
2308.9253875266936
 22
17495.212844375605
 32
0.0
  0
SOLID
 62
256
  8
BASEMETAL
 10
2336.7187526150333
 20
17429.825237724403
 30
0.0
 11
2328.247714198256
 21
17423.670668058247
 31
0.0
 13
2285.6344141676454
 23
17479.205401878633
 33
0.0
 12
2297.070316030295
 22
17487.514070927944
 32
0.0
  0
SOLID
 62
256
  8
BASEMETAL
 10
2328.247714198256
 20
17423.670668058247
 30
0.0
 11
2320.110390333963
 21
17417.081193120008
 31
0.0
 13
2274.6490269508504
 23
17470.309610712007
 33
0.0
 12
2285.6344141676454
 22
17479.205401878633
 32
0.0
  0
SOLID
 62
256
  8
BASEMETAL
 10
2320.110390333963
 20
17417.081193120008
 30
0.0
 11
2312.329084861249
 21
17410.07487420246
 31
0.0
 13
2264.144264562686
 23
17460.851080173317
 33
0.0
 12
2274.6490269508504
 22
17470.309610712007
 32
0.0
  0
SOLID
 62
256
  8
BASEMETAL
 10
2312.329084861249
 20
17410.07487420246
 30
0.0
 11
2304.9251257975425
 21
17402.67091513875
 31
0.0
 13
2254.1489198266822
 23
17450.855735437315
 33
0.0
 12
2264.144264562686
 22
17460.851080173317
 32
0.0
  0
SOLID
 62
256
  8
BASEMETAL
 10
2304.9251257975425
 20
17402.67091513875
 30
0.0
 11
2297.918806879994
 21
17394.889609666036
 31
0.0
 13
2244.690389287992
 23
17440.35097304915
 33
0.0
 12
2254.1489198266822
 22
17450.855735437315
 32
0.0
  0
SOLID
 62
256
  8
BASEMETAL
 10
2297.918806879994
 20
17394.889609666036
 30
0.0
 11
2291.329331941753
 21
17386.752285801744
 31
0.0
 13
2235.7945981213666
 23
17429.365585832355
 33
0.0
 12
2244.690389287992
 22
17440.35097304915
 32
0.0
  0
SOLID
 62
256
  8
BASEMETAL
 10
2291.329331941753
 20
17386.752285801744
 30
0.0
 11
2285.174762275597
 21
17378.281247384966
 31
0.0
 13
2227.4859290720556
 23
17417.929683969705
 33
0.0
 12
2235.7945981213666
 22
17429.365585832355
 32
0.0
  0
SOLID
 62
256
  8
BASEMETAL
 10
2285.174762275597
 20
17378.281247384966
 30
0.0
 11
2279.4719671291814
 21
17369.49971294319
 31
0.0
 13
2219.787155624395
 23
17406.074612473305
 33
0.0
 12
2227.4859290720556
 22
17417.929683969705
 32
0.0
  0
SOLID
 62
256
  8
BASEMETAL
 10
2279.4719671291814
 20
17369.49971294319
 30
0.0
 11
2274.236577467607
 21
17360.43175205192
 31
0.0
 13
2212.7193795812695
 23
17393.832865270095
 33
0.0
 12
2219.787155624395
 22
17406.074612473305
 32
0.0
  0
SOLID
 62
256
  8
BASEMETAL
 10
2274.236577467607
 20
17360.43175205192
 30
0.0
 11
2269.4829431300277
 21
17351.10221936166
 31
0.0
 13
2206.3019732255375
 23
17381.23799613824
 33
0.0
 12
2212.7193795812695
 22
17393.832865270095
 32
0.0
  0
SOLID
 62
256
  8
BASEMETAL
 10
2269.4829431300277
 20
17351.10221936166
 30
0.0
 11
2265.2240934977426
 21
17341.536686473017
 31
0.0
 13
2200.5525262219526
 23
17368.324526738576
 33
0.0
 12
2206.3019732255375
 22
17381.23799613824
 32
0.0
  0
SOLID
 62
256
  8
BASEMETAL
 10
2265.2240934977426
 20
17341.536686473017
 30
0.0
 11
2261.471701781564
 21
17331.761371846755
 31
0.0
 13
2195.4867974051117
 23
17355.12785199312
 33
0.0
 12
2200.5525262219526
 22
17368.324526738576
 32
0.0
  0
SOLID
 62
256
  8
BASEMETAL
 10
2261.471701781564
 20
17331.761371846755
 30
0.0
 11
2258.2360530263613
 21
17321.803068940786
 31
0.0
 13
2191.118671585588
 23
17341.68414307006
 33
0.0
 12
2195.4867974051117
 22
17355.12785199312
 32
0.0
  0
SOLID
 62
256
  8
BASEMETAL
 10
2258.2360530263613
 20
17321.803068940786
 30
0.0
 11
2255.5260159204645
 21
17311.68907277118
 31
0.0
 13
2187.4601214926274
 23
17328.030248241095
 33
0.0
 12
2191.118671585588
 22
17341.68414307006
 32
0.0
  0
SOLID
 62
256
  8
BASEMETAL
 10
2255.5260159204645
 20
17311.68907277118
 30
0.0
 11
2253.349018487209
 21
17301.44710509843
 31
0.0
 13
2184.521174957732
 23
17314.20359188288
 33
0.0
 12
2187.4601214926274
 22
17328.030248241095
 32
0.0
  0
SOLID
 62
256
  8
BASEMETAL
 10
2253.349018487209
 20
17301.44710509843
 30
0.0
 11
2251.7110277252377
 21
17291.10523844401
 31
0.0
 13
2182.3098874290713
 23
17300.242071899414
 33
0.0
 12
2184.521174957732
 22
17314.20359188288
 32
0.0
  0
SOLID
 62
256
  8
BASEMETAL
 10
2251.7110277252377
 20
17291.10523844401
 30
0.0
 11
2250.6165332533747
 21
17280.69181914557
 31
0.0
 13
2180.8323198920552
 23
17286.183955846518
 33
0.0
 12
2182.3098874290713
 22
17300.242071899414
 32
0.0
  0
SOLID
 62
256
  8
BASEMETAL
 10
2250.6165332533747
 20
17280.69181914557
 30
0.0
 11
2250.0685350048884
 21
17270.235389661575
 31
0.0
 13
2180.0925222565993
 23
17272.067776043124
 33
0.0
 12
2180.8323198920552
 22
17286.183955846518
 32
0.0
  0
SOLID
 62
256
  8
BASEMETAL
 10
2250.0685350048884
 20
17270.235389661575
 30
0.0
 11
2250.0
 21
17265.0
 31
0.0
 13
2180.0
 23
17265.0
 33
0.0
 12
2180.0925222565993
 22
17272.067776043124
 32
0.0
  0
POLYLINE
 62
256
  8
BASEMETAL
 66
1
 10
0.0
 20
0.0
 30
0.0
 70
1
  0
VERTEX
  8
BASEMETAL
 10
2180.0
 20
17265.0
 30
0.0
  0
VERTEX
  8
BASEMETAL
 10
2180.0
 20
14629.044379818879
 30
0.0
  0
VERTEX
  8
BASEMETAL
 10
2250.0
 20
14629.044379818879
 30
0.0
  0
VERTEX
  8
BASEMETAL
 10
2250.0
 20
17265.0
 30
0.0
  0
SEQEND
  0
SOLID
 62
256
  8
BASEMETAL
 10
2180.0
 20
17265.0
 30
0.0
 11
2180.0
 21
14629.044379818879
 31
0.0
 13
2250.0
 23
14629.044379818879
 33
0.0
 12
2250.0
 22
17265.0
 32
0.0
  0
POLYLINE
 62
256
  8
BASEMETAL
 66
1
 10
0.0
 20
0.0
 30
0.0
 70
1
  0
VERTEX
  8
BASEMETAL
 10
2180.0
 20
14629.044379818879
 30
0.0
  0
VERTEX
  8
BASEMETAL
 10
2179.9314649951116
 20
14623.808990157304
 30
0.0
  0
VERTEX
  8
BASEMETAL
 10
2179.383466746626
 20
14613.35256067331
 30
0.0
  0
VERTEX
  8
BASEMETAL
 10
2178.2889722747623
 20
14602.939141374869
 30
0.0
  0
VERTEX
  8
BASEMETAL
 10
2176.650981512791
 20
14592.597274720449
 30
0.0
  0
VERTEX
  8
BASEMETAL
 10
2174.4739840795355
 20
14582.355307047697
 30
0.0
  0
VERTEX
  8
BASEMETAL
 10
2171.7639469736387
 20
14572.241310878095
 30
0.0
  0
VERTEX
  8
BASEMETAL
 10
2168.528298218436
 20
14562.283007972124
 30
0.0
  0
VERTEX
  8
BASEMETAL
 10
2164.7759065022574
 20
14552.50769334586
 30
0.0
  0
VERTEX
  8
BASEMETAL
 10
2160.5170568699723
 20
14542.94216045722
 30
0.0
  0
VERTEX
  8
BASEMETAL
 10
2155.763422532393
 20
14533.612627766957
 30
0.0
  0
VERTEX
  8
BASEMETAL
 10
2150.5280328708186
 20
14524.544666875689
 30
0.0
  0
VERTEX
  8
BASEMETAL
 10
2144.825237724403
 20
14515.763132433913
 30
0.0
  0
VERTEX
  8
BASEMETAL
 10
2138.670668058247
 20
14507.292094017135
 30
0.0
  0
VERTEX
  8
BASEMETAL
 10
2132.081193120006
 20
14499.154770152842
 30
0.0
  0
VERTEX
  8
BASEMETAL
 10
2125.0748742024575
 20
14491.373464680128
 30
0.0
  0
VERTEX
  8
BASEMETAL
 10
2117.670915138751
 20
14483.969505616422
 30
0.0
  0
VERTEX
  8
BASEMETAL
 10
2109.889609666037
 20
14476.963186698873
 30
0.0
  0
VERTEX
  8
BASEMETAL
 10
2101.752285801744
 20
14470.373711760632
 30
0.0
  0
VERTEX
  8
BASEMETAL
 10
2093.2812473849667
 20
14464.219142094476
 30
0.0
  0
VERTEX
  8
BASEMETAL
 10
2084.49971294319
 20
14458.516346948061
 30
0.0
  0
VERTEX
  8
BASEMETAL
 10
2075.4317520519216
 20
14453.280957286486
 30
0.0
  0
VERTEX
  8
BASEMETAL
 10
2066.102219361659
 20
14448.527322948907
 30
0.0
  0
VERTEX
  8
BASEMETAL
 10
2056.536686473018
 20
14444.268473316622
 30
0.0
  0
VERTEX
  8
BASEMETAL
 10
2046.7613718467542
 20
14440.516081600443
 30
0.0
  0
VERTEX
  8
BASEMETAL
 10
2036.8030689407847
 20
14437.28043284524
 30
0.0
  0
VERTEX
  8
BASEMETAL
 10
2026.6890727711811
 20
14434.570395739343
 30
0.0
  0
VERTEX
  8
BASEMETAL
 10
2016.4471050984296
 20
14432.393398306089
 30
0.0
  0
VERTEX
  8
BASEMETAL
 10
2006.1052384440104
 20
14430.755407544117
 30
0.0
  0
VERTEX
  8
BASEMETAL
 10
1995.691819145569
 20
14429.660913072254
 30
0.0
  0
VERTEX
  8
BASEMETAL
 10
1985.2353896615746
 20
14429.112914823767
 30
0.0
  0
VERTEX
  8
BASEMETAL
 10
1974.7646103384254
 20
14429.112914823767
 30
0.0
  0
VERTEX
  8
BASEMETAL
 10
1964.308180854431
 20
14429.660913072254
 30
0.0
  0
VERTEX
  8
BASEMETAL
 10
1953.8947615559896
 20
14430.755407544117
 30
0.0
  0
VERTEX
  8
BASEMETAL
 10
1943.5528949015707
 20
14432.393398306089
 30
0.0
  0
VERTEX
  8
BASEMETAL
 10
1933.3109272288189
 20
14434.570395739343
 30
0.0
  0
VERTEX
  8
BASEMETAL
 10
1923.1969310592156
 20
14437.28043284524
 30
0.0
  0
VERTEX
  8
BASEMETAL
 10
1913.2386281532458
 20
14440.516081600443
 30
0.0
  0
VERTEX
  8
BASEMETAL
 10
1903.4633135269821
 20
14444.26847331662
 30
0.0
  0
VERTEX
  8
BASEMETAL
 10
1893.897780638341
 20
14448.527322948907
 30
0.0
  0
VERTEX
  8
BASEMETAL
 10
1884.5682479480784
 20
14453.280957286486
 30
0.0
  0
VERTEX
  8
BASEMETAL
 10
1875.5002870568103
 20
14458.516346948061
 30
0.0
  0
VERTEX
  8
BASEMETAL
 10
1866.7187526150335
 20
14464.219142094476
 30
0.0
  0
VERTEX
  8
BASEMETAL
 10
1858.2477141982558
 20
14470.373711760632
 30
0.0
  0
VERTEX
  8
BASEMETAL
 10
1850.1103903339633
 20
14476.963186698873
 30
0.0
  0
VERTEX
  8
BASEMETAL
 10
1842.3290848612492
 20
14483.969505616422
 30
0.0
  0
VERTEX
  8
BASEMETAL
 10
1834.9251257975425
 20
14491.373464680128
 30
0.0
  0
VERTEX
  8
BASEMETAL
 10
1827.9188068799938
 20
14499.154770152842
 30
0.0
  0
VERTEX
  8
BASEMETAL
 10
1821.329331941753
 20
14507.292094017135
 30
0.0
  0
VERTEX
  8
BASEMETAL
 10
1815.174762275597
 20
14515.763132433913
 30
0.0
  0
VERTEX
  8
BASEMETAL
 10
1809.4719671291816
 20
14524.544666875689
 30
0.0
  0
VERTEX
  8
BASEMETAL
 10
1804.2365774676068
 20
14533.612627766957
 30
0.0
  0
VERTEX
  8
BASEMETAL
 10
1799.482943130028
 20
14542.94216045722
 30
0.0
  0
VERTEX
  8
BASEMETAL
 10
1795.2240934977426
 20
14552.50769334586
 30
0.0
  0
VERTEX
  8
BASEMETAL
 10
1791.4717017815642
 20
14562.283007972124
 30
0.0
  0
VERTEX
  8
BASEMETAL
 10
1788.2360530263613
 20
14572.241310878095
 30
0.0
  0
VERTEX
  8
BASEMETAL
 10
1785.5260159204647
 20
14582.355307047697
 30
0.0
  0
VERTEX
  8
BASEMETAL
 10
1783.3490184872092
 20
14592.597274720449
 30
0.0
  0
VERTEX
  8
BASEMETAL
 10
1781.711027725238
 20
14602.939141374869
 30
0.0
  0
VERTEX
  8
BASEMETAL
 10
1780.6165332533744
 20
14613.35256067331
 30
0.0
  0
VERTEX
  8
BASEMETAL
 10
1780.0685350048884
 20
14623.808990157304
 30
0.0
  0
VERTEX
  8
BASEMETAL
 10
1780.0
 20
14629.044379818879
 30
0.0
  0
VERTEX
  8
BASEMETAL
 10
1710.0
 20
14629.044379818879
 30
0.0
  0
VERTEX
  8
BASEMETAL
 10
1710.0925222565995
 20
14621.976603775753
 30
0.0
  0
VERTEX
  8
BASEMETAL
 10
1710.8323198920555
 20
14607.86042397236
 30
0.0
  0
VERTEX
  8
BASEMETAL
 10
1712.3098874290713
 20
14593.802307919465
 30
0.0
  0
VERTEX
  8
BASEMETAL
 10
1714.5211749577322
 20
14579.840787935998
 30
0.0
  0
VERTEX
  8
BASEMETAL
 10
1717.4601214926274
 20
14566.014131577784
 30
0.0
  0
VERTEX
  8
BASEMETAL
 10
1721.118671585588
 20
14552.36023674882
 30
0.0
  0
VERTEX
  8
BASEMETAL
 10
1725.4867974051117
 20
14538.91652782576
 30
0.0
  0
VERTEX
  8
BASEMETAL
 10
1730.5525262219526
 20
14525.719853080305
 30
0.0
  0
VERTEX
  8
BASEMETAL
 10
1736.3019732255375
 20
14512.80638368064
 30
0.0
  0
VERTEX
  8
BASEMETAL
 10
1742.7193795812693
 20
14500.211514548784
 30
0.0
  0
VERTEX
  8
BASEMETAL
 10
1749.7871556243952
 20
14487.969767345572
 30
0.0
  0
VERTEX
  8
BASEMETAL
 10
1757.4859290720558
 20
14476.114695849174
 30
0.0
  0
VERTEX
  8
BASEMETAL
 10
1765.7945981213666
 20
14464.678793986524
 30
0.0
  0
VERTEX
  8
BASEMETAL
 10
1774.6903892879916
 20
14453.69340676973
 30
0.0
  0
VERTEX
  8
BASEMETAL
 10
1784.1489198266822
 20
14443.188644381566
 30
0.0
  0
VERTEX
  8
BASEMETAL
 10
1794.1442645626864
 20
14433.193299645562
 30
0.0
  0
VERTEX
  8
BASEMETAL
 10
1804.6490269508504
 20
14423.73476910687
 30
0.0
  0
VERTEX
  8
BASEMETAL
 10
1815.6344141676454
 20
14414.838977940246
 30
0.0
  0
VERTEX
  8
BASEMETAL
 10
1827.070316030295
 20
14406.530308890935
 30
0.0
  0
VERTEX
  8
BASEMETAL
 10
1838.9253875266938
 20
14398.831535443274
 30
0.0
  0
VERTEX
  8
BASEMETAL
 10
1851.1671347299057
 20
14391.763759400148
 30
0.0
  0
VERTEX
  8
BASEMETAL
 10
1863.7620038617604
 20
14385.346353044417
 30
0.0
  0
VERTEX
  8
BASEMETAL
 10
1876.6754732614259
 20
14379.596906040832
 30
0.0
  0
VERTEX
  8
BASEMETAL
 10
1889.8721480068818
 20
14374.531177223991
 30
0.0
  0
VERTEX
  8
BASEMETAL
 10
1903.3158569299408
 20
14370.163051404466
 30
0.0
  0
VERTEX
  8
BASEMETAL
 10
1916.9697517589057
 20
14366.504501311507
 30
0.0
  0
VERTEX
  8
BASEMETAL
 10
1930.79640811712
 20
14363.565554776611
 30
0.0
  0
VERTEX
  8
BASEMETAL
 10
1944.757928100586
 20
14361.35426724795
 30
0.0
  0
VERTEX
  8
BASEMETAL
 10
1958.816044153482
 20
14359.876699710934
 30
0.0
  0
VERTEX
  8
BASEMETAL
 10
1972.9322239568742
 20
14359.13690207548
 30
0.0
  0
VERTEX
  8
BASEMETAL
 10
1987.0677760431258
 20
14359.13690207548
 30
0.0
  0
VERTEX
  8
BASEMETAL
 10
2001.183955846518
 20
14359.876699710934
 30
0.0
  0
VERTEX
  8
BASEMETAL
 10
2015.242071899414
 20
14361.35426724795
 30
0.0
  0
VERTEX
  8
BASEMETAL
 10
2029.20359188288
 20
14363.565554776611
 30
0.0
  0
VERTEX
  8
BASEMETAL
 10
2043.0302482410946
 20
14366.504501311507
 30
0.0
  0
VERTEX
  8
BASEMETAL
 10
2056.6841430700592
 20
14370.163051404466
 30
0.0
  0
VERTEX
  8
BASEMETAL
 10
2070.1278519931184
 20
14374.531177223991
 30
0.0
  0
VERTEX
  8
BASEMETAL
 10
2083.324526738574
 20
14379.596906040832
 30
0.0
  0
VERTEX
  8
BASEMETAL
 10
2096.23799613824
 20
14385.346353044417
 30
0.0
  0
VERTEX
  8
BASEMETAL
 10
2108.8328652700943
 20
14391.763759400148
 30
0.0
  0
VERTEX
  8
BASEMETAL
 10
2121.0746124733064
 20
14398.831535443274
 30
0.0
  0
VERTEX
  8
BASEMETAL
 10
2132.929683969705
 20
14406.530308890935
 30
0.0
  0
VERTEX
  8
BASEMETAL
 10
2144.3655858323546
 20
14414.838977940246
 30
0.0
  0
VERTEX
  8
BASEMETAL
 10
2155.3509730491496
 20
14423.73476910687
 30
0.0
  0
VERTEX
  8
BASEMETAL
 10
2165.855735437314
 20
14433.193299645562
 30
0.0
  0
VERTEX
  8
BASEMETAL
 10
2175.8510801733178
 20
14443.188644381566
 30
0.0
  0
VERTEX
  8
BASEMETAL
 10
2185.309610712008
 20
14453.69340676973
 30
0.0
  0
VERTEX
  8
BASEMETAL
 10
2194.2054018786334
 20
14464.678793986524
 30
0.0
  0
VERTEX
  8
BASEMETAL
 10
2202.514070927944
 20
14476.114695849174
 30
0.0
  0
VERTEX
  8
BASEMETAL
 10
2210.212844375605
 20
14487.969767345572
 30
0.0
  0
VERTEX
  8
BASEMETAL
 10
2217.2806204187305
 20
14500.211514548784
 30
0.0
  0
VERTEX
  8
BASEMETAL
 10
2223.6980267744625
 20
14512.80638368064
 30
0.0
  0
VERTEX
  8
BASEMETAL
 10
2229.4474737780474
 20
14525.719853080305
 30
0.0
  0
VERTEX
  8
BASEMETAL
 10
2234.5132025948883
 20
14538.91652782576
 30
0.0
  0
VERTEX
  8
BASEMETAL
 10
2238.881328414412
 20
14552.36023674882
 30
0.0
  0
VERTEX
  8
BASEMETAL
 10
2242.5398785073726
 20
14566.014131577784
 30
0.0
  0
VERTEX
  8
BASEMETAL
 10
2245.4788250422675
 20
14579.840787935998
 30
0.0
  0
VERTEX
  8
BASEMETAL
 10
2247.6901125709287
 20
14593.802307919465
 30
0.0
  0
VERTEX
  8
BASEMETAL
 10
2249.1676801079448
 20
14607.86042397236
 30
0.0
  0
VERTEX
  8
BASEMETAL
 10
2249.9074777434007
 20
14621.976603775753
 30
0.0
  0
VERTEX
  8
BASEMETAL
 10
2250.0
 20
14629.044379818879
 30
0.0
  0
SEQEND
  0
SOLID
 62
256
  8
BASEMETAL
 10
2180.0
 20
14629.044379818879
 30
0.0
 11
2179.9314649951116
 21
14623.808990157304
 31
0.0
 13
2249.9074777434007
 23
14621.976603775753
 33
0.0
 12
2250.0
 22
14629.044379818879
 32
0.0
  0
SOLID
 62
256
  8
BASEMETAL
 10
2179.9314649951116
 20
14623.808990157304
 30
0.0
 11
2179.383466746626
 21
14613.35256067331
 31
0.0
 13
2249.1676801079448
 23
14607.86042397236
 33
0.0
 12
2249.9074777434007
 22
14621.976603775753
 32
0.0
  0
SOLID
 62
256
  8
BASEMETAL
 10
2179.383466746626
 20
14613.35256067331
 30
0.0
 11
2178.2889722747623
 21
14602.939141374869
 31
0.0
 13
2247.6901125709287
 23
14593.802307919465
 33
0.0
 12
2249.1676801079448
 22
14607.86042397236
 32
0.0
  0
SOLID
 62
256
  8
BASEMETAL
 10
2178.2889722747623
 20
14602.939141374869
 30
0.0
 11
2176.650981512791
 21
14592.597274720449
 31
0.0
 13
2245.4788250422675
 23
14579.840787935998
 33
0.0
 12
2247.6901125709287
 22
14593.802307919465
 32
0.0
  0
SOLID
 62
256
  8
BASEMETAL
 10
2176.650981512791
 20
14592.597274720449
 30
0.0
 11
2174.4739840795355
 21
14582.355307047697
 31
0.0
 13
2242.5398785073726
 23
14566.014131577784
 33
0.0
 12
2245.4788250422675
 22
14579.840787935998
 32
0.0
  0
SOLID
 62
256
  8
BASEMETAL
 10
2174.4739840795355
 20
14582.355307047697
 30
0.0
 11
2171.7639469736387
 21
14572.241310878095
 31
0.0
 13
2238.881328414412
 23
14552.36023674882
 33
0.0
 12
2242.5398785073726
 22
14566.014131577784
 32
0.0
  0
SOLID
 62
256
  8
BASEMETAL
 10
2171.7639469736387
 20
14572.241310878095
 30
0.0
 11
2168.528298218436
 21
14562.283007972124
 31
0.0
 13
2234.5132025948883
 23
14538.91652782576
 33
0.0
 12
2238.881328414412
 22
14552.36023674882
 32
0.0
  0
SOLID
 62
256
  8
BASEMETAL
 10
2168.528298218436
 20
14562.283007972124
 30
0.0
 11
2164.7759065022574
 21
14552.50769334586
 31
0.0
 13
2229.4474737780474
 23
14525.719853080305
 33
0.0
 12
2234.5132025948883
 22
14538.91652782576
 32
0.0
  0
SOLID
 62
256
  8
BASEMETAL
 10
2164.7759065022574
 20
14552.50769334586
 30
0.0
 11
2160.5170568699723
 21
14542.94216045722
 31
0.0
 13
2223.6980267744625
 23
14512.80638368064
 33
0.0
 12
2229.4474737780474
 22
14525.719853080305
 32
0.0
  0
SOLID
 62
256
  8
BASEMETAL
 10
2160.5170568699723
 20
14542.94216045722
 30
0.0
 11
2155.763422532393
 21
14533.612627766957
 31
0.0
 13
2217.2806204187305
 23
14500.211514548784
 33
0.0
 12
2223.6980267744625
 22
14512.80638368064
 32
0.0
  0
SOLID
 62
256
  8
BASEMETAL
 10
2155.763422532393
 20
14533.612627766957
 30
0.0
 11
2150.5280328708186
 21
14524.544666875689
 31
0.0
 13
2210.212844375605
 23
14487.969767345572
 33
0.0
 12
2217.2806204187305
 22
14500.211514548784
 32
0.0
  0
SOLID
 62
256
  8
BASEMETAL
 10
2150.5280328708186
 20
14524.544666875689
 30
0.0
 11
2144.825237724403
 21
14515.763132433913
 31
0.0
 13
2202.514070927944
 23
14476.114695849174
 33
0.0
 12
2210.212844375605
 22
14487.969767345572
 32
0.0
  0
SOLID
 62
256
  8
BASEMETAL
 10
2144.825237724403
 20
14515.763132433913
 30
0.0
 11
2138.670668058247
 21
14507.292094017135
 31
0.0
 13
2194.2054018786334
 23
14464.678793986524
 33
0.0
 12
2202.514070927944
 22
14476.114695849174
 32
0.0
  0
SOLID
 62
256
  8
BASEMETAL
 10
2138.670668058247
 20
14507.292094017135
 30
0.0
 11
2132.081193120006
 21
14499.154770152842
 31
0.0
 13
2185.309610712008
 23
14453.69340676973
 33
0.0
 12
2194.2054018786334
 22
14464.678793986524
 32
0.0
  0
SOLID
 62
256
  8
BASEMETAL
 10
2132.081193120006
 20
14499.154770152842
 30
0.0
 11
2125.0748742024575
 21
14491.373464680128
 31
0.0
 13
2175.8510801733178
 23
14443.188644381566
 33
0.0
 12
2185.309610712008
 22
14453.69340676973
 32
0.0
  0
SOLID
 62
256
  8
BASEMETAL
 10
2125.0748742024575
 20
14491.373464680128
 30
0.0
 11
2117.670915138751
 21
14483.969505616422
 31
0.0
 13
2165.855735437314
 23
14433.193299645562
 33
0.0
 12
2175.8510801733178
 22
14443.188644381566
 32
0.0
  0
SOLID
 62
256
  8
BASEMETAL
 10
2117.670915138751
 20
14483.969505616422
 30
0.0
 11
2109.889609666037
 21
14476.963186698873
 31
0.0
 13
2155.3509730491496
 23
14423.73476910687
 33
0.0
 12
2165.855735437314
 22
14433.193299645562
 32
0.0
  0
SOLID
 62
256
  8
BASEMETAL
 10
2109.889609666037
 20
14476.963186698873
 30
0.0
 11
2101.752285801744
 21
14470.373711760632
 31
0.0
 13
2144.3655858323546
 23
14414.838977940246
 33
0.0
 12
2155.3509730491496
 22
14423.73476910687
 32
0.0
  0
SOLID
 62
256
  8
BASEMETAL
 10
2101.752285801744
 20
14470.373711760632
 30
0.0
 11
2093.2812473849667
 21
14464.219142094476
 31
0.0
 13
2132.929683969705
 23
14406.530308890935
 33
0.0
 12
2144.3655858323546
 22
14414.838977940246
 32
0.0
  0
SOLID
 62
256
  8
BASEMETAL
 10
2093.2812473849667
 20
14464.219142094476
 30
0.0
 11
2084.49971294319
 21
14458.516346948061
 31
0.0
 13
2121.0746124733064
 23
14398.831535443274
 33
0.0
 12
2132.929683969705
 22
14406.530308890935
 32
0.0
  0
SOLID
 62
256
  8
BASEMETAL
 10
2084.49971294319
 20
14458.516346948061
 30
0.0
 11
2075.4317520519216
 21
14453.280957286486
 31
0.0
 13
2108.8328652700943
 23
14391.763759400148
 33
0.0
 12
2121.0746124733064
 22
14398.831535443274
 32
0.0
  0
SOLID
 62
256
  8
BASEMETAL
 10
2075.4317520519216
 20
14453.280957286486
 30
0.0
 11
2066.102219361659
 21
14448.527322948907
 31
0.0
 13
2096.23799613824
 23
14385.346353044417
 33
0.0
 12
2108.8328652700943
 22
14391.763759400148
 32
0.0
  0
SOLID
 62
256
  8
BASEMETAL
 10
2066.102219361659
 20
14448.527322948907
 30
0.0
 11
2056.536686473018
 21
14444.268473316622
 31
0.0
 13
2083.324526738574
 23
14379.596906040832
 33
0.0
 12
2096.23799613824
 22
14385.346353044417
 32
0.0
  0
SOLID
 62
256
  8
BASEMETAL
 10
2056.536686473018
 20
14444.268473316622
 30
0.0
 11
2046.7613718467542
 21
14440.516081600443
 31
0.0
 13
2070.1278519931184
 23
14374.531177223991
 33
0.0
 12
2083.324526738574
 22
14379.596906040832
 32
0.0
  0
SOLID
 62
256
  8
BASEMETAL
 10
2046.7613718467542
 20
14440.516081600443
 30
0.0
 11
2036.8030689407847
 21
14437.28043284524
 31
0.0
 13
2056.6841430700592
 23
14370.163051404466
 33
0.0
 12
2070.1278519931184
 22
14374.531177223991
 32
0.0
  0
SOLID
 62
256
  8
BASEMETAL
 10
2036.8030689407847
 20
14437.28043284524
 30
0.0
 11
2026.6890727711811
 21
14434.570395739343
 31
0.0
 13
2043.0302482410946
 23
14366.504501311507
 33
0.0
 12
2056.6841430700592
 22
14370.163051404466
 32
0.0
  0
SOLID
 62
256
  8
BASEMETAL
 10
2026.6890727711811
 20
14434.570395739343
 30
0.0
 11
2016.4471050984296
 21
14432.393398306089
 31
0.0
 13
2029.20359188288
 23
14363.565554776611
 33
0.0
 12
2043.0302482410946
 22
14366.504501311507
 32
0.0
  0
SOLID
 62
256
  8
BASEMETAL
 10
2016.4471050984296
 20
14432.393398306089
 30
0.0
 11
2006.1052384440104
 21
14430.755407544117
 31
0.0
 13
2015.242071899414
 23
14361.35426724795
 33
0.0
 12
2029.20359188288
 22
14363.565554776611
 32
0.0
  0
SOLID
 62
256
  8
BASEMETAL
 10
2006.1052384440104
 20
14430.755407544117
 30
0.0
 11
1995.691819145569
 21
14429.660913072254
 31
0.0
 13
2001.183955846518
 23
14359.876699710934
 33
0.0
 12
2015.242071899414
 22
14361.35426724795
 32
0.0
  0
SOLID
 62
256
  8
BASEMETAL
 10
1995.691819145569
 20
14429.660913072254
 30
0.0
 11
1985.2353896615746
 21
14429.112914823767
 31
0.0
 13
1987.0677760431258
 23
14359.13690207548
 33
0.0
 12
2001.183955846518
 22
14359.876699710934
 32
0.0
  0
SOLID
 62
256
  8
BASEMETAL
 10
1985.2353896615746
 20
14429.112914823767
 30
0.0
 11
1974.7646103384254
 21
14429.112914823767
 31
0.0
 13
1972.9322239568742
 23
14359.13690207548
 33
0.0
 12
1987.0677760431258
 22
14359.13690207548
 32
0.0
  0
SOLID
 62
256
  8
BASEMETAL
 10
1974.7646103384254
 20
14429.112914823767
 30
0.0
 11
1964.308180854431
 21
14429.660913072254
 31
0.0
 13
1958.816044153482
 23
14359.876699710934
 33
0.0
 12
1972.9322239568742
 22
14359.13690207548
 32
0.0
  0
SOLID
 62
256
  8
BASEMETAL
 10
1964.308180854431
 20
14429.660913072254
 30
0.0
 11
1953.8947615559896
 21
14430.755407544117
 31
0.0
 13
1944.757928100586
 23
14361.35426724795
 33
0.0
 12
1958.816044153482
 22
14359.876699710934
 32
0.0
  0
SOLID
 62
256
  8
BASEMETAL
 10
1953.8947615559896
 20
14430.755407544117
 30
0.0
 11
1943.5528949015707
 21
14432.393398306089
 31
0.0
 13
1930.79640811712
 23
14363.565554776611
 33
0.0
 12
1944.757928100586
 22
14361.35426724795
 32
0.0
  0
SOLID
 62
256
  8
BASEMETAL
 10
1943.5528949015707
 20
14432.393398306089
 30
0.0
 11
1933.3109272288189
 21
14434.570395739343
 31
0.0
 13
1916.9697517589057
 23
14366.504501311507
 33
0.0
 12
1930.79640811712
 22
14363.565554776611
 32
0.0
  0
SOLID
 62
256
  8
BASEMETAL
 10
1933.3109272288189
 20
14434.570395739343
 30
0.0
 11
1923.1969310592156
 21
14437.28043284524
 31
0.0
 13
1903.3158569299408
 23
14370.163051404466
 33
0.0
 12
1916.9697517589057
 22
14366.504501311507
 32
0.0
  0
SOLID
 62
256
  8
BASEMETAL
 10
1923.1969310592156
 20
14437.28043284524
 30
0.0
 11
1913.2386281532458
 21
14440.516081600443
 31
0.0
 13
1889.8721480068818
 23
14374.531177223991
 33
0.0
 12
1903.3158569299408
 22
14370.163051404466
 32
0.0
  0
SOLID
 62
256
  8
BASEMETAL
 10
1913.2386281532458
 20
14440.516081600443
 30
0.0
 11
1903.4633135269821
 21
14444.26847331662
 31
0.0
 13
1876.6754732614259
 23
14379.596906040832
 33
0.0
 12
1889.8721480068818
 22
14374.531177223991
 32
0.0
  0
SOLID
 62
256
  8
BASEMETAL
 10
1903.4633135269821
 20
14444.26847331662
 30
0.0
 11
1893.897780638341
 21
14448.527322948907
 31
0.0
 13
1863.7620038617604
 23
14385.346353044417
 33
0.0
 12
1876.6754732614259
 22
14379.596906040832
 32
0.0
  0
SOLID
 62
256
  8
BASEMETAL
 10
1893.897780638341
 20
14448.527322948907
 30
0.0
 11
1884.5682479480784
 21
14453.280957286486
 31
0.0
 13
1851.1671347299057
 23
14391.763759400148
 33
0.0
 12
1863.7620038617604
 22
14385.346353044417
 32
0.0
  0
SOLID
 62
256
  8
BASEMETAL
 10
1884.5682479480784
 20
14453.280957286486
 30
0.0
 11
1875.5002870568103
 21
14458.516346948061
 31
0.0
 13
1838.9253875266938
 23
14398.831535443274
 33
0.0
 12
1851.1671347299057
 22
14391.763759400148
 32
0.0
  0
SOLID
 62
256
  8
BASEMETAL
 10
1875.5002870568103
 20
14458.516346948061
 30
0.0
 11
1866.7187526150335
 21
14464.219142094476
 31
0.0
 13
1827.070316030295
 23
14406.530308890935
 33
0.0
 12
1838.9253875266938
 22
14398.831535443274
 32
0.0
  0
SOLID
 62
256
  8
BASEMETAL
 10
1866.7187526150335
 20
14464.219142094476
 30
0.0
 11
1858.2477141982558
 21
14470.373711760632
 31
0.0
 13
1815.6344141676454
 23
14414.838977940246
 33
0.0
 12
1827.070316030295
 22
14406.530308890935
 32
0.0
  0
SOLID
 62
256
  8
BASEMETAL
 10
1858.2477141982558
 20
14470.373711760632
 30
0.0
 11
1850.1103903339633
 21
14476.963186698873
 31
0.0
 13
1804.6490269508504
 23
14423.73476910687
 33
0.0
 12
1815.6344141676454
 22
14414.838977940246
 32
0.0
  0
SOLID
 62
256
  8
BASEMETAL
 10
1850.1103903339633
 20
14476.963186698873
 30
0.0
 11
1842.3290848612492
 21
14483.969505616422
 31
0.0
 13
1794.1442645626864
 23
14433.193299645562
 33
0.0
 12
1804.6490269508504
 22
14423.73476910687
 32
0.0
  0
SOLID
 62
256
  8
BASEMETAL
 10
1842.3290848612492
 20
14483.969505616422
 30
0.0
 11
1834.9251257975425
 21
14491.373464680128
 31
0.0
 13
1784.1489198266822
 23
14443.188644381566
 33
0.0
 12
1794.1442645626864
 22
14433.193299645562
 32
0.0
  0
SOLID
 62
256
  8
BASEMETAL
 10
1834.9251257975425
 20
14491.373464680128
 30
0.0
 11
1827.9188068799938
 21
14499.154770152842
 31
0.0
 13
1774.6903892879916
 23
14453.69340676973
 33
0.0
 12
1784.1489198266822
 22
14443.188644381566
 32
0.0
  0
SOLID
 62
256
  8
BASEMETAL
 10
1827.9188068799938
 20
14499.154770152842
 30
0.0
 11
1821.329331941753
 21
14507.292094017135
 31
0.0
 13
1765.7945981213666
 23
14464.678793986524
 33
0.0
 12
1774.6903892879916
 22
14453.69340676973
 32
0.0
  0
SOLID
 62
256
  8
BASEMETAL
 10
1821.329331941753
 20
14507.292094017135
 30
0.0
 11
1815.174762275597
 21
14515.763132433913
 31
0.0
 13
1757.4859290720558
 23
14476.114695849174
 33
0.0
 12
1765.7945981213666
 22
14464.678793986524
 32
0.0
  0
SOLID
 62
256
  8
BASEMETAL
 10
1815.174762275597
 20
14515.763132433913
 30
0.0
 11
1809.4719671291816
 21
14524.544666875689
 31
0.0
 13
1749.7871556243952
 23
14487.969767345572
 33
0.0
 12
1757.4859290720558
 22
14476.114695849174
 32
0.0
  0
SOLID
 62
256
  8
BASEMETAL
 10
1809.4719671291816
 20
14524.544666875689
 30
0.0
 11
1804.2365774676068
 21
14533.612627766957
 31
0.0
 13
1742.7193795812693
 23
14500.211514548784
 33
0.0
 12
1749.7871556243952
 22
14487.969767345572
 32
0.0
  0
SOLID
 62
256
  8
BASEMETAL
 10
1804.2365774676068
 20
14533.612627766957
 30
0.0
 11
1799.482943130028
 21
14542.94216045722
 31
0.0
 13
1736.3019732255375
 23
14512.80638368064
 33
0.0
 12
1742.7193795812693
 22
14500.211514548784
 32
0.0
  0
SOLID
 62
256
  8
BASEMETAL
 10
1799.482943130028
 20
14542.94216045722
 30
0.0
 11
1795.2240934977426
 21
14552.50769334586
 31
0.0
 13
1730.5525262219526
 23
14525.719853080305
 33
0.0
 12
1736.3019732255375
 22
14512.80638368064
 32
0.0
  0
SOLID
 62
256
  8
BASEMETAL
 10
1795.2240934977426
 20
14552.50769334586
 30
0.0
 11
1791.4717017815642
 21
14562.283007972124
 31
0.0
 13
1725.4867974051117
 23
14538.91652782576
 33
0.0
 12
1730.5525262219526
 22
14525.719853080305
 32
0.0
  0
SOLID
 62
256
  8
BASEMETAL
 10
1791.4717017815642
 20
14562.283007972124
 30
0.0
 11
1788.2360530263613
 21
14572.241310878095
 31
0.0
 13
1721.118671585588
 23
14552.36023674882
 33
0.0
 12
1725.4867974051117
 22
14538.91652782576
 32
0.0
  0
SOLID
 62
256
  8
BASEMETAL
 10
1788.2360530263613
 20
14572.241310878095
 30
0.0
 11
1785.5260159204647
 21
14582.355307047697
 31
0.0
 13
1717.4601214926274
 23
14566.014131577784
 33
0.0
 12
1721.118671585588
 22
14552.36023674882
 32
0.0
  0
SOLID
 62
256
  8
BASEMETAL
 10
1785.5260159204647
 20
14582.355307047697
 30
0.0
 11
1783.3490184872092
 21
14592.597274720449
 31
0.0
 13
1714.5211749577322
 23
14579.840787935998
 33
0.0
 12
1717.4601214926274
 22
14566.014131577784
 32
0.0
  0
SOLID
 62
256
  8
BASEMETAL
 10
1783.3490184872092
 20
14592.597274720449
 30
0.0
 11
1781.711027725238
 21
14602.939141374869
 31
0.0
 13
1712.3098874290713
 23
14593.802307919465
 33
0.0
 12
1714.5211749577322
 22
14579.840787935998
 32
0.0
  0
SOLID
 62
256
  8
BASEMETAL
 10
1781.711027725238
 20
14602.939141374869
 30
0.0
 11
1780.6165332533744
 21
14613.35256067331
 31
0.0
 13
1710.8323198920555
 23
14607.86042397236
 33
0.0
 12
1712.3098874290713
 22
14593.802307919465
 32
0.0
  0
SOLID
 62
256
  8
BASEMETAL
 10
1780.6165332533744
 20
14613.35256067331
 30
0.0
 11
1780.0685350048884
 21
14623.808990157304
 31
0.0
 13
1710.0925222565995
 23
14621.976603775753
 33
0.0
 12
1710.8323198920555
 22
14607.86042397236
 32
0.0
  0
SOLID
 62
256
  8
BASEMETAL
 10
1780.0685350048884
 20
14623.808990157304
 30
0.0
 11
1780.0
 21
14629.044379818879
 31
0.0
 13
1710.0
 23
14629.044379818879
 33
0.0
 12
1710.0925222565995
 22
14621.976603775753
 32
0.0
  0
POLYLINE
 62
256
  8
BASEMETAL
 66
1
 10
0.0
 20
0.0
 30
0.0
 70
1
  0
VERTEX
  8
BASEMETAL
 10
1780.0
 20
14629.044379818879
 30
0.0
  0
VERTEX
  8
BASEMETAL
 10
1779.9999999999995
 20
17265.0
 30
0.0
  0
VERTEX
  8
BASEMETAL
 10
1709.9999999999995
 20
17265.0
 30
0.0
  0
VERTEX
  8
BASEMETAL
 10
1710.0
 20
14629.044379818879
 30
0.0
  0
SEQEND
  0
SOLID
 62
256
  8
BASEMETAL
 10
1780.0
 20
14629.044379818879
 30
0.0
 11
1779.9999999999995
 21
17265.0
 31
0.0
 13
1709.9999999999995
 23
17265.0
 33
0.0
 12
1710.0
 22
14629.044379818879
 32
0.0
  0
POLYLINE
 62
256
  8
BASEMETAL
 66
1
 10
0.0
 20
0.0
 30
0.0
 70
1
  0
VERTEX
  8
BASEMETAL
 10
3415.0
 20
17500.0
 30
0.0
  0
VERTEX
  8
BASEMETAL
 10
3415.0
 20
15000.0
 30
0.0
  0
VERTEX
  8
BASEMETAL
 10
3485.0
 20
15000.0
 30
0.0
  0
VERTEX
  8
BASEMETAL
 10
3485.0
 20
17500.0
 30
0.0
  0
SEQEND
  0
SOLID
 62
256
  8
BASEMETAL
 10
3415.0
 20
17500.0
 30
0.0
 11
3415.0
 21
15000.0
 31
0.0
 13
3485.0
 23
15000.0
 33
0.0
 12
3485.0
 22
17500.0
 32
0.0
  0
POLYLINE
 62
256
  8
BASEMETAL
 66
1
 10
0.0
 20
0.0
 30
0.0
 70
1
  0
VERTEX
  8
BASEMETAL
 10
3415.0
 20
15000.0
 30
0.0
  0
VERTEX
  8
BASEMETAL
 10
3350.0
 20
14500.0
 30
0.0
  0
VERTEX
  8
BASEMETAL
 10
3550.0
 20
14500.0
 30
0.0
  0
VERTEX
  8
BASEMETAL
 10
3485.0
 20
15000.0
 30
0.0
  0
SEQEND
  0
SOLID
 62
256
  8
BASEMETAL
 10
3415.0
 20
15000.0
 30
0.0
 11
3350.0
 21
14500.0
 31
0.0
 13
3550.0
 23
14500.0
 33
0.0
 12
3485.0
 22
15000.0
 32
0.0
  0
POLYLINE
 62
256
  8
BASEMETAL
 66
1
 10
0.0
 20
0.0
 30
0.0
 70
1
  0
VERTEX
  8
BASEMETAL
 10
3350.0
 20
14500.0
 30
0.0
  0
VERTEX
  8
BASEMETAL
 10
3350.0
 20
13500.0
 30
0.0
  0
VERTEX
  8
BASEMETAL
 10
3550.0
 20
13500.0
 30
0.0
  0
VERTEX
  8
BASEMETAL
 10
3550.0
 20
14500.0
 30
0.0
  0
SEQEND
  0
SOLID
 62
256
  8
BASEMETAL
 10
3350.0
 20
14500.0
 30
0.0
 11
3350.0
 21
13500.0
 31
0.0
 13
3550.0
 23
13500.0
 33
0.0
 12
3550.0
 22
14500.0
 32
0.0
  0
POLYLINE
 62
256
  8
BASEMETAL
 66
1
 10
0.0
 20
0.0
 30
0.0
 70
1
  0
VERTEX
  8
BASEMETAL
 10
3350.0
 20
13500.0
 30
0.0
  0
VERTEX
  8
BASEMETAL
 10
3350.0000000000005
 20
7500.0
 30
0.0
  0
VERTEX
  8
BASEMETAL
 10
3550.0000000000005
 20
7500.0
 30
0.0
  0
VERTEX
  8
BASEMETAL
 10
3550.0
 20
13500.0
 30
0.0
  0
SEQEND
  0
SOLID
 62
256
  8
BASEMETAL
 10
3350.0
 20
13500.0
 30
0.0
 11
3350.0000000000005
 21
7500.0
 31
0.0
 13
3550.0000000000005
 23
7500.0
 33
0.0
 12
3550.0
 22
13500.0
 32
0.0
  0
ENDBLK
  0
ENDSEC
  0
SECTION
  2
ENTITIES
  0
VIEWPORT
  8
VIEWPORTS
 67
1
 10
0.0
 20
0.0
 30
0.0
 40
1.0
 41
1.0
 68
1
 69
1
1001
ACAD
1000
MVIEW
1002
{
1070
16
1010
0.0
1020
0.0
1030
0.0
1010
0.0
1020
0.0
1030
0.0
1040
0.0
1040
1.0
1040
0.0
1040
0.0
1040
50.0
1040
0.0
1040
0.0
1070
0
1070
100
1070
1
1070
3
1070
0
1070
0
1070
0
1070
0
1040
0.0
1040
0.0
1040
0.0
1040
0.1
1040
0.1
1040
0.1
1040
0.1
1070
0
1002
{
1002
}
1002
}
  0
INSERT
  8
BASEMETAL
  2
CHIP_BB
 10
-3450.0
 20
-20000.0
 30
0.0
  0
ENDSEC
  0
EOF
